filename;package;fullname;name;isClass;isInterface;isEnum;extends_TestCase;inTestCaseFolder;parentclass;#interfaces;isAbstractClass;method_type;method_name;method_isPublic;method_isProtected;method_isPrivate;method_isNoModifier;isOverridenMethod;isTestMethod;isHelperMethodInTestClass;#method_arguments;#method_exceptions_list;method_exceptions;#do_statements;#while_statements;#for_statements;#if_statements;#switch_statements;#empty_blocks;#assert_statements;#fail_statements;#throw;#try_blocks;#try_with_nested_try;#big_try_nested;#catches;catches_min;catches_max;catches_avg;#catches_return_statement;#catches_return_expression;#catches_return_null;#catches_empty;#catches_empty_withcomments;#catches_system_exit;#catches_system_ouputerrconsole;#catches_callprintstacktrace;#catches_with_decision_loop_structures;#catches_with_decision_structures;#catches_with_loop_structures;#catches_with_asserts;#catches_with_fail;#catches_with_nested_try;#catches_1_param;#catches_n_param;catch_exceptions;#catches_throws_new;#catches_throws_newSameDesc;#catches_throws_newDiffDesc;#catches_throws_same;#catches_throws_different;#finally;#finally_with_decision_loop_structures;#finally_with_decision_structures;#finally_with_loop_structures;#finally_with_asserts;#finally_with_fail;#finally_with_nestedtry;#finally_with_empty_blocks;#throw_inTry;#throw_inCatch;#throw_inFinally;member_signature;
\src\test\org\apache\commons\codec\language\MetaphoneTest.java;org.apache.commons.codec.language;org.apache.commons.codec.language.MetaphoneTest;MetaphoneTest;1;0;0;0;1;StringEncoderAbstractTest;0;0;Constructor;MetaphoneTest;1;0;0;0;0;0;0;1;0;;0;0;0;0;0;0;0;0;0;0;0;0;0;0;0;0.0;0;0;0;0;0;0;0;0;0;0;0;0;0;0;0;0;;0;0;0;0;0;0;0;0;0;0;0;0;0;0;0;0;org.apache.commons.codec.language.MetaphoneTest#public#MetaphoneTest(String);
\src\test\org\apache\commons\codec\language\MetaphoneTest.java;org.apache.commons.codec.language;org.apache.commons.codec.language.MetaphoneTest;MetaphoneTest;1;0;0;0;1;StringEncoderAbstractTest;0;0;Method;suite;1;0;0;0;0;0;1;0;0;;0;0;0;0;0;0;0;0;0;0;0;0;0;0;0;0.0;0;0;0;0;0;0;0;0;0;0;0;0;0;0;0;0;;0;0;0;0;0;0;0;0;0;0;0;0;0;0;0;0;org.apache.commons.codec.language.MetaphoneTest#public#suite();
\src\test\org\apache\commons\codec\language\MetaphoneTest.java;org.apache.commons.codec.language;org.apache.commons.codec.language.MetaphoneTest;MetaphoneTest;1;0;0;0;1;StringEncoderAbstractTest;0;0;Method;setUp;1;0;0;0;0;0;1;0;1;Exception:;0;0;0;0;0;0;0;0;0;0;0;0;0;0;0;0.0;0;0;0;0;0;0;0;0;0;0;0;0;0;0;0;0;;0;0;0;0;0;0;0;0;0;0;0;0;0;0;0;0;org.apache.commons.codec.language.MetaphoneTest#public#setUp()Exception;
\src\test\org\apache\commons\codec\language\MetaphoneTest.java;org.apache.commons.codec.language;org.apache.commons.codec.language.MetaphoneTest;MetaphoneTest;1;0;0;0;1;StringEncoderAbstractTest;0;0;Method;tearDown;1;0;0;0;0;0;1;0;1;Exception:;0;0;0;0;0;0;0;0;0;0;0;0;0;0;0;0.0;0;0;0;0;0;0;0;0;0;0;0;0;0;0;0;0;;0;0;0;0;0;0;0;0;0;0;0;0;0;0;0;0;org.apache.commons.codec.language.MetaphoneTest#public#tearDown()Exception;
\src\test\org\apache\commons\codec\language\MetaphoneTest.java;org.apache.commons.codec.language;org.apache.commons.codec.language.MetaphoneTest;MetaphoneTest;1;0;0;0;1;StringEncoderAbstractTest;0;0;Method;makeEncoder;1;0;0;0;0;0;1;0;0;;0;0;0;0;0;0;0;0;0;0;0;0;0;0;0;0.0;0;0;0;0;0;0;0;0;0;0;0;0;0;0;0;0;;0;0;0;0;0;0;0;0;0;0;0;0;0;0;0;0;org.apache.commons.codec.language.MetaphoneTest#public#makeEncoder();
\src\test\org\apache\commons\codec\language\MetaphoneTest.java;org.apache.commons.codec.language;org.apache.commons.codec.language.MetaphoneTest;MetaphoneTest;1;0;0;0;1;StringEncoderAbstractTest;0;0;Method;testMetaphone;1;0;0;0;0;1;0;0;0;;0;0;0;0;0;0;10;0;0;0;0;0;0;0;0;0.0;0;0;0;0;0;0;0;0;0;0;0;0;0;0;0;0;;0;0;0;0;0;0;0;0;0;0;0;0;0;0;0;0;org.apache.commons.codec.language.MetaphoneTest#public#testMetaphone();
\src\test\org\apache\commons\codec\language\MetaphoneTest.java;org.apache.commons.codec.language;org.apache.commons.codec.language.MetaphoneTest;MetaphoneTest;1;0;0;0;1;StringEncoderAbstractTest;0;0;Method;testIsMetaphoneEqual;1;0;0;0;0;1;0;0;0;;0;0;0;0;0;0;5;0;0;0;0;0;0;0;0;0.0;0;0;0;0;0;0;0;0;0;0;0;0;0;0;0;0;;0;0;0;0;0;0;0;0;0;0;0;0;0;0;0;0;org.apache.commons.codec.language.MetaphoneTest#public#testIsMetaphoneEqual();
\src\test\org\apache\commons\codec\language\SoundexTest.java;org.apache.commons.codec.language;org.apache.commons.codec.language.SoundexTest;SoundexTest;1;0;0;0;1;StringEncoderAbstractTest;0;0;Constructor;SoundexTest;1;0;0;0;0;0;0;1;0;;0;0;0;0;0;0;0;0;0;0;0;0;0;0;0;0.0;0;0;0;0;0;0;0;0;0;0;0;0;0;0;0;0;;0;0;0;0;0;0;0;0;0;0;0;0;0;0;0;0;org.apache.commons.codec.language.SoundexTest#public#SoundexTest(String);
\src\test\org\apache\commons\codec\language\SoundexTest.java;org.apache.commons.codec.language;org.apache.commons.codec.language.SoundexTest;SoundexTest;1;0;0;0;1;StringEncoderAbstractTest;0;0;Method;suite;1;0;0;0;0;0;1;0;0;;0;0;0;0;0;0;0;0;0;0;0;0;0;0;0;0.0;0;0;0;0;0;0;0;0;0;0;0;0;0;0;0;0;;0;0;0;0;0;0;0;0;0;0;0;0;0;0;0;0;org.apache.commons.codec.language.SoundexTest#public#suite();
\src\test\org\apache\commons\codec\language\SoundexTest.java;org.apache.commons.codec.language;org.apache.commons.codec.language.SoundexTest;SoundexTest;1;0;0;0;1;StringEncoderAbstractTest;0;0;Method;setUp;1;0;0;0;0;0;1;0;1;Exception:;0;0;0;0;0;0;0;0;0;0;0;0;0;0;0;0.0;0;0;0;0;0;0;0;0;0;0;0;0;0;0;0;0;;0;0;0;0;0;0;0;0;0;0;0;0;0;0;0;0;org.apache.commons.codec.language.SoundexTest#public#setUp()Exception;
\src\test\org\apache\commons\codec\language\SoundexTest.java;org.apache.commons.codec.language;org.apache.commons.codec.language.SoundexTest;SoundexTest;1;0;0;0;1;StringEncoderAbstractTest;0;0;Method;tearDown;1;0;0;0;0;0;1;0;1;Exception:;0;0;0;0;0;0;0;0;0;0;0;0;0;0;0;0.0;0;0;0;0;0;0;0;0;0;0;0;0;0;0;0;0;;0;0;0;0;0;0;0;0;0;0;0;0;0;0;0;0;org.apache.commons.codec.language.SoundexTest#public#tearDown()Exception;
\src\test\org\apache\commons\codec\language\SoundexTest.java;org.apache.commons.codec.language;org.apache.commons.codec.language.SoundexTest;SoundexTest;1;0;0;0;1;StringEncoderAbstractTest;0;0;Method;makeEncoder;1;0;0;0;0;0;1;0;0;;0;0;0;0;0;0;0;0;0;0;0;0;0;0;0;0.0;0;0;0;0;0;0;0;0;0;0;0;0;0;0;0;0;;0;0;0;0;0;0;0;0;0;0;0;0;0;0;0;0;org.apache.commons.codec.language.SoundexTest#public#makeEncoder();
\src\test\org\apache\commons\codec\language\SoundexTest.java;org.apache.commons.codec.language;org.apache.commons.codec.language.SoundexTest;SoundexTest;1;0;0;0;1;StringEncoderAbstractTest;0;0;Method;testEncode;1;0;0;0;0;1;0;0;1;Exception:;0;0;0;0;0;0;10;0;0;0;0;0;0;0;0;0.0;0;0;0;0;0;0;0;0;0;0;0;0;0;0;0;0;;0;0;0;0;0;0;0;0;0;0;0;0;0;0;0;0;org.apache.commons.codec.language.SoundexTest#public#testEncode()Exception;
\src\test\org\apache\commons\codec\language\SoundexTest.java;org.apache.commons.codec.language;org.apache.commons.codec.language.SoundexTest;SoundexTest;1;0;0;0;1;StringEncoderAbstractTest;0;0;Method;testMaxLength;1;0;0;0;0;1;0;0;1;Exception:;0;0;0;0;0;0;0;0;0;0;0;0;0;0;0;0.0;0;0;0;0;0;0;0;0;0;0;0;0;0;0;0;0;;0;0;0;0;0;0;0;0;0;0;0;0;0;0;0;0;org.apache.commons.codec.language.SoundexTest#public#testMaxLength()Exception;
\src\test\org\apache\commons\codec\language\RefinedSoundexTest.java;org.apache.commons.codec.language;org.apache.commons.codec.language.RefinedSoundexTest;RefinedSoundexTest;1;0;0;0;1;StringEncoderAbstractTest;0;0;Constructor;RefinedSoundexTest;1;0;0;0;0;0;0;1;0;;0;0;0;0;0;0;0;0;0;0;0;0;0;0;0;0.0;0;0;0;0;0;0;0;0;0;0;0;0;0;0;0;0;;0;0;0;0;0;0;0;0;0;0;0;0;0;0;0;0;org.apache.commons.codec.language.RefinedSoundexTest#public#RefinedSoundexTest(String);
\src\test\org\apache\commons\codec\language\RefinedSoundexTest.java;org.apache.commons.codec.language;org.apache.commons.codec.language.RefinedSoundexTest;RefinedSoundexTest;1;0;0;0;1;StringEncoderAbstractTest;0;0;Method;suite;1;0;0;0;0;0;1;0;0;;0;0;0;0;0;0;0;0;0;0;0;0;0;0;0;0.0;0;0;0;0;0;0;0;0;0;0;0;0;0;0;0;0;;0;0;0;0;0;0;0;0;0;0;0;0;0;0;0;0;org.apache.commons.codec.language.RefinedSoundexTest#public#suite();
\src\test\org\apache\commons\codec\language\RefinedSoundexTest.java;org.apache.commons.codec.language;org.apache.commons.codec.language.RefinedSoundexTest;RefinedSoundexTest;1;0;0;0;1;StringEncoderAbstractTest;0;0;Method;setUp;1;0;0;0;0;0;1;0;1;Exception:;0;0;0;0;0;0;0;0;0;0;0;0;0;0;0;0.0;0;0;0;0;0;0;0;0;0;0;0;0;0;0;0;0;;0;0;0;0;0;0;0;0;0;0;0;0;0;0;0;0;org.apache.commons.codec.language.RefinedSoundexTest#public#setUp()Exception;
\src\test\org\apache\commons\codec\language\RefinedSoundexTest.java;org.apache.commons.codec.language;org.apache.commons.codec.language.RefinedSoundexTest;RefinedSoundexTest;1;0;0;0;1;StringEncoderAbstractTest;0;0;Method;tearDown;1;0;0;0;0;0;1;0;1;Exception:;0;0;0;0;0;0;0;0;0;0;0;0;0;0;0;0.0;0;0;0;0;0;0;0;0;0;0;0;0;0;0;0;0;;0;0;0;0;0;0;0;0;0;0;0;0;0;0;0;0;org.apache.commons.codec.language.RefinedSoundexTest#public#tearDown()Exception;
\src\test\org\apache\commons\codec\language\RefinedSoundexTest.java;org.apache.commons.codec.language;org.apache.commons.codec.language.RefinedSoundexTest;RefinedSoundexTest;1;0;0;0;1;StringEncoderAbstractTest;0;0;Method;makeEncoder;1;0;0;0;0;0;1;0;0;;0;0;0;0;0;0;0;0;0;0;0;0;0;0;0;0.0;0;0;0;0;0;0;0;0;0;0;0;0;0;0;0;0;;0;0;0;0;0;0;0;0;0;0;0;0;0;0;0;0;org.apache.commons.codec.language.RefinedSoundexTest#public#makeEncoder();
\src\test\org\apache\commons\codec\language\RefinedSoundexTest.java;org.apache.commons.codec.language;org.apache.commons.codec.language.RefinedSoundexTest;RefinedSoundexTest;1;0;0;0;1;StringEncoderAbstractTest;0;0;Method;testEncode;1;0;0;0;0;1;0;0;1;Exception:;0;0;0;0;0;0;10;0;0;0;0;0;0;0;0;0.0;0;0;0;0;0;0;0;0;0;0;0;0;0;0;0;0;;0;0;0;0;0;0;0;0;0;0;0;0;0;0;0;0;org.apache.commons.codec.language.RefinedSoundexTest#public#testEncode()Exception;
\src\test\org\apache\commons\codec\BinaryEncoderAbstractTest.java;org.apache.commons.codec;org.apache.commons.codec.BinaryEncoderAbstractTest;BinaryEncoderAbstractTest;1;0;0;1;1;TestCase;0;1;Constructor;BinaryEncoderAbstractTest;1;0;0;0;0;0;0;1;0;;0;0;0;0;0;0;0;0;0;0;0;0;0;0;0;0.0;0;0;0;0;0;0;0;0;0;0;0;0;0;0;0;0;;0;0;0;0;0;0;0;0;0;0;0;0;0;0;0;0;org.apache.commons.codec.BinaryEncoderAbstractTest#public#BinaryEncoderAbstractTest(String);
\src\test\org\apache\commons\codec\BinaryEncoderAbstractTest.java;org.apache.commons.codec;org.apache.commons.codec.BinaryEncoderAbstractTest;BinaryEncoderAbstractTest;1;0;0;1;1;TestCase;0;1;Method;testEncodeEmpty;1;0;0;0;0;1;0;0;1;Exception:;0;0;0;0;0;0;0;0;0;0;0;0;0;0;0;0.0;0;0;0;0;0;0;0;0;0;0;0;0;0;0;0;0;;0;0;0;0;0;0;0;0;0;0;0;0;0;0;0;0;org.apache.commons.codec.BinaryEncoderAbstractTest#public#testEncodeEmpty()Exception;
\src\test\org\apache\commons\codec\BinaryEncoderAbstractTest.java;org.apache.commons.codec;org.apache.commons.codec.BinaryEncoderAbstractTest;BinaryEncoderAbstractTest;1;0;0;1;1;TestCase;0;1;Method;testEncodeNull;1;0;0;0;0;1;0;0;1;Exception:;0;0;0;0;0;0;0;0;0;1;0;0;1;1;1;1.0;0;0;0;1;1;0;0;0;0;0;0;0;0;0;1;0;EncoderException;0;0;0;0;0;0;0;0;0;0;0;0;0;0;0;0;org.apache.commons.codec.BinaryEncoderAbstractTest#public#testEncodeNull()Exception;
\src\test\org\apache\commons\codec\StringEncoderAbstractTest.java;org.apache.commons.codec;org.apache.commons.codec.StringEncoderAbstractTest;StringEncoderAbstractTest;1;0;0;1;1;TestCase;0;1;Constructor;StringEncoderAbstractTest;1;0;0;0;0;0;0;1;0;;0;0;0;0;0;0;0;0;0;0;0;0;0;0;0;0.0;0;0;0;0;0;0;0;0;0;0;0;0;0;0;0;0;;0;0;0;0;0;0;0;0;0;0;0;0;0;0;0;0;org.apache.commons.codec.StringEncoderAbstractTest#public#StringEncoderAbstractTest(String);
\src\test\org\apache\commons\codec\StringEncoderAbstractTest.java;org.apache.commons.codec;org.apache.commons.codec.StringEncoderAbstractTest;StringEncoderAbstractTest;1;0;0;1;1;TestCase;0;1;Method;testEncodeEmpty;1;0;0;0;0;1;0;0;1;Exception:;0;0;0;0;0;0;0;0;0;0;0;0;0;0;0;0.0;0;0;0;0;0;0;0;0;0;0;0;0;0;0;0;0;;0;0;0;0;0;0;0;0;0;0;0;0;0;0;0;0;org.apache.commons.codec.StringEncoderAbstractTest#public#testEncodeEmpty()Exception;
\src\test\org\apache\commons\codec\StringEncoderAbstractTest.java;org.apache.commons.codec;org.apache.commons.codec.StringEncoderAbstractTest;StringEncoderAbstractTest;1;0;0;1;1;TestCase;0;1;Method;testEncodeNull;1;0;0;0;0;1;0;0;1;Exception:;0;0;0;0;0;0;0;0;0;1;0;0;1;1;1;1.0;0;0;0;1;1;0;0;0;0;0;0;0;0;0;1;0;EncoderException;0;0;0;0;0;0;0;0;0;0;0;0;0;0;0;0;org.apache.commons.codec.StringEncoderAbstractTest#public#testEncodeNull()Exception;
\src\test\org\apache\commons\codec\StringEncoderAbstractTest.java;org.apache.commons.codec;org.apache.commons.codec.StringEncoderAbstractTest;StringEncoderAbstractTest;1;0;0;1;1;TestCase;0;1;Method;testEncodeWithInvalidObject;1;0;0;0;0;1;0;0;1;Exception:;0;0;0;0;0;0;1;0;0;1;0;0;1;1;1;1.0;0;0;0;0;0;0;0;0;0;0;0;0;0;0;1;0;Exception;0;0;0;0;0;0;0;0;0;0;0;0;0;0;0;0;org.apache.commons.codec.StringEncoderAbstractTest#public#testEncodeWithInvalidObject()Exception;
\src\test\org\apache\commons\codec\StringEncoderComparatorTest.java;org.apache.commons.codec;org.apache.commons.codec.StringEncoderComparatorTest;StringEncoderComparatorTest;1;0;0;1;1;TestCase;0;0;Constructor;StringEncoderComparatorTest;1;0;0;0;0;0;0;1;0;;0;0;0;0;0;0;0;0;0;0;0;0;0;0;0;0.0;0;0;0;0;0;0;0;0;0;0;0;0;0;0;0;0;;0;0;0;0;0;0;0;0;0;0;0;0;0;0;0;0;org.apache.commons.codec.StringEncoderComparatorTest#public#StringEncoderComparatorTest(String);
\src\test\org\apache\commons\codec\StringEncoderComparatorTest.java;org.apache.commons.codec;org.apache.commons.codec.StringEncoderComparatorTest;StringEncoderComparatorTest;1;0;0;1;1;TestCase;0;0;Method;testComparatorNoArgCon;1;0;0;0;0;1;0;0;1;Exception:;0;0;0;0;0;0;0;0;0;0;0;0;0;0;0;0.0;0;0;0;0;0;0;0;0;0;0;0;0;0;0;0;0;;0;0;0;0;0;0;0;0;0;0;0;0;0;0;0;0;org.apache.commons.codec.StringEncoderComparatorTest#public#testComparatorNoArgCon()Exception;
\src\test\org\apache\commons\codec\StringEncoderComparatorTest.java;org.apache.commons.codec;org.apache.commons.codec.StringEncoderComparatorTest;StringEncoderComparatorTest;1;0;0;1;1;TestCase;0;0;Method;testComparatorWithSoundex;1;0;0;0;0;1;0;0;1;Exception:;0;0;0;0;0;0;1;0;0;0;0;0;0;0;0;0.0;0;0;0;0;0;0;0;0;0;0;0;0;0;0;0;0;;0;0;0;0;0;0;0;0;0;0;0;0;0;0;0;0;org.apache.commons.codec.StringEncoderComparatorTest#public#testComparatorWithSoundex()Exception;
\src\java\org\apache\commons\codec\DecoderException.java;org.apache.commons.codec;org.apache.commons.codec.DecoderException;DecoderException;1;0;0;0;0;Exception;0;0;Constructor;DecoderException;1;0;0;0;0;0;0;1;0;;0;0;0;0;0;0;0;0;0;0;0;0;0;0;0;0.0;0;0;0;0;0;0;0;0;0;0;0;0;0;0;0;0;;0;0;0;0;0;0;0;0;0;0;0;0;0;0;0;0;org.apache.commons.codec.DecoderException#public#DecoderException(String);
\src\java\org\apache\commons\codec\binary\Base64.java;org.apache.commons.codec.binary;org.apache.commons.codec.binary.Base64;Base64;1;0;0;0;0;null;2;0;Method;isBase64;1;0;0;0;0;0;0;1;0;;0;0;0;2;0;0;0;0;0;0;0;0;0;0;0;0.0;0;0;0;0;0;0;0;0;0;0;0;0;0;0;0;0;;0;0;0;0;0;0;0;0;0;0;0;0;0;0;0;0;org.apache.commons.codec.binary.Base64#public#isBase64(byte);
\src\java\org\apache\commons\codec\binary\Base64.java;org.apache.commons.codec.binary;org.apache.commons.codec.binary.Base64;Base64;1;0;0;0;0;null;2;0;Method;isArrayByteBase64;1;0;0;0;0;0;0;1;0;;0;0;1;2;0;0;0;0;0;0;0;0;0;0;0;0.0;0;0;0;0;0;0;0;0;0;0;0;0;0;0;0;0;;0;0;0;0;0;0;0;0;0;0;0;0;0;0;0;0;org.apache.commons.codec.binary.Base64#public#isArrayByteBase64(byte[]);
\src\java\org\apache\commons\codec\binary\Base64.java;org.apache.commons.codec.binary;org.apache.commons.codec.binary.Base64;Base64;1;0;0;0;0;null;2;0;Method;encodeBase64;1;0;0;0;0;0;0;1;0;;0;0;0;0;0;0;0;0;0;0;0;0;0;0;0;0.0;0;0;0;0;0;0;0;0;0;0;0;0;0;0;0;0;;0;0;0;0;0;0;0;0;0;0;0;0;0;0;0;0;org.apache.commons.codec.binary.Base64#public#encodeBase64(byte[]);
\src\java\org\apache\commons\codec\binary\Base64.java;org.apache.commons.codec.binary;org.apache.commons.codec.binary.Base64;Base64;1;0;0;0;0;null;2;0;Method;encodeBase64Chunked;1;0;0;0;0;0;0;1;0;;0;0;0;0;0;0;0;0;0;0;0;0;0;0;0;0.0;0;0;0;0;0;0;0;0;0;0;0;0;0;0;0;0;;0;0;0;0;0;0;0;0;0;0;0;0;0;0;0;0;org.apache.commons.codec.binary.Base64#public#encodeBase64Chunked(byte[]);
\src\java\org\apache\commons\codec\binary\Base64.java;org.apache.commons.codec.binary;org.apache.commons.codec.binary.Base64;Base64;1;0;0;0;0;null;2;0;Method;decode;1;0;0;0;0;0;0;1;1;org.apache.commons.codec.DecoderException:;0;0;0;1;0;0;0;0;1;0;0;0;0;0;0;0.0;0;0;0;0;0;0;0;0;0;0;0;0;0;0;0;0;;0;0;0;0;0;0;0;0;0;0;0;0;0;0;0;0;org.apache.commons.codec.binary.Base64#public#decode(Object)DecoderException;
\src\java\org\apache\commons\codec\binary\Base64.java;org.apache.commons.codec.binary;org.apache.commons.codec.binary.Base64;Base64;1;0;0;0;0;null;2;0;Method;decode;1;0;0;0;0;0;0;1;1;org.apache.commons.codec.DecoderException:;0;0;0;1;0;0;0;0;1;0;0;0;0;0;0;0.0;0;0;0;0;0;0;0;0;0;0;0;0;0;0;0;0;;0;0;0;0;0;0;0;0;0;0;0;0;0;0;0;0;org.apache.commons.codec.binary.Base64#public#decode(byte[])DecoderException;
\src\java\org\apache\commons\codec\binary\Base64.java;org.apache.commons.codec.binary;org.apache.commons.codec.binary.Base64;Base64;1;0;0;0;0;null;2;0;Method;encodeBase64;1;0;0;0;0;0;0;2;0;;0;0;1;8;0;0;0;0;0;0;0;0;0;0;0;0.0;0;0;0;0;0;0;0;0;0;0;0;0;0;0;0;0;;0;0;0;0;0;0;0;0;0;0;0;0;0;0;0;0;org.apache.commons.codec.binary.Base64#public#encodeBase64(byte[]#boolean);
\src\java\org\apache\commons\codec\binary\Base64.java;org.apache.commons.codec.binary;org.apache.commons.codec.binary.Base64;Base64;1;0;0;0;0;null;2;0;Method;decodeBase64;1;0;0;0;0;0;0;1;0;;0;1;1;5;0;0;0;0;0;0;0;0;0;0;0;0.0;0;0;0;0;0;0;0;0;0;0;0;0;0;0;0;0;;0;0;0;0;0;0;0;0;0;0;0;0;0;0;0;0;org.apache.commons.codec.binary.Base64#public#decodeBase64(byte[]);
\src\java\org\apache\commons\codec\binary\Base64.java;org.apache.commons.codec.binary;org.apache.commons.codec.binary.Base64;Base64;1;0;0;0;0;null;2;0;Method;encode;1;0;0;0;0;0;0;1;1;org.apache.commons.codec.EncoderException:;0;0;0;1;0;0;0;0;1;0;0;0;0;0;0;0.0;0;0;0;0;0;0;0;0;0;0;0;0;0;0;0;0;;0;0;0;0;0;0;0;0;0;0;0;0;0;0;0;0;org.apache.commons.codec.binary.Base64#public#encode(Object)EncoderException;
\src\java\org\apache\commons\codec\binary\Base64.java;org.apache.commons.codec.binary;org.apache.commons.codec.binary.Base64;Base64;1;0;0;0;0;null;2;0;Method;encode;1;0;0;0;0;0;0;1;1;org.apache.commons.codec.EncoderException:;0;0;0;0;0;0;0;0;0;0;0;0;0;0;0;0.0;0;0;0;0;0;0;0;0;0;0;0;0;0;0;0;0;;0;0;0;0;0;0;0;0;0;0;0;0;0;0;0;0;org.apache.commons.codec.binary.Base64#public#encode(byte[])EncoderException;
\src\java\org\apache\commons\codec\binary\Base64.java;org.apache.commons.codec.binary;org.apache.commons.codec.binary.Base64;Base64;1;0;0;0;0;null;2;0;Method;discardWhitespace;0;0;0;1;0;0;0;1;0;;0;0;1;0;1;0;0;0;0;0;0;0;0;0;0;0.0;0;0;0;0;0;0;0;0;0;0;0;0;0;0;0;0;;0;0;0;0;0;0;0;0;0;0;0;0;0;0;0;0;org.apache.commons.codec.binary.Base64##discardWhitespace(byte[]);
\src\java\org\apache\commons\codec\language\Metaphone.java;org.apache.commons.codec.language;org.apache.commons.codec.language.Metaphone;Metaphone;1;0;0;0;0;null;1;0;Constructor;Metaphone;1;0;0;0;0;0;0;0;0;;0;0;0;0;0;0;0;0;0;0;0;0;0;0;0;0.0;0;0;0;0;0;0;0;0;0;0;0;0;0;0;0;0;;0;0;0;0;0;0;0;0;0;0;0;0;0;0;0;0;org.apache.commons.codec.language.Metaphone#public#Metaphone();
\src\java\org\apache\commons\codec\language\Metaphone.java;org.apache.commons.codec.language;org.apache.commons.codec.language.Metaphone;Metaphone;1;0;0;0;0;null;1;0;Method;metaphone;1;0;0;0;0;0;0;1;0;;0;1;0;33;2;0;0;0;0;0;0;0;0;0;0;0.0;0;0;0;0;0;0;0;0;0;0;0;0;0;0;0;0;;0;0;0;0;0;0;0;0;0;0;0;0;0;0;0;0;org.apache.commons.codec.language.Metaphone#public#metaphone(String);
\src\java\org\apache\commons\codec\language\Metaphone.java;org.apache.commons.codec.language;org.apache.commons.codec.language.Metaphone;Metaphone;1;0;0;0;0;null;1;0;Method;encode;1;0;0;0;0;0;0;1;1;org.apache.commons.codec.EncoderException:;0;0;0;1;0;0;0;0;1;0;0;0;0;0;0;0.0;0;0;0;0;0;0;0;0;0;0;0;0;0;0;0;0;;0;0;0;0;0;0;0;0;0;0;0;0;0;0;0;0;org.apache.commons.codec.language.Metaphone#public#encode(Object)EncoderException;
\src\java\org\apache\commons\codec\language\Metaphone.java;org.apache.commons.codec.language;org.apache.commons.codec.language.Metaphone;Metaphone;1;0;0;0;0;null;1;0;Method;encode;1;0;0;0;0;0;0;1;1;org.apache.commons.codec.EncoderException:;0;0;0;0;0;0;0;0;0;0;0;0;0;0;0;0.0;0;0;0;0;0;0;0;0;0;0;0;0;0;0;0;0;;0;0;0;0;0;0;0;0;0;0;0;0;0;0;0;0;org.apache.commons.codec.language.Metaphone#public#encode(String)EncoderException;
\src\java\org\apache\commons\codec\language\Metaphone.java;org.apache.commons.codec.language;org.apache.commons.codec.language.Metaphone;Metaphone;1;0;0;0;0;null;1;0;Method;isMetaphoneEqual;1;0;0;0;0;0;0;2;0;;0;0;0;0;0;0;0;0;0;0;0;0;0;0;0;0.0;0;0;0;0;0;0;0;0;0;0;0;0;0;0;0;0;;0;0;0;0;0;0;0;0;0;0;0;0;0;0;0;0;org.apache.commons.codec.language.Metaphone#public#isMetaphoneEqual(String#String);
\src\java\org\apache\commons\codec\language\Metaphone.java;org.apache.commons.codec.language;org.apache.commons.codec.language.Metaphone;Metaphone;1;0;0;0;0;null;1;0;Method;getMaxCodeLen;1;0;0;0;0;0;0;0;0;;0;0;0;0;0;0;0;0;0;0;0;0;0;0;0;0.0;0;0;0;0;0;0;0;0;0;0;0;0;0;0;0;0;;0;0;0;0;0;0;0;0;0;0;0;0;0;0;0;0;org.apache.commons.codec.language.Metaphone#public#getMaxCodeLen();
\src\java\org\apache\commons\codec\language\Metaphone.java;org.apache.commons.codec.language;org.apache.commons.codec.language.Metaphone;Metaphone;1;0;0;0;0;null;1;0;Method;setMaxCodeLen;1;0;0;0;0;0;0;1;0;;0;0;0;0;0;0;0;0;0;0;0;0;0;0;0;0.0;0;0;0;0;0;0;0;0;0;0;0;0;0;0;0;0;;0;0;0;0;0;0;0;0;0;0;0;0;0;0;0;0;org.apache.commons.codec.language.Metaphone#public#setMaxCodeLen(int);
\src\java\org\apache\commons\codec\StringEncoderComparator.java;org.apache.commons.codec;org.apache.commons.codec.StringEncoderComparator;StringEncoderComparator;1;0;0;0;0;null;1;0;Constructor;StringEncoderComparator;1;0;0;0;0;0;0;0;0;;0;0;0;0;0;0;0;0;0;0;0;0;0;0;0;0.0;0;0;0;0;0;0;0;0;0;0;0;0;0;0;0;0;;0;0;0;0;0;0;0;0;0;0;0;0;0;0;0;0;org.apache.commons.codec.StringEncoderComparator#public#StringEncoderComparator();
\src\java\org\apache\commons\codec\StringEncoderComparator.java;org.apache.commons.codec;org.apache.commons.codec.StringEncoderComparator;StringEncoderComparator;1;0;0;0;0;null;1;0;Constructor;StringEncoderComparator;1;0;0;0;0;0;0;1;0;;0;0;0;0;0;0;0;0;0;0;0;0;0;0;0;0.0;0;0;0;0;0;0;0;0;0;0;0;0;0;0;0;0;;0;0;0;0;0;0;0;0;0;0;0;0;0;0;0;0;org.apache.commons.codec.StringEncoderComparator#public#StringEncoderComparator(StringEncoder);
\src\java\org\apache\commons\codec\StringEncoderComparator.java;org.apache.commons.codec;org.apache.commons.codec.StringEncoderComparator;StringEncoderComparator;1;0;0;0;0;null;1;0;Method;compare;1;0;0;0;0;0;0;2;0;;0;0;0;0;0;0;0;0;0;1;0;0;1;1;1;1.0;0;0;0;0;0;0;0;0;0;0;0;0;0;0;1;0;EncoderException;0;0;0;0;0;0;0;0;0;0;0;0;0;0;0;0;org.apache.commons.codec.StringEncoderComparator#public#compare(Object#Object);
\src\java\org\apache\commons\codec\binary\Hex.java;org.apache.commons.codec.binary;org.apache.commons.codec.binary.Hex;Hex;1;0;0;0;0;null;0;0;Method;encodeHex;1;0;0;0;0;0;0;1;0;;0;0;1;0;0;0;0;0;0;0;0;0;0;0;0;0.0;0;0;0;0;0;0;0;0;0;0;0;0;0;0;0;0;;0;0;0;0;0;0;0;0;0;0;0;0;0;0;0;0;org.apache.commons.codec.binary.Hex#public#encodeHex(byte[]);
\src\java\org\apache\commons\codec\binary\Hex.java;org.apache.commons.codec.binary;org.apache.commons.codec.binary.Hex;Hex;1;0;0;0;0;null;0;0;Method;decodeHex;1;0;0;0;0;0;0;1;1;Exception:;0;0;1;1;0;0;0;0;1;0;0;0;0;0;0;0.0;0;0;0;0;0;0;0;0;0;0;0;0;0;0;0;0;;0;0;0;0;0;0;0;0;0;0;0;0;0;0;0;0;org.apache.commons.codec.binary.Hex#public#decodeHex(char[])Exception;
\src\test\org\apache\commons\codec\binary\HexTest.java;org.apache.commons.codec.binary;org.apache.commons.codec.binary.HexTest;HexTest;1;0;0;1;1;TestCase;0;0;Constructor;HexTest;1;0;0;0;0;0;0;1;0;;0;0;0;0;0;0;0;0;0;0;0;0;0;0;0;0.0;0;0;0;0;0;0;0;0;0;0;0;0;0;0;0;0;;0;0;0;0;0;0;0;0;0;0;0;0;0;0;0;0;org.apache.commons.codec.binary.HexTest#public#HexTest(String);
\src\test\org\apache\commons\codec\binary\HexTest.java;org.apache.commons.codec.binary;org.apache.commons.codec.binary.HexTest;HexTest;1;0;0;1;1;TestCase;0;0;Method;testEncodeEmpty;1;0;0;0;0;1;0;0;1;Exception:;0;0;0;0;0;0;1;0;0;0;0;0;0;0;0;0.0;0;0;0;0;0;0;0;0;0;0;0;0;0;0;0;0;;0;0;0;0;0;0;0;0;0;0;0;0;0;0;0;0;org.apache.commons.codec.binary.HexTest#public#testEncodeEmpty()Exception;
\src\test\org\apache\commons\codec\binary\HexTest.java;org.apache.commons.codec.binary;org.apache.commons.codec.binary.HexTest;HexTest;1;0;0;1;1;TestCase;0;0;Method;testEncodeZeroes;1;0;0;0;0;1;0;0;1;Exception:;0;0;0;0;0;0;1;0;0;0;0;0;0;0;0;0.0;0;0;0;0;0;0;0;0;0;0;0;0;0;0;0;0;;0;0;0;0;0;0;0;0;0;0;0;0;0;0;0;0;org.apache.commons.codec.binary.HexTest#public#testEncodeZeroes()Exception;
\src\test\org\apache\commons\codec\binary\HexTest.java;org.apache.commons.codec.binary;org.apache.commons.codec.binary.HexTest;HexTest;1;0;0;1;1;TestCase;0;0;Method;testHelloWorld;1;0;0;0;0;1;0;0;1;Exception:;0;0;0;0;0;0;1;0;0;0;0;0;0;0;0;0.0;0;0;0;0;0;0;0;0;0;0;0;0;0;0;0;0;;0;0;0;0;0;0;0;0;0;0;0;0;0;0;0;0;org.apache.commons.codec.binary.HexTest#public#testHelloWorld()Exception;
\src\test\org\apache\commons\codec\binary\HexTest.java;org.apache.commons.codec.binary;org.apache.commons.codec.binary.HexTest;HexTest;1;0;0;1;1;TestCase;0;0;Method;testEncodeDecodeRandom;1;0;0;0;0;1;0;0;1;Exception:;0;0;1;0;0;0;1;0;0;0;0;0;0;0;0;0.0;0;0;0;0;0;0;0;0;0;0;0;0;0;0;0;0;;0;0;0;0;0;0;0;0;0;0;0;0;0;0;0;0;org.apache.commons.codec.binary.HexTest#public#testEncodeDecodeRandom()Exception;
\src\test\org\apache\commons\codec\binary\HexTest.java;org.apache.commons.codec.binary;org.apache.commons.codec.binary.HexTest;HexTest;1;0;0;1;1;TestCase;0;0;Method;testOddCharacters;1;0;0;0;0;1;0;0;1;Exception:;0;0;0;0;0;0;1;0;0;1;0;0;1;1;1;1.0;0;0;0;0;0;0;0;0;0;0;0;0;0;0;1;0;Exception;0;0;0;0;0;0;0;0;0;0;0;0;0;0;0;0;org.apache.commons.codec.binary.HexTest#public#testOddCharacters()Exception;
\src\java\org\apache\commons\codec\EncoderException.java;org.apache.commons.codec;org.apache.commons.codec.EncoderException;EncoderException;1;0;0;0;0;Exception;0;0;Constructor;EncoderException;1;0;0;0;0;0;0;1;0;;0;0;0;0;0;0;0;0;0;0;0;0;0;0;0;0.0;0;0;0;0;0;0;0;0;0;0;0;0;0;0;0;0;;0;0;0;0;0;0;0;0;0;0;0;0;0;0;0;0;org.apache.commons.codec.EncoderException#public#EncoderException(String);
\src\java\org\apache\commons\codec\base64\Base64.java;org.apache.commons.codec.base64;org.apache.commons.codec.base64.Base64;Base64;1;0;0;0;0;null;0;0;Method;isBase64;1;0;0;0;0;0;0;1;0;;0;0;0;0;0;0;0;0;0;0;0;0;0;0;0;0.0;0;0;0;0;0;0;0;0;0;0;0;0;0;0;0;0;;0;0;0;0;0;0;0;0;0;0;0;0;0;0;0;0;org.apache.commons.codec.base64.Base64#public#isBase64(String);
\src\java\org\apache\commons\codec\base64\Base64.java;org.apache.commons.codec.base64;org.apache.commons.codec.base64.Base64;Base64;1;0;0;0;0;null;0;0;Method;isBase64;1;0;0;0;0;0;0;1;0;;0;0;0;0;0;0;0;0;0;0;0;0;0;0;0;0.0;0;0;0;0;0;0;0;0;0;0;0;0;0;0;0;0;;0;0;0;0;0;0;0;0;0;0;0;0;0;0;0;0;org.apache.commons.codec.base64.Base64#public#isBase64(byte);
\src\java\org\apache\commons\codec\base64\Base64.java;org.apache.commons.codec.base64;org.apache.commons.codec.base64.Base64;Base64;1;0;0;0;0;null;0;0;Method;isBase64;1;0;0;0;0;0;0;1;0;;0;0;1;2;0;0;0;0;0;0;0;0;0;0;0;0.0;0;0;0;0;0;0;0;0;0;0;0;0;0;0;0;0;;0;0;0;0;0;0;0;0;0;0;0;0;0;0;0;0;org.apache.commons.codec.base64.Base64#public#isBase64(byte[]);
\src\java\org\apache\commons\codec\base64\Base64.java;org.apache.commons.codec.base64;org.apache.commons.codec.base64.Base64;Base64;1;0;0;0;0;null;0;0;Method;encode;1;0;0;0;0;0;0;1;0;;0;0;1;4;0;0;0;0;0;0;0;0;0;0;0;0.0;0;0;0;0;0;0;0;0;0;0;0;0;0;0;0;0;;0;0;0;0;0;0;0;0;0;0;0;0;0;0;0;0;org.apache.commons.codec.base64.Base64#public#encode(byte[]);
\src\java\org\apache\commons\codec\base64\Base64.java;org.apache.commons.codec.base64;org.apache.commons.codec.base64.Base64;Base64;1;0;0;0;0;null;0;0;Method;encode;1;0;0;0;0;0;0;1;0;;0;0;0;0;0;0;0;0;1;1;0;0;1;1;1;1.0;0;0;0;0;0;0;0;0;0;0;0;0;0;0;1;0;java.io.UnsupportedEncodingException;1;1;0;0;0;0;0;0;0;0;0;0;0;0;2;0;org.apache.commons.codec.base64.Base64#public#encode(String);
\src\java\org\apache\commons\codec\base64\Base64.java;org.apache.commons.codec.base64;org.apache.commons.codec.base64.Base64;Base64;1;0;0;0;0;null;0;0;Method;encode;1;0;0;0;0;0;0;2;1;java.io.UnsupportedEncodingException:;0;0;0;3;0;0;0;0;2;2;0;0;2;1;1;1.0;0;0;0;0;0;0;0;0;0;0;0;0;0;0;2;0;java.io.IOException;2;2;0;0;0;0;0;0;0;0;0;0;0;0;4;0;org.apache.commons.codec.base64.Base64#public#encode(String#String)UnsupportedEncodingException;
\src\java\org\apache\commons\codec\base64\Base64.java;org.apache.commons.codec.base64;org.apache.commons.codec.base64.Base64;Base64;1;0;0;0;0;null;0;0;Method;decode;1;0;0;0;0;0;0;1;0;;0;1;1;5;0;0;0;0;0;0;0;0;0;0;0;0.0;0;0;0;0;0;0;0;0;0;0;0;0;0;0;0;0;;0;0;0;0;0;0;0;0;0;0;0;0;0;0;0;0;org.apache.commons.codec.base64.Base64#public#decode(byte[]);
\src\java\org\apache\commons\codec\language\RefinedSoundex.java;org.apache.commons.codec.language;org.apache.commons.codec.language.RefinedSoundex;RefinedSoundex;1;0;0;0;0;null;1;0;Constructor;RefinedSoundex;1;0;0;0;0;0;0;0;0;;0;0;0;0;0;0;0;0;0;0;0;0;0;0;0;0.0;0;0;0;0;0;0;0;0;0;0;0;0;0;0;0;0;;0;0;0;0;0;0;0;0;0;0;0;0;0;0;0;0;org.apache.commons.codec.language.RefinedSoundex#public#RefinedSoundex();
\src\java\org\apache\commons\codec\language\RefinedSoundex.java;org.apache.commons.codec.language;org.apache.commons.codec.language.RefinedSoundex;RefinedSoundex;1;0;0;0;0;null;1;0;Constructor;RefinedSoundex;1;0;0;0;0;0;0;1;0;;0;0;0;0;0;0;0;0;0;0;0;0;0;0;0;0.0;0;0;0;0;0;0;0;0;0;0;0;0;0;0;0;0;;0;0;0;0;0;0;0;0;0;0;0;0;0;0;0;0;org.apache.commons.codec.language.RefinedSoundex#public#RefinedSoundex(char[]);
\src\java\org\apache\commons\codec\language\RefinedSoundex.java;org.apache.commons.codec.language;org.apache.commons.codec.language.RefinedSoundex;RefinedSoundex;1;0;0;0;0;null;1;0;Method;soundex;1;0;0;0;0;0;0;1;0;;0;0;1;3;0;0;0;0;0;0;0;0;0;0;0;0.0;0;0;0;0;0;0;0;0;0;0;0;0;0;0;0;0;;0;0;0;0;0;0;0;0;0;0;0;0;0;0;0;0;org.apache.commons.codec.language.RefinedSoundex#public#soundex(String);
\src\java\org\apache\commons\codec\language\RefinedSoundex.java;org.apache.commons.codec.language;org.apache.commons.codec.language.RefinedSoundex;RefinedSoundex;1;0;0;0;0;null;1;0;Method;encode;1;0;0;0;0;0;0;1;1;org.apache.commons.codec.EncoderException:;0;0;0;0;0;0;0;0;0;0;0;0;0;0;0;0.0;0;0;0;0;0;0;0;0;0;0;0;0;0;0;0;0;;0;0;0;0;0;0;0;0;0;0;0;0;0;0;0;0;org.apache.commons.codec.language.RefinedSoundex#public#encode(String)EncoderException;
\src\java\org\apache\commons\codec\language\RefinedSoundex.java;org.apache.commons.codec.language;org.apache.commons.codec.language.RefinedSoundex;RefinedSoundex;1;0;0;0;0;null;1;0;Method;encode;1;0;0;0;0;0;0;1;1;org.apache.commons.codec.EncoderException:;0;0;0;1;0;0;0;0;1;0;0;0;0;0;0;0.0;0;0;0;0;0;0;0;0;0;0;0;0;0;0;0;0;;0;0;0;0;0;0;0;0;0;0;0;0;0;0;0;0;org.apache.commons.codec.language.RefinedSoundex#public#encode(Object)EncoderException;
\src\java\org\apache\commons\codec\language\RefinedSoundex.java;org.apache.commons.codec.language;org.apache.commons.codec.language.RefinedSoundex;RefinedSoundex;1;0;0;0;0;null;1;0;Method;getMappingCode;1;0;0;0;0;0;0;1;0;;0;0;0;1;0;0;0;0;0;0;0;0;0;0;0;0.0;0;0;0;0;0;0;0;0;0;0;0;0;0;0;0;0;;0;0;0;0;0;0;0;0;0;0;0;0;0;0;0;0;org.apache.commons.codec.language.RefinedSoundex#public#getMappingCode(char);
\src\test\org\apache\commons\codec\binary\Base64Test.java;org.apache.commons.codec.binary;org.apache.commons.codec.binary.Base64Test;Base64Test;1;0;0;1;1;TestCase;0;0;Constructor;Base64Test;1;0;0;0;0;0;0;1;0;;0;0;0;0;0;0;0;0;0;0;0;0;0;0;0;0.0;0;0;0;0;0;0;0;0;0;0;0;0;0;0;0;0;;0;0;0;0;0;0;0;0;0;0;0;0;0;0;0;0;org.apache.commons.codec.binary.Base64Test#public#Base64Test(String);
\src\test\org\apache\commons\codec\binary\Base64Test.java;org.apache.commons.codec.binary;org.apache.commons.codec.binary.Base64Test;Base64Test;1;0;0;1;1;TestCase;0;0;Method;testBase64;1;0;0;0;0;1;0;0;0;;0;0;0;0;0;0;1;0;0;0;0;0;0;0;0;0.0;0;0;0;0;0;0;0;0;0;0;0;0;0;0;0;0;;0;0;0;0;0;0;0;0;0;0;0;0;0;0;0;0;org.apache.commons.codec.binary.Base64Test#public#testBase64();
\src\test\org\apache\commons\codec\binary\Base64Test.java;org.apache.commons.codec.binary;org.apache.commons.codec.binary.Base64Test;Base64Test;1;0;0;1;1;TestCase;0;0;Method;testEncodeDecodeSmall;1;0;0;0;0;1;0;0;0;;0;0;1;0;0;0;2;0;0;0;0;0;0;0;0;0.0;0;0;0;0;0;0;0;0;0;0;0;0;0;0;0;0;;0;0;0;0;0;0;0;0;0;0;0;0;0;0;0;0;org.apache.commons.codec.binary.Base64Test#public#testEncodeDecodeSmall();
\src\test\org\apache\commons\codec\binary\Base64Test.java;org.apache.commons.codec.binary;org.apache.commons.codec.binary.Base64Test;Base64Test;1;0;0;1;1;TestCase;0;0;Method;testEncodeDecodeRandom;1;0;0;0;0;1;0;0;0;;0;0;1;0;0;0;2;0;0;0;0;0;0;0;0;0.0;0;0;0;0;0;0;0;0;0;0;0;0;0;0;0;0;;0;0;0;0;0;0;0;0;0;0;0;0;0;0;0;0;org.apache.commons.codec.binary.Base64Test#public#testEncodeDecodeRandom();
\src\test\org\apache\commons\codec\binary\Base64Test.java;org.apache.commons.codec.binary;org.apache.commons.codec.binary.Base64Test;Base64Test;1;0;0;1;1;TestCase;0;0;Method;testSingletons;1;0;0;0;0;1;0;0;0;;0;0;0;0;0;0;105;0;0;0;0;0;0;0;0;0.0;0;0;0;0;0;0;0;0;0;0;0;0;0;0;0;0;;0;0;0;0;0;0;0;0;0;0;0;0;0;0;0;0;org.apache.commons.codec.binary.Base64Test#public#testSingletons();
\src\test\org\apache\commons\codec\binary\Base64Test.java;org.apache.commons.codec.binary;org.apache.commons.codec.binary.Base64Test;Base64Test;1;0;0;1;1;TestCase;0;0;Method;testTriplets;1;0;0;0;0;1;0;0;0;;0;0;0;0;0;0;64;0;0;0;0;0;0;0;0;0.0;0;0;0;0;0;0;0;0;0;0;0;0;0;0;0;0;;0;0;0;0;0;0;0;0;0;0;0;0;0;0;0;0;org.apache.commons.codec.binary.Base64Test#public#testTriplets();
\src\test\org\apache\commons\codec\binary\Base64Test.java;org.apache.commons.codec.binary;org.apache.commons.codec.binary.Base64Test;Base64Test;1;0;0;1;1;TestCase;0;0;Method;testKnownEncodings;1;0;0;0;0;1;0;0;0;;0;0;0;0;0;0;7;0;0;0;0;0;0;0;0;0.0;0;0;0;0;0;0;0;0;0;0;0;0;0;0;0;0;;0;0;0;0;0;0;0;0;0;0;0;0;0;0;0;0;org.apache.commons.codec.binary.Base64Test#public#testKnownEncodings();
\src\test\org\apache\commons\codec\binary\Base64Test.java;org.apache.commons.codec.binary;org.apache.commons.codec.binary.Base64Test;Base64Test;1;0;0;1;1;TestCase;0;0;Method;testKnownDecodings;1;0;0;0;0;1;0;0;0;;0;0;0;0;0;0;6;0;0;0;0;0;0;0;0;0.0;0;0;0;0;0;0;0;0;0;0;0;0;0;0;0;0;;0;0;0;0;0;0;0;0;0;0;0;0;0;0;0;0;org.apache.commons.codec.binary.Base64Test#public#testKnownDecodings();
\src\test\org\apache\commons\codec\binary\Base64Test.java;org.apache.commons.codec.binary;org.apache.commons.codec.binary.Base64Test;Base64Test;1;0;0;1;1;TestCase;0;0;Method;testNonBase64;1;0;0;0;0;1;0;0;1;Exception:;0;0;0;0;0;0;2;0;0;1;0;0;1;1;1;1.0;0;0;0;0;0;0;0;0;0;0;0;0;0;0;1;0;Exception;0;0;0;0;0;0;0;0;0;0;0;0;0;0;0;0;org.apache.commons.codec.binary.Base64Test#public#testNonBase64()Exception;
\src\test\org\apache\commons\codec\binary\Base64Test.java;org.apache.commons.codec.binary;org.apache.commons.codec.binary.Base64Test;Base64Test;1;0;0;1;1;TestCase;0;0;Method;testObjectDecodeWithInvalidParameter;1;0;0;0;0;1;0;0;1;Exception:;0;0;0;0;0;0;1;0;0;1;0;0;1;1;1;1.0;0;0;0;0;0;0;0;0;0;0;0;0;0;0;1;0;Exception;0;0;0;0;0;0;0;0;0;0;0;0;0;0;0;0;org.apache.commons.codec.binary.Base64Test#public#testObjectDecodeWithInvalidParameter()Exception;
\src\test\org\apache\commons\codec\binary\Base64Test.java;org.apache.commons.codec.binary;org.apache.commons.codec.binary.Base64Test;Base64Test;1;0;0;1;1;TestCase;0;0;Method;testObjectDecodeWithValidParameter;1;0;0;0;0;1;0;0;1;Exception:;0;0;0;0;0;0;1;0;0;0;0;0;0;0;0;0.0;0;0;0;0;0;0;0;0;0;0;0;0;0;0;0;0;;0;0;0;0;0;0;0;0;0;0;0;0;0;0;0;0;org.apache.commons.codec.binary.Base64Test#public#testObjectDecodeWithValidParameter()Exception;
\src\test\org\apache\commons\codec\binary\Base64Test.java;org.apache.commons.codec.binary;org.apache.commons.codec.binary.Base64Test;Base64Test;1;0;0;1;1;TestCase;0;0;Method;testObjectEncodeWithInvalidParameter;1;0;0;0;0;1;0;0;1;Exception:;0;0;0;0;0;0;1;0;0;1;0;0;1;1;1;1.0;0;0;0;0;0;0;0;0;0;0;0;0;0;0;1;0;Exception;0;0;0;0;0;0;0;0;0;0;0;0;0;0;0;0;org.apache.commons.codec.binary.Base64Test#public#testObjectEncodeWithInvalidParameter()Exception;
\src\test\org\apache\commons\codec\binary\Base64Test.java;org.apache.commons.codec.binary;org.apache.commons.codec.binary.Base64Test;Base64Test;1;0;0;1;1;TestCase;0;0;Method;testObjectEncodeWithValidParameter;1;0;0;0;0;1;0;0;1;Exception:;0;0;0;0;0;0;1;0;0;0;0;0;0;0;0;0.0;0;0;0;0;0;0;0;0;0;0;0;0;0;0;0;0;;0;0;0;0;0;0;0;0;0;0;0;0;0;0;0;0;org.apache.commons.codec.binary.Base64Test#public#testObjectEncodeWithValidParameter()Exception;
\src\test\org\apache\commons\codec\binary\Base64Test.java;org.apache.commons.codec.binary;org.apache.commons.codec.binary.Base64Test;Base64Test;1;0;0;1;1;TestCase;0;0;Method;testDiscardingOfWhiteSpace;1;0;0;0;0;1;0;0;1;Exception:;0;0;0;0;0;0;1;0;0;0;0;0;0;0;0;0.0;0;0;0;0;0;0;0;0;0;0;0;0;0;0;0;0;;0;0;0;0;0;0;0;0;0;0;0;0;0;0;0;0;org.apache.commons.codec.binary.Base64Test#public#testDiscardingOfWhiteSpace()Exception;
\src\test\org\apache\commons\codec\binary\Base64Test.java;org.apache.commons.codec.binary;org.apache.commons.codec.binary.Base64Test;Base64Test;1;0;0;1;1;TestCase;0;0;Method;toString;1;0;0;0;0;0;1;1;0;;0;0;1;1;0;0;0;0;0;0;0;0;0;0;0;0.0;0;0;0;0;0;0;0;0;0;0;0;0;0;0;0;0;;0;0;0;0;0;0;0;0;0;0;0;0;0;0;0;0;org.apache.commons.codec.binary.Base64Test#public#toString(byte[]);
\src\test\org\apache\commons\codec\base64\Base64Test.java;org.apache.commons.codec.base64;org.apache.commons.codec.base64.Base64Test;Base64Test;1;0;0;1;1;TestCase;0;0;Constructor;Base64Test;1;0;0;0;0;0;0;1;0;;0;0;0;0;0;0;0;0;0;0;0;0;0;0;0;0.0;0;0;0;0;0;0;0;0;0;0;0;0;0;0;0;0;;0;0;0;0;0;0;0;0;0;0;0;0;0;0;0;0;org.apache.commons.codec.base64.Base64Test#public#Base64Test(String);
\src\test\org\apache\commons\codec\base64\Base64Test.java;org.apache.commons.codec.base64;org.apache.commons.codec.base64.Base64Test;Base64Test;1;0;0;1;1;TestCase;0;0;Method;setUp;1;0;0;0;0;0;1;0;0;;0;0;0;0;0;0;0;0;0;0;0;0;0;0;0;0.0;0;0;0;0;0;0;0;0;0;0;0;0;0;0;0;0;;0;0;0;0;0;0;0;0;0;0;0;0;0;0;0;0;org.apache.commons.codec.base64.Base64Test#public#setUp();
\src\test\org\apache\commons\codec\base64\Base64Test.java;org.apache.commons.codec.base64;org.apache.commons.codec.base64.Base64Test;Base64Test;1;0;0;1;1;TestCase;0;0;Method;suite;1;0;0;0;0;0;1;0;0;;0;0;0;0;0;0;0;0;0;0;0;0;0;0;0;0.0;0;0;0;0;0;0;0;0;0;0;0;0;0;0;0;0;;0;0;0;0;0;0;0;0;0;0;0;0;0;0;0;0;org.apache.commons.codec.base64.Base64Test#public#suite();
\src\test\org\apache\commons\codec\base64\Base64Test.java;org.apache.commons.codec.base64;org.apache.commons.codec.base64.Base64Test;Base64Test;1;0;0;1;1;TestCase;0;0;Method;tearDown;1;0;0;0;0;0;1;0;0;;0;0;0;0;0;0;0;0;0;0;0;0;0;0;0;0.0;0;0;0;0;0;0;0;0;0;0;0;0;0;0;0;0;;0;0;0;0;0;0;0;0;0;0;0;0;0;0;0;0;org.apache.commons.codec.base64.Base64Test#public#tearDown();
\src\test\org\apache\commons\codec\base64\Base64Test.java;org.apache.commons.codec.base64;org.apache.commons.codec.base64.Base64Test;Base64Test;1;0;0;1;1;TestCase;0;0;Method;testBase64;1;0;0;0;0;1;0;0;0;;0;0;0;0;0;0;1;0;0;0;0;0;0;0;0;0.0;0;0;0;0;0;0;0;0;0;0;0;0;0;0;0;0;;0;0;0;0;0;0;0;0;0;0;0;0;0;0;0;0;org.apache.commons.codec.base64.Base64Test#public#testBase64();
\src\test\org\apache\commons\codec\base64\Base64Test.java;org.apache.commons.codec.base64;org.apache.commons.codec.base64.Base64Test;Base64Test;1;0;0;1;1;TestCase;0;0;Method;testEncodeDecodeSmall;1;0;0;0;0;1;0;0;0;;0;0;1;0;0;0;2;0;0;0;0;0;0;0;0;0.0;0;0;0;0;0;0;0;0;0;0;0;0;0;0;0;0;;0;0;0;0;0;0;0;0;0;0;0;0;0;0;0;0;org.apache.commons.codec.base64.Base64Test#public#testEncodeDecodeSmall();
\src\test\org\apache\commons\codec\base64\Base64Test.java;org.apache.commons.codec.base64;org.apache.commons.codec.base64.Base64Test;Base64Test;1;0;0;1;1;TestCase;0;0;Method;testEncodeDecodeRandom;1;0;0;0;0;1;0;0;0;;0;0;1;0;0;0;2;0;0;0;0;0;0;0;0;0.0;0;0;0;0;0;0;0;0;0;0;0;0;0;0;0;0;;0;0;0;0;0;0;0;0;0;0;0;0;0;0;0;0;org.apache.commons.codec.base64.Base64Test#public#testEncodeDecodeRandom();
\src\test\org\apache\commons\codec\base64\Base64Test.java;org.apache.commons.codec.base64;org.apache.commons.codec.base64.Base64Test;Base64Test;1;0;0;1;1;TestCase;0;0;Method;testSingletons;1;0;0;0;0;1;0;0;0;;0;0;0;0;0;0;105;0;0;0;0;0;0;0;0;0.0;0;0;0;0;0;0;0;0;0;0;0;0;0;0;0;0;;0;0;0;0;0;0;0;0;0;0;0;0;0;0;0;0;org.apache.commons.codec.base64.Base64Test#public#testSingletons();
\src\test\org\apache\commons\codec\base64\Base64Test.java;org.apache.commons.codec.base64;org.apache.commons.codec.base64.Base64Test;Base64Test;1;0;0;1;1;TestCase;0;0;Method;testTriplets;1;0;0;0;0;1;0;0;0;;0;0;0;0;0;0;64;0;0;0;0;0;0;0;0;0.0;0;0;0;0;0;0;0;0;0;0;0;0;0;0;0;0;;0;0;0;0;0;0;0;0;0;0;0;0;0;0;0;0;org.apache.commons.codec.base64.Base64Test#public#testTriplets();
\src\test\org\apache\commons\codec\base64\Base64Test.java;org.apache.commons.codec.base64;org.apache.commons.codec.base64.Base64Test;Base64Test;1;0;0;1;1;TestCase;0;0;Method;testKnownEncodings;1;0;0;0;0;1;0;0;0;;0;0;0;0;0;0;6;0;0;0;0;0;0;0;0;0.0;0;0;0;0;0;0;0;0;0;0;0;0;0;0;0;0;;0;0;0;0;0;0;0;0;0;0;0;0;0;0;0;0;org.apache.commons.codec.base64.Base64Test#public#testKnownEncodings();
\src\test\org\apache\commons\codec\base64\Base64Test.java;org.apache.commons.codec.base64;org.apache.commons.codec.base64.Base64Test;Base64Test;1;0;0;1;1;TestCase;0;0;Method;testKnownDecodings;1;0;0;0;0;1;0;0;0;;0;0;0;0;0;0;6;0;0;0;0;0;0;0;0;0.0;0;0;0;0;0;0;0;0;0;0;0;0;0;0;0;0;;0;0;0;0;0;0;0;0;0;0;0;0;0;0;0;0;org.apache.commons.codec.base64.Base64Test#public#testKnownDecodings();
\src\test\org\apache\commons\codec\base64\Base64Test.java;org.apache.commons.codec.base64;org.apache.commons.codec.base64.Base64Test;Base64Test;1;0;0;1;1;TestCase;0;0;Method;toString;1;0;0;0;0;0;1;1;0;;0;0;1;1;0;0;0;0;0;0;0;0;0;0;0;0.0;0;0;0;0;0;0;0;0;0;0;0;0;0;0;0;0;;0;0;0;0;0;0;0;0;0;0;0;0;0;0;0;0;org.apache.commons.codec.base64.Base64Test#public#toString(byte[]);
\src\java\org\apache\commons\codec\language\Soundex.java;org.apache.commons.codec.language;org.apache.commons.codec.language.Soundex;Soundex;1;0;0;0;0;null;1;0;Constructor;Soundex;1;0;0;0;0;0;0;0;0;;0;0;0;0;0;0;0;0;0;0;0;0;0;0;0;0.0;0;0;0;0;0;0;0;0;0;0;0;0;0;0;0;0;;0;0;0;0;0;0;0;0;0;0;0;0;0;0;0;0;org.apache.commons.codec.language.Soundex#public#Soundex();
\src\java\org\apache\commons\codec\language\Soundex.java;org.apache.commons.codec.language;org.apache.commons.codec.language.Soundex;Soundex;1;0;0;0;0;null;1;0;Constructor;Soundex;1;0;0;0;0;0;0;1;0;;0;0;0;0;0;0;0;0;0;0;0;0;0;0;0;0.0;0;0;0;0;0;0;0;0;0;0;0;0;0;0;0;0;;0;0;0;0;0;0;0;0;0;0;0;0;0;0;0;0;org.apache.commons.codec.language.Soundex#public#Soundex(char[]);
\src\java\org\apache\commons\codec\language\Soundex.java;org.apache.commons.codec.language;org.apache.commons.codec.language.Soundex;Soundex;1;0;0;0;0;null;1;0;Method;soundex;1;0;0;0;0;0;0;1;0;;0;1;0;2;0;0;0;0;0;0;0;0;0;0;0;0.0;0;0;0;0;0;0;0;0;0;0;0;0;0;0;0;0;;0;0;0;0;0;0;0;0;0;0;0;0;0;0;0;0;org.apache.commons.codec.language.Soundex#public#soundex(String);
\src\java\org\apache\commons\codec\language\Soundex.java;org.apache.commons.codec.language;org.apache.commons.codec.language.Soundex;Soundex;1;0;0;0;0;null;1;0;Method;encode;1;0;0;0;0;0;0;1;1;org.apache.commons.codec.EncoderException:;0;0;0;1;0;0;0;0;1;0;0;0;0;0;0;0.0;0;0;0;0;0;0;0;0;0;0;0;0;0;0;0;0;;0;0;0;0;0;0;0;0;0;0;0;0;0;0;0;0;org.apache.commons.codec.language.Soundex#public#encode(Object)EncoderException;
\src\java\org\apache\commons\codec\language\Soundex.java;org.apache.commons.codec.language;org.apache.commons.codec.language.Soundex;Soundex;1;0;0;0;0;null;1;0;Method;encode;1;0;0;0;0;0;0;1;1;org.apache.commons.codec.EncoderException:;0;0;0;0;0;0;0;0;0;0;0;0;0;0;0;0.0;0;0;0;0;0;0;0;0;0;0;0;0;0;0;0;0;;0;0;0;0;0;0;0;0;0;0;0;0;0;0;0;0;org.apache.commons.codec.language.Soundex#public#encode(String)EncoderException;
\src\java\org\apache\commons\codec\language\Soundex.java;org.apache.commons.codec.language;org.apache.commons.codec.language.Soundex;Soundex;1;0;0;0;0;null;1;0;Method;getMappingCode;1;0;0;0;0;0;0;1;0;;0;0;0;1;0;0;0;0;0;0;0;0;0;0;0;0.0;0;0;0;0;0;0;0;0;0;0;0;0;0;0;0;0;;0;0;0;0;0;0;0;0;0;0;0;0;0;0;0;0;org.apache.commons.codec.language.Soundex#public#getMappingCode(char);
\src\java\org\apache\commons\codec\language\Soundex.java;org.apache.commons.codec.language;org.apache.commons.codec.language.Soundex;Soundex;1;0;0;0;0;null;1;0;Method;getMaxLength;1;0;0;0;0;0;0;0;0;;0;0;0;0;0;0;0;0;0;0;0;0;0;0;0;0.0;0;0;0;0;0;0;0;0;0;0;0;0;0;0;0;0;;0;0;0;0;0;0;0;0;0;0;0;0;0;0;0;0;org.apache.commons.codec.language.Soundex#public#getMaxLength();
\src\java\org\apache\commons\codec\language\Soundex.java;org.apache.commons.codec.language;org.apache.commons.codec.language.Soundex;Soundex;1;0;0;0;0;null;1;0;Method;setMaxLength;1;0;0;0;0;0;0;1;0;;0;0;0;0;0;0;0;0;0;0;0;0;0;0;0;0.0;0;0;0;0;0;0;0;0;0;0;0;0;0;0;0;0;;0;0;0;0;0;0;0;0;0;0;0;0;0;0;0;0;org.apache.commons.codec.language.Soundex#public#setMaxLength(int);
