filename;package;fullname;name;isClass;isInterface;isEnum;extends_TestCase;inTestCaseFolder;parentclass;#interfaces;isAbstractClass;method_type;method_name;method_isPublic;method_isProtected;method_isPrivate;method_isNoModifier;isOverridenMethod;isTestMethod;isHelperMethodInTestClass;#method_arguments;#method_exceptions_list;method_exceptions;#do_statements;#while_statements;#for_statements;#if_statements;#switch_statements;#empty_blocks;#assert_statements;#fail_statements;#throw;#try_blocks;#try_with_nested_try;#big_try_nested;#catches;catches_min;catches_max;catches_avg;#catches_return_statement;#catches_return_expression;#catches_return_null;#catches_empty;#catches_empty_withcomments;#catches_system_exit;#catches_system_ouputerrconsole;#catches_callprintstacktrace;#catches_with_decision_loop_structures;#catches_with_decision_structures;#catches_with_loop_structures;#catches_with_asserts;#catches_with_fail;#catches_with_nested_try;#catches_1_param;#catches_n_param;catch_exceptions;#catches_throws_new;#catches_throws_newSameDesc;#catches_throws_newDiffDesc;#catches_throws_same;#catches_throws_different;#finally;#finally_with_decision_loop_structures;#finally_with_decision_structures;#finally_with_loop_structures;#finally_with_asserts;#finally_with_fail;#finally_with_nestedtry;#finally_with_empty_blocks;#throw_inTry;#throw_inCatch;#throw_inFinally;member_signature;
\src\java\org\apache\commons\cli\MissingOptionException.java;org.apache.commons.cli;org.apache.commons.cli.MissingOptionException;MissingOptionException;1;0;0;0;0;ParseException;0;0;Constructor;MissingOptionException;1;0;0;0;0;0;0;1;0;;0;0;0;0;0;0;0;0;0;0;0;0;0;0;0;0.0;0;0;0;0;0;0;0;0;0;0;0;0;0;0;0;0;;0;0;0;0;0;0;0;0;0;0;0;0;0;0;0;0;org.apache.commons.cli.MissingOptionException#public#MissingOptionException(String);
\src\java\org\apache\commons\cli\Parser.java;org.apache.commons.cli;org.apache.commons.cli.Parser;Parser;1;0;0;0;0;null;1;1;Method;parse;1;0;0;0;0;0;0;2;1;ParseException:;0;0;0;0;0;0;0;0;0;0;0;0;0;0;0;0.0;0;0;0;0;0;0;0;0;0;0;0;0;0;0;0;0;;0;0;0;0;0;0;0;0;0;0;0;0;0;0;0;0;org.apache.commons.cli.Parser#public#parse(Options#String[])ParseException;
\src\java\org\apache\commons\cli\Parser.java;org.apache.commons.cli;org.apache.commons.cli.Parser;Parser;1;0;0;0;0;null;1;1;Method;parse;1;0;0;0;0;0;0;3;1;ParseException:;0;2;0;8;0;0;0;0;0;0;0;0;0;0;0;0.0;0;0;0;0;0;0;0;0;0;0;0;0;0;0;0;0;;0;0;0;0;0;0;0;0;0;0;0;0;0;0;0;0;org.apache.commons.cli.Parser#public#parse(Options#String[]#boolean)ParseException;
\src\java\org\apache\commons\cli\Parser.java;org.apache.commons.cli;org.apache.commons.cli.Parser;Parser;1;0;0;0;0;null;1;1;Method;checkRequiredOptions;1;0;0;0;0;0;0;0;1;MissingOptionException:;0;1;0;1;0;0;0;0;1;0;0;0;0;0;0;0.0;0;0;0;0;0;0;0;0;0;0;0;0;0;0;0;0;;0;0;0;0;0;0;0;0;0;0;0;0;0;0;0;0;org.apache.commons.cli.Parser#public#checkRequiredOptions()MissingOptionException;
\src\java\org\apache\commons\cli\Parser.java;org.apache.commons.cli;org.apache.commons.cli.Parser;Parser;1;0;0;0;0;null;1;1;Method;processArgs;1;0;0;0;0;0;0;2;1;ParseException:;0;1;0;3;0;0;0;0;1;0;0;0;0;0;0;0.0;0;0;0;0;0;0;0;0;0;0;0;0;0;0;0;0;;0;0;0;0;0;0;0;0;0;0;0;0;0;0;0;0;org.apache.commons.cli.Parser#public#processArgs(Option#ListIterator)ParseException;
\src\java\org\apache\commons\cli\Parser.java;org.apache.commons.cli;org.apache.commons.cli.Parser;Parser;1;0;0;0;0;null;1;1;Method;processOption;1;0;0;0;0;0;0;2;1;ParseException:;0;0;0;5;0;0;0;0;1;0;0;0;0;0;0;0.0;0;0;0;0;0;0;0;0;0;0;0;0;0;0;0;0;;0;0;0;0;0;0;0;0;0;0;0;0;0;0;0;0;org.apache.commons.cli.Parser#public#processOption(String#ListIterator)ParseException;
\src\java\org\apache\commons\cli\HelpFormatter.java;org.apache.commons.cli;org.apache.commons.cli.HelpFormatter;HelpFormatter;1;0;0;0;0;null;0;0;Constructor;HelpFormatter;1;0;0;0;0;0;0;0;0;;0;0;0;0;0;0;0;0;0;0;0;0;0;0;0;0.0;0;0;0;0;0;0;0;0;0;0;0;0;0;0;0;0;;0;0;0;0;0;0;0;0;0;0;0;0;0;0;0;0;org.apache.commons.cli.HelpFormatter#public#HelpFormatter();
\src\java\org\apache\commons\cli\HelpFormatter.java;org.apache.commons.cli;org.apache.commons.cli.HelpFormatter;HelpFormatter;1;0;0;0;0;null;0;0;Method;printHelp;1;0;0;0;0;0;0;2;0;;0;0;0;0;0;0;0;0;0;0;0;0;0;0;0;0.0;0;0;0;0;0;0;0;0;0;0;0;0;0;0;0;0;;0;0;0;0;0;0;0;0;0;0;0;0;0;0;0;0;org.apache.commons.cli.HelpFormatter#public#printHelp(String#Options);
\src\java\org\apache\commons\cli\HelpFormatter.java;org.apache.commons.cli;org.apache.commons.cli.HelpFormatter;HelpFormatter;1;0;0;0;0;null;0;0;Method;printHelp;1;0;0;0;0;0;0;3;0;;0;0;0;0;0;0;0;0;0;0;0;0;0;0;0;0.0;0;0;0;0;0;0;0;0;0;0;0;0;0;0;0;0;;0;0;0;0;0;0;0;0;0;0;0;0;0;0;0;0;org.apache.commons.cli.HelpFormatter#public#printHelp(String#Options#boolean);
\src\java\org\apache\commons\cli\HelpFormatter.java;org.apache.commons.cli;org.apache.commons.cli.HelpFormatter;HelpFormatter;1;0;0;0;0;null;0;0;Method;printHelp;1;0;0;0;0;0;0;4;0;;0;0;0;0;0;0;0;0;0;0;0;0;0;0;0;0.0;0;0;0;0;0;0;0;0;0;0;0;0;0;0;0;0;;0;0;0;0;0;0;0;0;0;0;0;0;0;0;0;0;org.apache.commons.cli.HelpFormatter#public#printHelp(String#String#Options#String);
\src\java\org\apache\commons\cli\HelpFormatter.java;org.apache.commons.cli;org.apache.commons.cli.HelpFormatter;HelpFormatter;1;0;0;0;0;null;0;0;Method;printHelp;1;0;0;0;0;0;0;5;0;;0;0;0;0;0;0;0;0;0;0;0;0;0;0;0;0.0;0;0;0;0;0;0;0;0;0;0;0;0;0;0;0;0;;0;0;0;0;0;0;0;0;0;0;0;0;0;0;0;0;org.apache.commons.cli.HelpFormatter#public#printHelp(String#String#Options#String#boolean);
\src\java\org\apache\commons\cli\HelpFormatter.java;org.apache.commons.cli;org.apache.commons.cli.HelpFormatter;HelpFormatter;1;0;0;0;0;null;0;0;Method;printHelp;1;0;0;0;0;0;0;5;0;;0;0;0;0;0;0;0;0;0;0;0;0;0;0;0;0.0;0;0;0;0;0;0;0;0;0;0;0;0;0;0;0;0;;0;0;0;0;0;0;0;0;0;0;0;0;0;0;0;0;org.apache.commons.cli.HelpFormatter#public#printHelp(int#String#String#Options#String);
\src\java\org\apache\commons\cli\HelpFormatter.java;org.apache.commons.cli;org.apache.commons.cli.HelpFormatter;HelpFormatter;1;0;0;0;0;null;0;0;Method;printHelp;1;0;0;0;0;0;0;6;0;;0;0;0;0;0;0;0;0;0;0;0;0;0;0;0;0.0;0;0;0;0;0;0;0;0;0;0;0;0;0;0;0;0;;0;0;0;0;0;0;0;0;0;0;0;0;0;0;0;0;org.apache.commons.cli.HelpFormatter#public#printHelp(int#String#String#Options#String#boolean);
\src\java\org\apache\commons\cli\HelpFormatter.java;org.apache.commons.cli;org.apache.commons.cli.HelpFormatter;HelpFormatter;1;0;0;0;0;null;0;0;Method;printHelp;1;0;0;0;0;0;0;8;1;IllegalArgumentException:;0;0;0;0;0;0;0;0;0;0;0;0;0;0;0;0.0;0;0;0;0;0;0;0;0;0;0;0;0;0;0;0;0;;0;0;0;0;0;0;0;0;0;0;0;0;0;0;0;0;org.apache.commons.cli.HelpFormatter#public#printHelp(PrintWriter#int#String#String#Options#int#int#String)IllegalArgumentException;
\src\java\org\apache\commons\cli\HelpFormatter.java;org.apache.commons.cli;org.apache.commons.cli.HelpFormatter;HelpFormatter;1;0;0;0;0;null;0;0;Method;printHelp;1;0;0;0;0;0;0;9;1;IllegalArgumentException:;0;0;0;4;0;0;0;0;1;0;0;0;0;0;0;0.0;0;0;0;0;0;0;0;0;0;0;0;0;0;0;0;0;;0;0;0;0;0;0;0;0;0;0;0;0;0;0;0;0;org.apache.commons.cli.HelpFormatter#public#printHelp(PrintWriter#int#String#String#Options#int#int#String#boolean)IllegalArgumentException;
\src\java\org\apache\commons\cli\HelpFormatter.java;org.apache.commons.cli;org.apache.commons.cli.HelpFormatter;HelpFormatter;1;0;0;0;0;null;0;0;Method;printUsage;1;0;0;0;0;0;0;4;0;;0;0;2;7;0;0;0;0;0;0;0;0;0;0;0;0.0;0;0;0;0;0;0;0;0;0;0;0;0;0;0;0;0;;0;0;0;0;0;0;0;0;0;0;0;0;0;0;0;0;org.apache.commons.cli.HelpFormatter#public#printUsage(PrintWriter#int#String#Options);
\src\java\org\apache\commons\cli\HelpFormatter.java;org.apache.commons.cli;org.apache.commons.cli.HelpFormatter;HelpFormatter;1;0;0;0;0;null;0;0;Method;printUsage;1;0;0;0;0;0;0;3;0;;0;0;0;0;0;0;0;0;0;0;0;0;0;0;0;0.0;0;0;0;0;0;0;0;0;0;0;0;0;0;0;0;0;;0;0;0;0;0;0;0;0;0;0;0;0;0;0;0;0;org.apache.commons.cli.HelpFormatter#public#printUsage(PrintWriter#int#String);
\src\java\org\apache\commons\cli\HelpFormatter.java;org.apache.commons.cli;org.apache.commons.cli.HelpFormatter;HelpFormatter;1;0;0;0;0;null;0;0;Method;printOptions;1;0;0;0;0;0;0;5;0;;0;0;0;0;0;0;0;0;0;0;0;0;0;0;0;0.0;0;0;0;0;0;0;0;0;0;0;0;0;0;0;0;0;;0;0;0;0;0;0;0;0;0;0;0;0;0;0;0;0;org.apache.commons.cli.HelpFormatter#public#printOptions(PrintWriter#int#Options#int#int);
\src\java\org\apache\commons\cli\HelpFormatter.java;org.apache.commons.cli;org.apache.commons.cli.HelpFormatter;HelpFormatter;1;0;0;0;0;null;0;0;Method;printWrapped;1;0;0;0;0;0;0;3;0;;0;0;0;0;0;0;0;0;0;0;0;0;0;0;0;0.0;0;0;0;0;0;0;0;0;0;0;0;0;0;0;0;0;;0;0;0;0;0;0;0;0;0;0;0;0;0;0;0;0;org.apache.commons.cli.HelpFormatter#public#printWrapped(PrintWriter#int#String);
\src\java\org\apache\commons\cli\HelpFormatter.java;org.apache.commons.cli;org.apache.commons.cli.HelpFormatter;HelpFormatter;1;0;0;0;0;null;0;0;Method;printWrapped;1;0;0;0;0;0;0;4;0;;0;0;0;0;0;0;0;0;0;0;0;0;0;0;0;0.0;0;0;0;0;0;0;0;0;0;0;0;0;0;0;0;0;;0;0;0;0;0;0;0;0;0;0;0;0;0;0;0;0;org.apache.commons.cli.HelpFormatter#public#printWrapped(PrintWriter#int#int#String);
\src\java\org\apache\commons\cli\HelpFormatter.java;org.apache.commons.cli;org.apache.commons.cli.HelpFormatter;HelpFormatter;1;0;0;0;0;null;0;0;Method;renderOptions;1;0;0;0;0;0;0;5;0;;0;0;2;6;0;0;0;0;0;0;0;0;0;0;0;0.0;0;0;0;0;0;0;0;0;0;0;0;0;0;0;0;0;;0;0;0;0;0;0;0;0;0;0;0;0;0;0;0;0;org.apache.commons.cli.HelpFormatter#public#renderOptions(StringBuffer#int#Options#int#int);
\src\java\org\apache\commons\cli\HelpFormatter.java;org.apache.commons.cli;org.apache.commons.cli.HelpFormatter;HelpFormatter;1;0;0;0;0;null;0;0;Method;renderWrappedText;1;0;0;0;0;0;0;4;0;;0;1;0;2;0;0;0;0;0;0;0;0;0;0;0;0.0;0;0;0;0;0;0;0;0;0;0;0;0;0;0;0;0;;0;0;0;0;0;0;0;0;0;0;0;0;0;0;0;0;org.apache.commons.cli.HelpFormatter#public#renderWrappedText(StringBuffer#int#int#String);
\src\java\org\apache\commons\cli\HelpFormatter.java;org.apache.commons.cli;org.apache.commons.cli.HelpFormatter;HelpFormatter;1;0;0;0;0;null;0;0;Method;findWrapPos;1;0;0;0;0;0;0;3;0;;0;2;0;3;0;0;0;0;0;0;0;0;0;0;0;0.0;0;0;0;0;0;0;0;0;0;0;0;0;0;0;0;0;;0;0;0;0;0;0;0;0;0;0;0;0;0;0;0;0;org.apache.commons.cli.HelpFormatter#public#findWrapPos(String#int#int);
\src\java\org\apache\commons\cli\HelpFormatter.java;org.apache.commons.cli;org.apache.commons.cli.HelpFormatter;HelpFormatter;1;0;0;0;0;null;0;0;Method;createPadding;1;0;0;0;0;0;0;1;0;;0;0;1;0;0;0;0;0;0;0;0;0;0;0;0;0.0;0;0;0;0;0;0;0;0;0;0;0;0;0;0;0;0;;0;0;0;0;0;0;0;0;0;0;0;0;0;0;0;0;org.apache.commons.cli.HelpFormatter#public#createPadding(int);
\src\java\org\apache\commons\cli\HelpFormatter.java;org.apache.commons.cli;org.apache.commons.cli.HelpFormatter;HelpFormatter;1;0;0;0;0;null;0;0;Method;rtrim;1;0;0;0;0;0;0;1;0;;0;1;0;1;0;0;0;0;0;0;0;0;0;0;0;0.0;0;0;0;0;0;0;0;0;0;0;0;0;0;0;0;0;;0;0;0;0;0;0;0;0;0;0;0;0;0;0;0;0;org.apache.commons.cli.HelpFormatter#public#rtrim(String);
\src\java\org\apache\commons\cli\HelpFormatter.java;org.apache.commons.cli;org.apache.commons.cli.HelpFormatter.StringBufferComparator;StringBufferComparator;1;0;0;0;0;null;1;0;Method;compare;1;0;0;0;0;0;0;2;0;;0;0;0;0;0;0;0;0;0;0;0;0;0;0;0;0.0;0;0;0;0;0;0;0;0;0;0;0;0;0;0;0;0;;0;0;0;0;0;0;0;0;0;0;0;0;0;0;0;0;org.apache.commons.cli.HelpFormatter.StringBufferComparator#public#compare(Object#Object);
\src\java\org\apache\commons\cli\HelpFormatter.java;org.apache.commons.cli;org.apache.commons.cli.HelpFormatter.StringBufferComparator;StringBufferComparator;1;0;0;0;0;null;1;0;Method;stripPrefix;1;0;0;0;0;0;0;1;0;;0;0;0;1;0;0;0;0;0;0;0;0;0;0;0;0.0;0;0;0;0;0;0;0;0;0;0;0;0;0;0;0;0;;0;0;0;0;0;0;0;0;0;0;0;0;0;0;0;0;org.apache.commons.cli.HelpFormatter.StringBufferComparator#public#stripPrefix(String);
\src\test\org\apache\commons\cli\TestHelpFormatter.java;org.apache.commons.cli;org.apache.commons.cli.TestHelpFormatter;TestHelpFormatter;1;0;0;1;1;TestCase;0;0;Method;main;1;0;0;0;0;0;1;1;0;;0;0;0;0;0;0;0;0;0;0;0;0;0;0;0;0.0;0;0;0;0;0;0;0;0;0;0;0;0;0;0;0;0;;0;0;0;0;0;0;0;0;0;0;0;0;0;0;0;0;org.apache.commons.cli.TestHelpFormatter#public#main(String[]);
\src\test\org\apache\commons\cli\TestHelpFormatter.java;org.apache.commons.cli;org.apache.commons.cli.TestHelpFormatter;TestHelpFormatter;1;0;0;1;1;TestCase;0;0;Method;suite;1;0;0;0;0;0;1;0;0;;0;0;0;0;0;0;0;0;0;0;0;0;0;0;0;0.0;0;0;0;0;0;0;0;0;0;0;0;0;0;0;0;0;;0;0;0;0;0;0;0;0;0;0;0;0;0;0;0;0;org.apache.commons.cli.TestHelpFormatter#public#suite();
\src\test\org\apache\commons\cli\TestHelpFormatter.java;org.apache.commons.cli;org.apache.commons.cli.TestHelpFormatter;TestHelpFormatter;1;0;0;1;1;TestCase;0;0;Constructor;TestHelpFormatter;1;0;0;0;0;0;0;1;0;;0;0;0;0;0;0;0;0;0;0;0;0;0;0;0;0.0;0;0;0;0;0;0;0;0;0;0;0;0;0;0;0;0;;0;0;0;0;0;0;0;0;0;0;0;0;0;0;0;0;org.apache.commons.cli.TestHelpFormatter#public#TestHelpFormatter(String);
\src\test\org\apache\commons\cli\TestHelpFormatter.java;org.apache.commons.cli;org.apache.commons.cli.TestHelpFormatter;TestHelpFormatter;1;0;0;1;1;TestCase;0;0;Method;testFindWrapPos;1;0;0;0;0;1;0;0;1;Exception:;0;0;0;0;0;0;3;0;0;0;0;0;0;0;0;0.0;0;0;0;0;0;0;0;0;0;0;0;0;0;0;0;0;;0;0;0;0;0;0;0;0;0;0;0;0;0;0;0;0;org.apache.commons.cli.TestHelpFormatter#public#testFindWrapPos()Exception;
\src\test\org\apache\commons\cli\TestHelpFormatter.java;org.apache.commons.cli;org.apache.commons.cli.TestHelpFormatter;TestHelpFormatter;1;0;0;1;1;TestCase;0;0;Method;testPrintWrapped;1;0;0;0;0;1;0;0;1;Exception:;0;0;0;0;0;0;4;0;0;0;0;0;0;0;0;0.0;0;0;0;0;0;0;0;0;0;0;0;0;0;0;0;0;;0;0;0;0;0;0;0;0;0;0;0;0;0;0;0;0;org.apache.commons.cli.TestHelpFormatter#public#testPrintWrapped()Exception;
\src\test\org\apache\commons\cli\TestHelpFormatter.java;org.apache.commons.cli;org.apache.commons.cli.TestHelpFormatter;TestHelpFormatter;1;0;0;1;1;TestCase;0;0;Method;testPrintOptions;1;0;0;0;0;1;0;0;1;Exception:;0;0;0;0;0;0;5;0;0;0;0;0;0;0;0;0.0;0;0;0;0;0;0;0;0;0;0;0;0;0;0;0;0;;0;0;0;0;0;0;0;0;0;0;0;0;0;0;0;0;org.apache.commons.cli.TestHelpFormatter#public#testPrintOptions()Exception;
\src\test\org\apache\commons\cli\TestHelpFormatter.java;org.apache.commons.cli;org.apache.commons.cli.TestHelpFormatter;TestHelpFormatter;1;0;0;1;1;TestCase;0;0;Method;testAutomaticUsage;1;0;0;0;0;1;0;0;1;Exception:;0;0;0;0;0;0;2;0;0;0;0;0;0;0;0;0.0;0;0;0;0;0;0;0;0;0;0;0;0;0;0;0;0;;0;0;0;0;0;0;0;0;0;0;0;0;0;0;0;0;org.apache.commons.cli.TestHelpFormatter#public#testAutomaticUsage()Exception;
\src\java\org\apache\commons\cli\Option.java;org.apache.commons.cli;org.apache.commons.cli.Option;Option;1;0;0;0;0;null;1;0;Method;validateOption;1;0;0;0;0;0;0;1;1;IllegalArgumentException:;0;0;1;4;0;0;0;0;3;0;0;0;0;0;0;0.0;0;0;0;0;0;0;0;0;0;0;0;0;0;0;0;0;;0;0;0;0;0;0;0;0;0;0;0;0;0;0;0;0;org.apache.commons.cli.Option#public#validateOption(String)IllegalArgumentException;
\src\java\org\apache\commons\cli\Option.java;org.apache.commons.cli;org.apache.commons.cli.Option;Option;1;0;0;0;0;null;1;0;Method;isValidOpt;1;0;0;0;0;0;0;1;0;;0;0;0;0;0;0;0;0;0;0;0;0;0;0;0;0.0;0;0;0;0;0;0;0;0;0;0;0;0;0;0;0;0;;0;0;0;0;0;0;0;0;0;0;0;0;0;0;0;0;org.apache.commons.cli.Option#public#isValidOpt(char);
\src\java\org\apache\commons\cli\Option.java;org.apache.commons.cli;org.apache.commons.cli.Option;Option;1;0;0;0;0;null;1;0;Method;isValidChar;1;0;0;0;0;0;0;1;0;;0;0;0;0;0;0;0;0;0;0;0;0;0;0;0;0.0;0;0;0;0;0;0;0;0;0;0;0;0;0;0;0;0;;0;0;0;0;0;0;0;0;0;0;0;0;0;0;0;0;org.apache.commons.cli.Option#public#isValidChar(char);
\src\java\org\apache\commons\cli\Option.java;org.apache.commons.cli;org.apache.commons.cli.Option;Option;1;0;0;0;0;null;1;0;Method;getId;1;0;0;0;0;0;0;0;0;;0;0;0;0;0;0;0;0;0;0;0;0;0;0;0;0.0;0;0;0;0;0;0;0;0;0;0;0;0;0;0;0;0;;0;0;0;0;0;0;0;0;0;0;0;0;0;0;0;0;org.apache.commons.cli.Option#public#getId();
\src\java\org\apache\commons\cli\Option.java;org.apache.commons.cli;org.apache.commons.cli.Option;Option;1;0;0;0;0;null;1;0;Constructor;Option;1;0;0;0;0;0;0;2;1;IllegalArgumentException:;0;0;0;0;0;0;0;0;0;0;0;0;0;0;0;0.0;0;0;0;0;0;0;0;0;0;0;0;0;0;0;0;0;;0;0;0;0;0;0;0;0;0;0;0;0;0;0;0;0;org.apache.commons.cli.Option#public#Option(String#String)IllegalArgumentException;
\src\java\org\apache\commons\cli\Option.java;org.apache.commons.cli;org.apache.commons.cli.Option;Option;1;0;0;0;0;null;1;0;Constructor;Option;1;0;0;0;0;0;0;3;1;IllegalArgumentException:;0;0;0;0;0;0;0;0;0;0;0;0;0;0;0;0.0;0;0;0;0;0;0;0;0;0;0;0;0;0;0;0;0;;0;0;0;0;0;0;0;0;0;0;0;0;0;0;0;0;org.apache.commons.cli.Option#public#Option(String#boolean#String)IllegalArgumentException;
\src\java\org\apache\commons\cli\Option.java;org.apache.commons.cli;org.apache.commons.cli.Option;Option;1;0;0;0;0;null;1;0;Constructor;Option;1;0;0;0;0;0;0;4;1;IllegalArgumentException:;0;0;0;1;0;0;0;0;0;0;0;0;0;0;0;0.0;0;0;0;0;0;0;0;0;0;0;0;0;0;0;0;0;;0;0;0;0;0;0;0;0;0;0;0;0;0;0;0;0;org.apache.commons.cli.Option#public#Option(String#String#boolean#String)IllegalArgumentException;
\src\java\org\apache\commons\cli\Option.java;org.apache.commons.cli;org.apache.commons.cli.Option;Option;1;0;0;0;0;null;1;0;Method;getOpt;1;0;0;0;0;0;0;0;0;;0;0;0;0;0;0;0;0;0;0;0;0;0;0;0;0.0;0;0;0;0;0;0;0;0;0;0;0;0;0;0;0;0;;0;0;0;0;0;0;0;0;0;0;0;0;0;0;0;0;org.apache.commons.cli.Option#public#getOpt();
\src\java\org\apache\commons\cli\Option.java;org.apache.commons.cli;org.apache.commons.cli.Option;Option;1;0;0;0;0;null;1;0;Method;getType;1;0;0;0;0;0;0;0;0;;0;0;0;0;0;0;0;0;0;0;0;0;0;0;0;0.0;0;0;0;0;0;0;0;0;0;0;0;0;0;0;0;0;;0;0;0;0;0;0;0;0;0;0;0;0;0;0;0;0;org.apache.commons.cli.Option#public#getType();
\src\java\org\apache\commons\cli\Option.java;org.apache.commons.cli;org.apache.commons.cli.Option;Option;1;0;0;0;0;null;1;0;Method;setType;1;0;0;0;0;0;0;1;0;;0;0;0;0;0;0;0;0;0;0;0;0;0;0;0;0.0;0;0;0;0;0;0;0;0;0;0;0;0;0;0;0;0;;0;0;0;0;0;0;0;0;0;0;0;0;0;0;0;0;org.apache.commons.cli.Option#public#setType(Object);
\src\java\org\apache\commons\cli\Option.java;org.apache.commons.cli;org.apache.commons.cli.Option;Option;1;0;0;0;0;null;1;0;Method;getLongOpt;1;0;0;0;0;0;0;0;0;;0;0;0;0;0;0;0;0;0;0;0;0;0;0;0;0.0;0;0;0;0;0;0;0;0;0;0;0;0;0;0;0;0;;0;0;0;0;0;0;0;0;0;0;0;0;0;0;0;0;org.apache.commons.cli.Option#public#getLongOpt();
\src\java\org\apache\commons\cli\Option.java;org.apache.commons.cli;org.apache.commons.cli.Option;Option;1;0;0;0;0;null;1;0;Method;setLongOpt;1;0;0;0;0;0;0;1;0;;0;0;0;0;0;0;0;0;0;0;0;0;0;0;0;0.0;0;0;0;0;0;0;0;0;0;0;0;0;0;0;0;0;;0;0;0;0;0;0;0;0;0;0;0;0;0;0;0;0;org.apache.commons.cli.Option#public#setLongOpt(String);
\src\java\org\apache\commons\cli\Option.java;org.apache.commons.cli;org.apache.commons.cli.Option;Option;1;0;0;0;0;null;1;0;Method;setOptionalArg;1;0;0;0;0;0;0;1;0;;0;0;0;0;0;0;0;0;0;0;0;0;0;0;0;0.0;0;0;0;0;0;0;0;0;0;0;0;0;0;0;0;0;;0;0;0;0;0;0;0;0;0;0;0;0;0;0;0;0;org.apache.commons.cli.Option#public#setOptionalArg(boolean);
\src\java\org\apache\commons\cli\Option.java;org.apache.commons.cli;org.apache.commons.cli.Option;Option;1;0;0;0;0;null;1;0;Method;hasOptionalArg;1;0;0;0;0;0;0;0;0;;0;0;0;0;0;0;0;0;0;0;0;0;0;0;0;0.0;0;0;0;0;0;0;0;0;0;0;0;0;0;0;0;0;;0;0;0;0;0;0;0;0;0;0;0;0;0;0;0;0;org.apache.commons.cli.Option#public#hasOptionalArg();
\src\java\org\apache\commons\cli\Option.java;org.apache.commons.cli;org.apache.commons.cli.Option;Option;1;0;0;0;0;null;1;0;Method;hasLongOpt;1;0;0;0;0;0;0;0;0;;0;0;0;0;0;0;0;0;0;0;0;0;0;0;0;0.0;0;0;0;0;0;0;0;0;0;0;0;0;0;0;0;0;;0;0;0;0;0;0;0;0;0;0;0;0;0;0;0;0;org.apache.commons.cli.Option#public#hasLongOpt();
\src\java\org\apache\commons\cli\Option.java;org.apache.commons.cli;org.apache.commons.cli.Option;Option;1;0;0;0;0;null;1;0;Method;hasArg;1;0;0;0;0;0;0;0;0;;0;0;0;0;0;0;0;0;0;0;0;0;0;0;0;0.0;0;0;0;0;0;0;0;0;0;0;0;0;0;0;0;0;;0;0;0;0;0;0;0;0;0;0;0;0;0;0;0;0;org.apache.commons.cli.Option#public#hasArg();
\src\java\org\apache\commons\cli\Option.java;org.apache.commons.cli;org.apache.commons.cli.Option;Option;1;0;0;0;0;null;1;0;Method;getDescription;1;0;0;0;0;0;0;0;0;;0;0;0;0;0;0;0;0;0;0;0;0;0;0;0;0.0;0;0;0;0;0;0;0;0;0;0;0;0;0;0;0;0;;0;0;0;0;0;0;0;0;0;0;0;0;0;0;0;0;org.apache.commons.cli.Option#public#getDescription();
\src\java\org\apache\commons\cli\Option.java;org.apache.commons.cli;org.apache.commons.cli.Option;Option;1;0;0;0;0;null;1;0;Method;isRequired;1;0;0;0;0;0;0;0;0;;0;0;0;0;0;0;0;0;0;0;0;0;0;0;0;0.0;0;0;0;0;0;0;0;0;0;0;0;0;0;0;0;0;;0;0;0;0;0;0;0;0;0;0;0;0;0;0;0;0;org.apache.commons.cli.Option#public#isRequired();
\src\java\org\apache\commons\cli\Option.java;org.apache.commons.cli;org.apache.commons.cli.Option;Option;1;0;0;0;0;null;1;0;Method;setRequired;1;0;0;0;0;0;0;1;0;;0;0;0;0;0;0;0;0;0;0;0;0;0;0;0;0.0;0;0;0;0;0;0;0;0;0;0;0;0;0;0;0;0;;0;0;0;0;0;0;0;0;0;0;0;0;0;0;0;0;org.apache.commons.cli.Option#public#setRequired(boolean);
\src\java\org\apache\commons\cli\Option.java;org.apache.commons.cli;org.apache.commons.cli.Option;Option;1;0;0;0;0;null;1;0;Method;setArgName;1;0;0;0;0;0;0;1;0;;0;0;0;0;0;0;0;0;0;0;0;0;0;0;0;0.0;0;0;0;0;0;0;0;0;0;0;0;0;0;0;0;0;;0;0;0;0;0;0;0;0;0;0;0;0;0;0;0;0;org.apache.commons.cli.Option#public#setArgName(String);
\src\java\org\apache\commons\cli\Option.java;org.apache.commons.cli;org.apache.commons.cli.Option;Option;1;0;0;0;0;null;1;0;Method;getArgName;1;0;0;0;0;0;0;0;0;;0;0;0;0;0;0;0;0;0;0;0;0;0;0;0;0.0;0;0;0;0;0;0;0;0;0;0;0;0;0;0;0;0;;0;0;0;0;0;0;0;0;0;0;0;0;0;0;0;0;org.apache.commons.cli.Option#public#getArgName();
\src\java\org\apache\commons\cli\Option.java;org.apache.commons.cli;org.apache.commons.cli.Option;Option;1;0;0;0;0;null;1;0;Method;hasArgName;1;0;0;0;0;0;0;0;0;;0;0;0;0;0;0;0;0;0;0;0;0;0;0;0;0.0;0;0;0;0;0;0;0;0;0;0;0;0;0;0;0;0;;0;0;0;0;0;0;0;0;0;0;0;0;0;0;0;0;org.apache.commons.cli.Option#public#hasArgName();
\src\java\org\apache\commons\cli\Option.java;org.apache.commons.cli;org.apache.commons.cli.Option;Option;1;0;0;0;0;null;1;0;Method;hasArgs;1;0;0;0;0;0;0;0;0;;0;0;0;0;0;0;0;0;0;0;0;0;0;0;0;0.0;0;0;0;0;0;0;0;0;0;0;0;0;0;0;0;0;;0;0;0;0;0;0;0;0;0;0;0;0;0;0;0;0;org.apache.commons.cli.Option#public#hasArgs();
\src\java\org\apache\commons\cli\Option.java;org.apache.commons.cli;org.apache.commons.cli.Option;Option;1;0;0;0;0;null;1;0;Method;setArgs;1;0;0;0;0;0;0;1;0;;0;0;0;0;0;0;0;0;0;0;0;0;0;0;0;0.0;0;0;0;0;0;0;0;0;0;0;0;0;0;0;0;0;;0;0;0;0;0;0;0;0;0;0;0;0;0;0;0;0;org.apache.commons.cli.Option#public#setArgs(int);
\src\java\org\apache\commons\cli\Option.java;org.apache.commons.cli;org.apache.commons.cli.Option;Option;1;0;0;0;0;null;1;0;Method;setValueSeparator;1;0;0;0;0;0;0;1;0;;0;0;0;0;0;0;0;0;0;0;0;0;0;0;0;0.0;0;0;0;0;0;0;0;0;0;0;0;0;0;0;0;0;;0;0;0;0;0;0;0;0;0;0;0;0;0;0;0;0;org.apache.commons.cli.Option#public#setValueSeparator(char);
\src\java\org\apache\commons\cli\Option.java;org.apache.commons.cli;org.apache.commons.cli.Option;Option;1;0;0;0;0;null;1;0;Method;getValueSeparator;1;0;0;0;0;0;0;0;0;;0;0;0;0;0;0;0;0;0;0;0;0;0;0;0;0.0;0;0;0;0;0;0;0;0;0;0;0;0;0;0;0;0;;0;0;0;0;0;0;0;0;0;0;0;0;0;0;0;0;org.apache.commons.cli.Option#public#getValueSeparator();
\src\java\org\apache\commons\cli\Option.java;org.apache.commons.cli;org.apache.commons.cli.Option;Option;1;0;0;0;0;null;1;0;Method;getArgs;1;0;0;0;0;0;0;0;0;;0;0;0;0;0;0;0;0;0;0;0;0;0;0;0;0.0;0;0;0;0;0;0;0;0;0;0;0;0;0;0;0;0;;0;0;0;0;0;0;0;0;0;0;0;0;0;0;0;0;org.apache.commons.cli.Option#public#getArgs();
\src\java\org\apache\commons\cli\Option.java;org.apache.commons.cli;org.apache.commons.cli.Option;Option;1;0;0;0;0;null;1;0;Method;toString;1;0;0;0;0;0;0;0;0;;0;0;0;3;0;0;0;0;0;0;0;0;0;0;0;0.0;0;0;0;0;0;0;0;0;0;0;0;0;0;0;0;0;;0;0;0;0;0;0;0;0;0;0;0;0;0;0;0;0;org.apache.commons.cli.Option#public#toString();
\src\java\org\apache\commons\cli\Option.java;org.apache.commons.cli;org.apache.commons.cli.Option;Option;1;0;0;0;0;null;1;0;Method;addValue;1;0;0;0;0;0;0;1;0;;0;2;0;4;1;0;0;0;0;0;0;0;0;0;0;0.0;0;0;0;0;0;0;0;0;0;0;0;0;0;0;0;0;;0;0;0;0;0;0;0;0;0;0;0;0;0;0;0;0;org.apache.commons.cli.Option#public#addValue(String);
\src\java\org\apache\commons\cli\Option.java;org.apache.commons.cli;org.apache.commons.cli.Option;Option;1;0;0;0;0;null;1;0;Method;getValue;1;0;0;0;0;0;0;0;0;;0;0;0;0;0;0;0;0;0;0;0;0;0;0;0;0.0;0;0;0;0;0;0;0;0;0;0;0;0;0;0;0;0;;0;0;0;0;0;0;0;0;0;0;0;0;0;0;0;0;org.apache.commons.cli.Option#public#getValue();
\src\java\org\apache\commons\cli\Option.java;org.apache.commons.cli;org.apache.commons.cli.Option;Option;1;0;0;0;0;null;1;0;Method;getValue;1;0;0;0;0;0;0;1;1;IndexOutOfBoundsException:;0;0;0;0;0;0;0;0;0;0;0;0;0;0;0;0.0;0;0;0;0;0;0;0;0;0;0;0;0;0;0;0;0;;0;0;0;0;0;0;0;0;0;0;0;0;0;0;0;0;org.apache.commons.cli.Option#public#getValue(int)IndexOutOfBoundsException;
\src\java\org\apache\commons\cli\Option.java;org.apache.commons.cli;org.apache.commons.cli.Option;Option;1;0;0;0;0;null;1;0;Method;getValue;1;0;0;0;0;0;0;1;0;;0;0;0;0;0;0;0;0;0;0;0;0;0;0;0;0.0;0;0;0;0;0;0;0;0;0;0;0;0;0;0;0;0;;0;0;0;0;0;0;0;0;0;0;0;0;0;0;0;0;org.apache.commons.cli.Option#public#getValue(String);
\src\java\org\apache\commons\cli\Option.java;org.apache.commons.cli;org.apache.commons.cli.Option;Option;1;0;0;0;0;null;1;0;Method;getValues;1;0;0;0;0;0;0;0;0;;0;0;0;0;0;0;0;0;0;0;0;0;0;0;0;0.0;0;0;0;0;0;0;0;0;0;0;0;0;0;0;0;0;;0;0;0;0;0;0;0;0;0;0;0;0;0;0;0;0;org.apache.commons.cli.Option#public#getValues();
\src\java\org\apache\commons\cli\Option.java;org.apache.commons.cli;org.apache.commons.cli.Option;Option;1;0;0;0;0;null;1;0;Method;getValuesList;1;0;0;0;0;0;0;0;0;;0;0;0;0;0;0;0;0;0;0;0;0;0;0;0;0.0;0;0;0;0;0;0;0;0;0;0;0;0;0;0;0;0;;0;0;0;0;0;0;0;0;0;0;0;0;0;0;0;0;org.apache.commons.cli.Option#public#getValuesList();
\src\java\org\apache\commons\cli\Option.java;org.apache.commons.cli;org.apache.commons.cli.Option;Option;1;0;0;0;0;null;1;0;Method;clone;1;0;0;0;0;0;0;0;0;;0;0;0;0;0;0;0;0;0;0;0;0;0;0;0;0.0;0;0;0;0;0;0;0;0;0;0;0;0;0;0;0;0;;0;0;0;0;0;0;0;0;0;0;0;0;0;0;0;0;org.apache.commons.cli.Option#public#clone();
\src\test\org\apache\commons\cli\OptionBuilderTest.java;org.apache.commons.cli;org.apache.commons.cli.OptionBuilderTest;OptionBuilderTest;1;0;0;1;1;TestCase;0;0;Constructor;OptionBuilderTest;1;0;0;0;0;0;0;1;0;;0;0;0;0;0;0;0;0;0;0;0;0;0;0;0;0.0;0;0;0;0;0;0;0;0;0;0;0;0;0;0;0;0;;0;0;0;0;0;0;0;0;0;0;0;0;0;0;0;0;org.apache.commons.cli.OptionBuilderTest#public#OptionBuilderTest(String);
\src\test\org\apache\commons\cli\OptionBuilderTest.java;org.apache.commons.cli;org.apache.commons.cli.OptionBuilderTest;OptionBuilderTest;1;0;0;1;1;TestCase;0;0;Method;suite;1;0;0;0;0;0;1;0;0;;0;0;0;0;0;0;0;0;0;0;0;0;0;0;0;0.0;0;0;0;0;0;0;0;0;0;0;0;0;0;0;0;0;;0;0;0;0;0;0;0;0;0;0;0;0;0;0;0;0;org.apache.commons.cli.OptionBuilderTest#public#suite();
\src\test\org\apache\commons\cli\OptionBuilderTest.java;org.apache.commons.cli;org.apache.commons.cli.OptionBuilderTest;OptionBuilderTest;1;0;0;1;1;TestCase;0;0;Method;main;1;0;0;0;0;0;1;1;0;;0;0;0;0;0;0;0;0;0;0;0;0;0;0;0;0.0;0;0;0;0;0;0;0;0;0;0;0;0;0;0;0;0;;0;0;0;0;0;0;0;0;0;0;0;0;0;0;0;0;org.apache.commons.cli.OptionBuilderTest#public#main(String);
\src\test\org\apache\commons\cli\OptionBuilderTest.java;org.apache.commons.cli;org.apache.commons.cli.OptionBuilderTest;OptionBuilderTest;1;0;0;1;1;TestCase;0;0;Method;testCompleteOption;1;0;0;0;0;1;0;0;0;;0;0;0;0;0;0;7;0;0;0;0;0;0;0;0;0.0;0;0;0;0;0;0;0;0;0;0;0;0;0;0;0;0;;0;0;0;0;0;0;0;0;0;0;0;0;0;0;0;0;org.apache.commons.cli.OptionBuilderTest#public#testCompleteOption();
\src\test\org\apache\commons\cli\OptionBuilderTest.java;org.apache.commons.cli;org.apache.commons.cli.OptionBuilderTest;OptionBuilderTest;1;0;0;1;1;TestCase;0;0;Method;testTwoCompleteOptions;1;0;0;0;0;1;0;0;0;;0;0;0;0;0;0;14;0;0;0;0;0;0;0;0;0.0;0;0;0;0;0;0;0;0;0;0;0;0;0;0;0;0;;0;0;0;0;0;0;0;0;0;0;0;0;0;0;0;0;org.apache.commons.cli.OptionBuilderTest#public#testTwoCompleteOptions();
\src\test\org\apache\commons\cli\OptionBuilderTest.java;org.apache.commons.cli;org.apache.commons.cli.OptionBuilderTest;OptionBuilderTest;1;0;0;1;1;TestCase;0;0;Method;testBaseOptionCharOpt;1;0;0;0;0;1;0;0;0;;0;0;0;0;0;0;3;0;0;0;0;0;0;0;0;0.0;0;0;0;0;0;0;0;0;0;0;0;0;0;0;0;0;;0;0;0;0;0;0;0;0;0;0;0;0;0;0;0;0;org.apache.commons.cli.OptionBuilderTest#public#testBaseOptionCharOpt();
\src\test\org\apache\commons\cli\OptionBuilderTest.java;org.apache.commons.cli;org.apache.commons.cli.OptionBuilderTest;OptionBuilderTest;1;0;0;1;1;TestCase;0;0;Method;testBaseOptionStringOpt;1;0;0;0;0;1;0;0;0;;0;0;0;0;0;0;3;0;0;0;0;0;0;0;0;0.0;0;0;0;0;0;0;0;0;0;0;0;0;0;0;0;0;;0;0;0;0;0;0;0;0;0;0;0;0;0;0;0;0;org.apache.commons.cli.OptionBuilderTest#public#testBaseOptionStringOpt();
\src\test\org\apache\commons\cli\OptionBuilderTest.java;org.apache.commons.cli;org.apache.commons.cli.OptionBuilderTest;OptionBuilderTest;1;0;0;1;1;TestCase;0;0;Method;testSpecialOptChars;1;0;0;0;0;1;0;0;0;;0;0;0;0;0;0;2;2;0;2;0;0;2;1;1;1.0;0;0;0;0;0;0;0;0;0;0;0;0;2;0;2;0;IllegalArgumentException;0;0;0;0;0;0;0;0;0;0;0;0;0;0;0;0;org.apache.commons.cli.OptionBuilderTest#public#testSpecialOptChars();
\src\test\org\apache\commons\cli\OptionBuilderTest.java;org.apache.commons.cli;org.apache.commons.cli.OptionBuilderTest;OptionBuilderTest;1;0;0;1;1;TestCase;0;0;Method;testOptionArgNumbers;1;0;0;0;0;1;0;0;0;;0;0;0;0;0;0;1;0;0;0;0;0;0;0;0;0.0;0;0;0;0;0;0;0;0;0;0;0;0;0;0;0;0;;0;0;0;0;0;0;0;0;0;0;0;0;0;0;0;0;org.apache.commons.cli.OptionBuilderTest#public#testOptionArgNumbers();
\src\test\org\apache\commons\cli\OptionBuilderTest.java;org.apache.commons.cli;org.apache.commons.cli.OptionBuilderTest;OptionBuilderTest;1;0;0;1;1;TestCase;0;0;Method;testIllegalOptions;1;0;0;0;0;1;0;0;0;;0;0;0;0;0;0;0;4;0;4;0;0;4;1;1;1.0;0;0;0;3;3;0;0;0;0;0;0;0;1;0;4;0;IllegalArgumentException;0;0;0;0;0;0;0;0;0;0;0;0;0;0;0;0;org.apache.commons.cli.OptionBuilderTest#public#testIllegalOptions();
\src\java\org\apache\commons\cli\OptionBuilder.java;org.apache.commons.cli;org.apache.commons.cli.OptionBuilder;OptionBuilder;1;0;0;0;0;null;0;0;Constructor;OptionBuilder;1;0;0;0;0;0;0;0;0;;0;0;0;0;0;0;0;0;0;0;0;0;0;0;0;0.0;0;0;0;0;0;0;0;0;0;0;0;0;0;0;0;0;;0;0;0;0;0;0;0;0;0;0;0;0;0;0;0;0;org.apache.commons.cli.OptionBuilder#public#OptionBuilder();
\src\java\org\apache\commons\cli\OptionBuilder.java;org.apache.commons.cli;org.apache.commons.cli.OptionBuilder;OptionBuilder;1;0;0;0;0;null;0;0;Method;reset;1;0;0;0;0;0;0;0;0;;0;0;0;0;0;0;0;0;0;0;0;0;0;0;0;0.0;0;0;0;0;0;0;0;0;0;0;0;0;0;0;0;0;;0;0;0;0;0;0;0;0;0;0;0;0;0;0;0;0;org.apache.commons.cli.OptionBuilder#public#reset();
\src\java\org\apache\commons\cli\OptionBuilder.java;org.apache.commons.cli;org.apache.commons.cli.OptionBuilder;OptionBuilder;1;0;0;0;0;null;0;0;Method;withLongOpt;1;0;0;0;0;0;0;1;0;;0;0;0;0;0;0;0;0;0;0;0;0;0;0;0;0.0;0;0;0;0;0;0;0;0;0;0;0;0;0;0;0;0;;0;0;0;0;0;0;0;0;0;0;0;0;0;0;0;0;org.apache.commons.cli.OptionBuilder#public#withLongOpt(String);
\src\java\org\apache\commons\cli\OptionBuilder.java;org.apache.commons.cli;org.apache.commons.cli.OptionBuilder;OptionBuilder;1;0;0;0;0;null;0;0;Method;hasArg;1;0;0;0;0;0;0;0;0;;0;0;0;0;0;0;0;0;0;0;0;0;0;0;0;0.0;0;0;0;0;0;0;0;0;0;0;0;0;0;0;0;0;;0;0;0;0;0;0;0;0;0;0;0;0;0;0;0;0;org.apache.commons.cli.OptionBuilder#public#hasArg();
\src\java\org\apache\commons\cli\OptionBuilder.java;org.apache.commons.cli;org.apache.commons.cli.OptionBuilder;OptionBuilder;1;0;0;0;0;null;0;0;Method;hasArg;1;0;0;0;0;0;0;1;0;;0;0;0;0;0;0;0;0;0;0;0;0;0;0;0;0.0;0;0;0;0;0;0;0;0;0;0;0;0;0;0;0;0;;0;0;0;0;0;0;0;0;0;0;0;0;0;0;0;0;org.apache.commons.cli.OptionBuilder#public#hasArg(boolean);
\src\java\org\apache\commons\cli\OptionBuilder.java;org.apache.commons.cli;org.apache.commons.cli.OptionBuilder;OptionBuilder;1;0;0;0;0;null;0;0;Method;withArgName;1;0;0;0;0;0;0;1;0;;0;0;0;0;0;0;0;0;0;0;0;0;0;0;0;0.0;0;0;0;0;0;0;0;0;0;0;0;0;0;0;0;0;;0;0;0;0;0;0;0;0;0;0;0;0;0;0;0;0;org.apache.commons.cli.OptionBuilder#public#withArgName(String);
\src\java\org\apache\commons\cli\OptionBuilder.java;org.apache.commons.cli;org.apache.commons.cli.OptionBuilder;OptionBuilder;1;0;0;0;0;null;0;0;Method;isRequired;1;0;0;0;0;0;0;0;0;;0;0;0;0;0;0;0;0;0;0;0;0;0;0;0;0.0;0;0;0;0;0;0;0;0;0;0;0;0;0;0;0;0;;0;0;0;0;0;0;0;0;0;0;0;0;0;0;0;0;org.apache.commons.cli.OptionBuilder#public#isRequired();
\src\java\org\apache\commons\cli\OptionBuilder.java;org.apache.commons.cli;org.apache.commons.cli.OptionBuilder;OptionBuilder;1;0;0;0;0;null;0;0;Method;withValueSeparator;1;0;0;0;0;0;0;1;0;;0;0;0;0;0;0;0;0;0;0;0;0;0;0;0;0.0;0;0;0;0;0;0;0;0;0;0;0;0;0;0;0;0;;0;0;0;0;0;0;0;0;0;0;0;0;0;0;0;0;org.apache.commons.cli.OptionBuilder#public#withValueSeparator(char);
\src\java\org\apache\commons\cli\OptionBuilder.java;org.apache.commons.cli;org.apache.commons.cli.OptionBuilder;OptionBuilder;1;0;0;0;0;null;0;0;Method;withValueSeparator;1;0;0;0;0;0;0;0;0;;0;0;0;0;0;0;0;0;0;0;0;0;0;0;0;0.0;0;0;0;0;0;0;0;0;0;0;0;0;0;0;0;0;;0;0;0;0;0;0;0;0;0;0;0;0;0;0;0;0;org.apache.commons.cli.OptionBuilder#public#withValueSeparator();
\src\java\org\apache\commons\cli\OptionBuilder.java;org.apache.commons.cli;org.apache.commons.cli.OptionBuilder;OptionBuilder;1;0;0;0;0;null;0;0;Method;isRequired;1;0;0;0;0;0;0;1;0;;0;0;0;0;0;0;0;0;0;0;0;0;0;0;0;0.0;0;0;0;0;0;0;0;0;0;0;0;0;0;0;0;0;;0;0;0;0;0;0;0;0;0;0;0;0;0;0;0;0;org.apache.commons.cli.OptionBuilder#public#isRequired(boolean);
\src\java\org\apache\commons\cli\OptionBuilder.java;org.apache.commons.cli;org.apache.commons.cli.OptionBuilder;OptionBuilder;1;0;0;0;0;null;0;0;Method;hasArgs;1;0;0;0;0;0;0;0;0;;0;0;0;0;0;0;0;0;0;0;0;0;0;0;0;0.0;0;0;0;0;0;0;0;0;0;0;0;0;0;0;0;0;;0;0;0;0;0;0;0;0;0;0;0;0;0;0;0;0;org.apache.commons.cli.OptionBuilder#public#hasArgs();
\src\java\org\apache\commons\cli\OptionBuilder.java;org.apache.commons.cli;org.apache.commons.cli.OptionBuilder;OptionBuilder;1;0;0;0;0;null;0;0;Method;hasArgs;1;0;0;0;0;0;0;1;0;;0;0;0;0;0;0;0;0;0;0;0;0;0;0;0;0.0;0;0;0;0;0;0;0;0;0;0;0;0;0;0;0;0;;0;0;0;0;0;0;0;0;0;0;0;0;0;0;0;0;org.apache.commons.cli.OptionBuilder#public#hasArgs(int);
\src\java\org\apache\commons\cli\OptionBuilder.java;org.apache.commons.cli;org.apache.commons.cli.OptionBuilder;OptionBuilder;1;0;0;0;0;null;0;0;Method;hasOptionalArg;1;0;0;0;0;0;0;0;0;;0;0;0;0;0;0;0;0;0;0;0;0;0;0;0;0.0;0;0;0;0;0;0;0;0;0;0;0;0;0;0;0;0;;0;0;0;0;0;0;0;0;0;0;0;0;0;0;0;0;org.apache.commons.cli.OptionBuilder#public#hasOptionalArg();
\src\java\org\apache\commons\cli\OptionBuilder.java;org.apache.commons.cli;org.apache.commons.cli.OptionBuilder;OptionBuilder;1;0;0;0;0;null;0;0;Method;hasOptionalArgs;1;0;0;0;0;0;0;0;0;;0;0;0;0;0;0;0;0;0;0;0;0;0;0;0;0.0;0;0;0;0;0;0;0;0;0;0;0;0;0;0;0;0;;0;0;0;0;0;0;0;0;0;0;0;0;0;0;0;0;org.apache.commons.cli.OptionBuilder#public#hasOptionalArgs();
\src\java\org\apache\commons\cli\OptionBuilder.java;org.apache.commons.cli;org.apache.commons.cli.OptionBuilder;OptionBuilder;1;0;0;0;0;null;0;0;Method;hasOptionalArgs;1;0;0;0;0;0;0;1;0;;0;0;0;0;0;0;0;0;0;0;0;0;0;0;0;0.0;0;0;0;0;0;0;0;0;0;0;0;0;0;0;0;0;;0;0;0;0;0;0;0;0;0;0;0;0;0;0;0;0;org.apache.commons.cli.OptionBuilder#public#hasOptionalArgs(int);
\src\java\org\apache\commons\cli\OptionBuilder.java;org.apache.commons.cli;org.apache.commons.cli.OptionBuilder;OptionBuilder;1;0;0;0;0;null;0;0;Method;withType;1;0;0;0;0;0;0;1;0;;0;0;0;0;0;0;0;0;0;0;0;0;0;0;0;0.0;0;0;0;0;0;0;0;0;0;0;0;0;0;0;0;0;;0;0;0;0;0;0;0;0;0;0;0;0;0;0;0;0;org.apache.commons.cli.OptionBuilder#public#withType(Object);
\src\java\org\apache\commons\cli\OptionBuilder.java;org.apache.commons.cli;org.apache.commons.cli.OptionBuilder;OptionBuilder;1;0;0;0;0;null;0;0;Method;withDescription;1;0;0;0;0;0;0;1;0;;0;0;0;0;0;0;0;0;0;0;0;0;0;0;0;0.0;0;0;0;0;0;0;0;0;0;0;0;0;0;0;0;0;;0;0;0;0;0;0;0;0;0;0;0;0;0;0;0;0;org.apache.commons.cli.OptionBuilder#public#withDescription(String);
\src\java\org\apache\commons\cli\OptionBuilder.java;org.apache.commons.cli;org.apache.commons.cli.OptionBuilder;OptionBuilder;1;0;0;0;0;null;0;0;Method;create;1;0;0;0;0;0;0;1;1;IllegalArgumentException:;0;0;0;0;0;0;0;0;0;0;0;0;0;0;0;0.0;0;0;0;0;0;0;0;0;0;0;0;0;0;0;0;0;;0;0;0;0;0;0;0;0;0;0;0;0;0;0;0;0;org.apache.commons.cli.OptionBuilder#public#create(char)IllegalArgumentException;
\src\java\org\apache\commons\cli\OptionBuilder.java;org.apache.commons.cli;org.apache.commons.cli.OptionBuilder;OptionBuilder;1;0;0;0;0;null;0;0;Method;create;1;0;0;0;0;0;0;0;1;IllegalArgumentException:;0;0;0;1;0;0;0;0;1;0;0;0;0;0;0;0.0;0;0;0;0;0;0;0;0;0;0;0;0;0;0;0;0;;0;0;0;0;0;0;0;0;0;0;0;0;0;0;0;0;org.apache.commons.cli.OptionBuilder#public#create()IllegalArgumentException;
\src\java\org\apache\commons\cli\OptionBuilder.java;org.apache.commons.cli;org.apache.commons.cli.OptionBuilder;OptionBuilder;1;0;0;0;0;null;0;0;Method;create;1;0;0;0;0;0;0;1;1;IllegalArgumentException:;0;0;0;0;0;0;0;0;0;0;0;0;0;0;0;0.0;0;0;0;0;0;0;0;0;0;0;0;0;0;0;0;0;;0;0;0;0;0;0;0;0;0;0;0;0;0;0;0;0;org.apache.commons.cli.OptionBuilder#public#create(String)IllegalArgumentException;
\src\java\org\apache\commons\cli\BasicParser.java;org.apache.commons.cli;org.apache.commons.cli.BasicParser;BasicParser;1;0;0;0;0;Parser;0;0;Method;flatten;1;0;0;0;0;0;0;3;0;;0;0;0;0;0;0;0;0;0;0;0;0;0;0;0;0.0;0;0;0;0;0;0;0;0;0;0;0;0;0;0;0;0;;0;0;0;0;0;0;0;0;0;0;0;0;0;0;0;0;org.apache.commons.cli.BasicParser#public#flatten(Options#String[]#boolean);
\src\java\org\apache\commons\cli\AlreadySelectedException.java;org.apache.commons.cli;org.apache.commons.cli.AlreadySelectedException;AlreadySelectedException;1;0;0;0;0;ParseException;0;0;Constructor;AlreadySelectedException;1;0;0;0;0;0;0;1;0;;0;0;0;0;0;0;0;0;0;0;0;0;0;0;0;0.0;0;0;0;0;0;0;0;0;0;0;0;0;0;0;0;0;;0;0;0;0;0;0;0;0;0;0;0;0;0;0;0;0;org.apache.commons.cli.AlreadySelectedException#public#AlreadySelectedException(String);
\src\java\org\apache\commons\cli\PatternOptionBuilder.java;org.apache.commons.cli;org.apache.commons.cli.PatternOptionBuilder;PatternOptionBuilder;1;0;0;0;0;null;0;0;Method;getValueClass;1;0;0;0;0;0;0;1;0;;0;0;0;9;0;0;0;0;0;0;0;0;0;0;0;0.0;0;0;0;0;0;0;0;0;0;0;0;0;0;0;0;0;;0;0;0;0;0;0;0;0;0;0;0;0;0;0;0;0;org.apache.commons.cli.PatternOptionBuilder#public#getValueClass(char);
\src\java\org\apache\commons\cli\PatternOptionBuilder.java;org.apache.commons.cli;org.apache.commons.cli.PatternOptionBuilder;PatternOptionBuilder;1;0;0;0;0;null;0;0;Method;isValueCode;1;0;0;0;0;0;0;1;0;;0;0;0;1;0;0;0;0;0;0;0;0;0;0;0;0.0;0;0;0;0;0;0;0;0;0;0;0;0;0;0;0;0;;0;0;0;0;0;0;0;0;0;0;0;0;0;0;0;0;org.apache.commons.cli.PatternOptionBuilder#public#isValueCode(char);
\src\java\org\apache\commons\cli\PatternOptionBuilder.java;org.apache.commons.cli;org.apache.commons.cli.PatternOptionBuilder;PatternOptionBuilder;1;0;0;0;0;null;0;0;Method;parsePattern;1;0;0;0;0;0;0;1;0;;0;0;1;4;0;0;0;0;0;0;0;0;0;0;0;0.0;0;0;0;0;0;0;0;0;0;0;0;0;0;0;0;0;;0;0;0;0;0;0;0;0;0;0;0;0;0;0;0;0;org.apache.commons.cli.PatternOptionBuilder#public#parsePattern(String);
\src\test\org\apache\commons\cli\BuildTest.java;org.apache.commons.cli;org.apache.commons.cli.BuildTest;BuildTest;1;0;0;1;1;TestCase;0;0;Method;suite;1;0;0;0;0;0;1;0;0;;0;0;0;0;0;0;0;0;0;0;0;0;0;0;0;0.0;0;0;0;0;0;0;0;0;0;0;0;0;0;0;0;0;;0;0;0;0;0;0;0;0;0;0;0;0;0;0;0;0;org.apache.commons.cli.BuildTest#public#suite();
\src\test\org\apache\commons\cli\BuildTest.java;org.apache.commons.cli;org.apache.commons.cli.BuildTest;BuildTest;1;0;0;1;1;TestCase;0;0;Constructor;BuildTest;1;0;0;0;0;0;0;1;0;;0;0;0;0;0;0;0;0;0;0;0;0;0;0;0;0.0;0;0;0;0;0;0;0;0;0;0;0;0;0;0;0;0;;0;0;0;0;0;0;0;0;0;0;0;0;0;0;0;0;org.apache.commons.cli.BuildTest#public#BuildTest(String);
\src\test\org\apache\commons\cli\BuildTest.java;org.apache.commons.cli;org.apache.commons.cli.BuildTest;BuildTest;1;0;0;1;1;TestCase;0;0;Method;setUp;1;0;0;0;0;0;1;0;0;;0;0;0;0;0;0;0;0;0;0;0;0;0;0;0;0.0;0;0;0;0;0;0;0;0;0;0;0;0;0;0;0;0;;0;0;0;0;0;0;0;0;0;0;0;0;0;0;0;0;org.apache.commons.cli.BuildTest#public#setUp();
\src\test\org\apache\commons\cli\BuildTest.java;org.apache.commons.cli;org.apache.commons.cli.BuildTest;BuildTest;1;0;0;1;1;TestCase;0;0;Method;tearDown;1;0;0;0;0;0;1;0;0;;0;0;0;0;0;0;0;0;0;0;0;0;0;0;0;0.0;0;0;0;0;0;0;0;0;0;0;0;0;0;0;0;0;;0;0;0;0;0;0;0;0;0;0;0;0;0;0;0;0;org.apache.commons.cli.BuildTest#public#tearDown();
\src\test\org\apache\commons\cli\BuildTest.java;org.apache.commons.cli;org.apache.commons.cli.BuildTest;BuildTest;1;0;0;1;1;TestCase;0;0;Method;testSimple;1;0;0;0;0;1;0;0;0;;0;0;0;0;0;0;0;0;0;0;0;0;0;0;0;0.0;0;0;0;0;0;0;0;0;0;0;0;0;0;0;0;0;;0;0;0;0;0;0;0;0;0;0;0;0;0;0;0;0;org.apache.commons.cli.BuildTest#public#testSimple();
\src\test\org\apache\commons\cli\BuildTest.java;org.apache.commons.cli;org.apache.commons.cli.BuildTest;BuildTest;1;0;0;1;1;TestCase;0;0;Method;testDuplicateSimple;1;0;0;0;0;1;0;0;0;;0;0;0;0;0;0;1;0;0;0;0;0;0;0;0;0.0;0;0;0;0;0;0;0;0;0;0;0;0;0;0;0;0;;0;0;0;0;0;0;0;0;0;0;0;0;0;0;0;0;org.apache.commons.cli.BuildTest#public#testDuplicateSimple();
\src\test\org\apache\commons\cli\BuildTest.java;org.apache.commons.cli;org.apache.commons.cli.BuildTest;BuildTest;1;0;0;1;1;TestCase;0;0;Method;testLong;1;0;0;0;0;1;0;0;0;;0;0;0;0;0;0;0;0;0;0;0;0;0;0;0;0.0;0;0;0;0;0;0;0;0;0;0;0;0;0;0;0;0;;0;0;0;0;0;0;0;0;0;0;0;0;0;0;0;0;org.apache.commons.cli.BuildTest#public#testLong();
\src\test\org\apache\commons\cli\BuildTest.java;org.apache.commons.cli;org.apache.commons.cli.BuildTest;BuildTest;1;0;0;1;1;TestCase;0;0;Method;testDuplicateLong;1;0;0;0;0;1;0;0;0;;0;0;0;0;0;0;1;0;0;0;0;0;0;0;0;0.0;0;0;0;0;0;0;0;0;0;0;0;0;0;0;0;0;;0;0;0;0;0;0;0;0;0;0;0;0;0;0;0;0;org.apache.commons.cli.BuildTest#public#testDuplicateLong();
\src\java\org\apache\commons\cli\ParseException.java;org.apache.commons.cli;org.apache.commons.cli.ParseException;ParseException;1;0;0;0;0;Exception;0;0;Constructor;ParseException;1;0;0;0;0;0;0;1;0;;0;0;0;0;0;0;0;0;0;0;0;0;0;0;0;0.0;0;0;0;0;0;0;0;0;0;0;0;0;0;0;0;0;;0;0;0;0;0;0;0;0;0;0;0;0;0;0;0;0;org.apache.commons.cli.ParseException#public#ParseException(String);
\src\test\org\apache\commons\cli\HelpFormatterExamples.java;org.apache.commons.cli;org.apache.commons.cli.HelpFormatterExamples;HelpFormatterExamples;1;0;0;0;1;null;0;0;Method;main;1;0;0;0;0;0;1;1;0;;0;0;0;0;0;0;0;0;0;0;0;0;0;0;0;0.0;0;0;0;0;0;0;0;0;0;0;0;0;0;0;0;0;;0;0;0;0;0;0;0;0;0;0;0;0;0;0;0;0;org.apache.commons.cli.HelpFormatterExamples#public#main(String[]);
\src\test\org\apache\commons\cli\HelpFormatterExamples.java;org.apache.commons.cli;org.apache.commons.cli.HelpFormatterExamples;HelpFormatterExamples;1;0;0;0;1;null;0;0;Method;manExample;0;0;0;1;0;0;1;0;0;;0;0;0;0;0;0;0;0;0;0;0;0;0;0;0;0.0;0;0;0;0;0;0;0;0;0;0;0;0;0;0;0;0;;0;0;0;0;0;0;0;0;0;0;0;0;0;0;0;0;org.apache.commons.cli.HelpFormatterExamples##manExample();
\src\test\org\apache\commons\cli\HelpFormatterExamples.java;org.apache.commons.cli;org.apache.commons.cli.HelpFormatterExamples;HelpFormatterExamples;1;0;0;0;1;null;0;0;Method;bzip2Example;0;0;0;1;0;0;1;0;0;;0;0;0;0;0;0;0;0;0;0;0;0;0;0;0;0.0;0;0;0;0;0;0;0;0;0;0;0;0;0;0;0;0;;0;0;0;0;0;0;0;0;0;0;0;0;0;0;0;0;org.apache.commons.cli.HelpFormatterExamples##bzip2Example();
\src\test\org\apache\commons\cli\HelpFormatterExamples.java;org.apache.commons.cli;org.apache.commons.cli.HelpFormatterExamples;HelpFormatterExamples;1;0;0;0;1;null;0;0;Method;lsExample;0;0;0;1;0;0;1;0;0;;0;0;0;0;0;0;0;0;0;0;0;0;0;0;0;0.0;0;0;0;0;0;0;0;0;0;0;0;0;0;0;0;0;;0;0;0;0;0;0;0;0;0;0;0;0;0;0;0;0;org.apache.commons.cli.HelpFormatterExamples##lsExample();
\src\test\org\apache\commons\cli\ParseRequiredTest.java;org.apache.commons.cli;org.apache.commons.cli.ParseRequiredTest;ParseRequiredTest;1;0;0;1;1;TestCase;0;0;Method;suite;1;0;0;0;0;0;1;0;0;;0;0;0;0;0;0;0;0;0;0;0;0;0;0;0;0.0;0;0;0;0;0;0;0;0;0;0;0;0;0;0;0;0;;0;0;0;0;0;0;0;0;0;0;0;0;0;0;0;0;org.apache.commons.cli.ParseRequiredTest#public#suite();
\src\test\org\apache\commons\cli\ParseRequiredTest.java;org.apache.commons.cli;org.apache.commons.cli.ParseRequiredTest;ParseRequiredTest;1;0;0;1;1;TestCase;0;0;Constructor;ParseRequiredTest;1;0;0;0;0;0;0;1;0;;0;0;0;0;0;0;0;0;0;0;0;0;0;0;0;0.0;0;0;0;0;0;0;0;0;0;0;0;0;0;0;0;0;;0;0;0;0;0;0;0;0;0;0;0;0;0;0;0;0;org.apache.commons.cli.ParseRequiredTest#public#ParseRequiredTest(String);
\src\test\org\apache\commons\cli\ParseRequiredTest.java;org.apache.commons.cli;org.apache.commons.cli.ParseRequiredTest;ParseRequiredTest;1;0;0;1;1;TestCase;0;0;Method;setUp;1;0;0;0;0;0;1;0;0;;0;0;0;0;0;0;0;0;0;0;0;0;0;0;0;0.0;0;0;0;0;0;0;0;0;0;0;0;0;0;0;0;0;;0;0;0;0;0;0;0;0;0;0;0;0;0;0;0;0;org.apache.commons.cli.ParseRequiredTest#public#setUp();
\src\test\org\apache\commons\cli\ParseRequiredTest.java;org.apache.commons.cli;org.apache.commons.cli.ParseRequiredTest;ParseRequiredTest;1;0;0;1;1;TestCase;0;0;Method;tearDown;1;0;0;0;0;0;1;0;0;;0;0;0;0;0;0;0;0;0;0;0;0;0;0;0;0.0;0;0;0;0;0;0;0;0;0;0;0;0;0;0;0;0;;0;0;0;0;0;0;0;0;0;0;0;0;0;0;0;0;org.apache.commons.cli.ParseRequiredTest#public#tearDown();
\src\test\org\apache\commons\cli\ParseRequiredTest.java;org.apache.commons.cli;org.apache.commons.cli.ParseRequiredTest;ParseRequiredTest;1;0;0;1;1;TestCase;0;0;Method;testWithRequiredOption;1;0;0;0;0;1;0;0;0;;0;0;0;0;0;0;4;1;0;1;0;0;1;1;1;1.0;0;0;0;0;0;0;0;0;0;0;0;0;1;0;1;0;ParseException;0;0;0;0;0;0;0;0;0;0;0;0;0;0;0;0;org.apache.commons.cli.ParseRequiredTest#public#testWithRequiredOption();
\src\test\org\apache\commons\cli\ParseRequiredTest.java;org.apache.commons.cli;org.apache.commons.cli.ParseRequiredTest;ParseRequiredTest;1;0;0;1;1;TestCase;0;0;Method;testOptionAndRequiredOption;1;0;0;0;0;1;0;0;0;;0;0;0;0;0;0;4;1;0;1;0;0;1;1;1;1.0;0;0;0;0;0;0;0;0;0;0;0;0;1;0;1;0;ParseException;0;0;0;0;0;0;0;0;0;0;0;0;0;0;0;0;org.apache.commons.cli.ParseRequiredTest#public#testOptionAndRequiredOption();
\src\test\org\apache\commons\cli\ParseRequiredTest.java;org.apache.commons.cli;org.apache.commons.cli.ParseRequiredTest;ParseRequiredTest;1;0;0;1;1;TestCase;0;0;Method;testMissingRequiredOption;1;0;0;0;0;1;0;0;0;;0;0;0;1;0;0;0;2;0;1;0;0;1;1;1;1.0;0;0;0;0;0;0;0;0;0;1;0;0;1;0;1;0;ParseException;0;0;0;0;0;0;0;0;0;0;0;0;0;0;0;0;org.apache.commons.cli.ParseRequiredTest#public#testMissingRequiredOption();
\src\java\org\apache\commons\cli\TypeHandler.java;org.apache.commons.cli;org.apache.commons.cli.TypeHandler;TypeHandler;1;0;0;0;0;null;0;0;Method;createValue;1;0;0;0;0;0;0;2;0;;0;0;0;0;0;0;0;0;0;0;0;0;0;0;0;0.0;0;0;0;0;0;0;0;0;0;0;0;0;0;0;0;0;;0;0;0;0;0;0;0;0;0;0;0;0;0;0;0;0;org.apache.commons.cli.TypeHandler#public#createValue(String#Object);
\src\java\org\apache\commons\cli\TypeHandler.java;org.apache.commons.cli;org.apache.commons.cli.TypeHandler;TypeHandler;1;0;0;0;0;null;0;0;Method;createValue;1;0;0;0;0;0;0;2;0;;0;0;0;9;0;0;0;0;0;0;0;0;0;0;0;0.0;0;0;0;0;0;0;0;0;0;0;0;0;0;0;0;0;;0;0;0;0;0;0;0;0;0;0;0;0;0;0;0;0;org.apache.commons.cli.TypeHandler#public#createValue(String#Class);
\src\java\org\apache\commons\cli\TypeHandler.java;org.apache.commons.cli;org.apache.commons.cli.TypeHandler;TypeHandler;1;0;0;0;0;null;0;0;Method;createObject;1;0;0;0;0;0;0;1;0;;0;0;0;0;0;0;0;0;0;2;0;0;3;1;2;1.5;0;0;3;0;0;0;3;0;0;0;0;0;0;0;3;0;ClassNotFoundException:InstantiationException:IllegalAccessException;0;0;0;0;0;0;0;0;0;0;0;0;0;0;0;0;org.apache.commons.cli.TypeHandler#public#createObject(String);
\src\java\org\apache\commons\cli\TypeHandler.java;org.apache.commons.cli;org.apache.commons.cli.TypeHandler;TypeHandler;1;0;0;0;0;null;0;0;Method;createNumber;1;0;0;0;0;0;0;1;0;;0;0;0;0;0;0;0;0;0;1;0;0;1;1;1;1.0;0;0;1;0;0;0;1;0;0;0;0;0;0;0;1;0;NumberFormatException;0;0;0;0;0;0;0;0;0;0;0;0;0;0;0;0;org.apache.commons.cli.TypeHandler#public#createNumber(String);
\src\java\org\apache\commons\cli\TypeHandler.java;org.apache.commons.cli;org.apache.commons.cli.TypeHandler;TypeHandler;1;0;0;0;0;null;0;0;Method;createClass;1;0;0;0;0;0;0;1;0;;0;0;0;0;0;0;0;0;0;1;0;0;1;1;1;1.0;0;0;1;0;0;0;1;0;0;0;0;0;0;0;1;0;ClassNotFoundException;0;0;0;0;0;0;0;0;0;0;0;0;0;0;0;0;org.apache.commons.cli.TypeHandler#public#createClass(String);
\src\java\org\apache\commons\cli\TypeHandler.java;org.apache.commons.cli;org.apache.commons.cli.TypeHandler;TypeHandler;1;0;0;0;0;null;0;0;Method;createDate;1;0;0;0;0;0;0;1;0;;0;0;0;1;0;0;0;0;0;0;0;0;0;0;0;0.0;0;0;0;0;0;0;0;0;0;0;0;0;0;0;0;0;;0;0;0;0;0;0;0;0;0;0;0;0;0;0;0;0;org.apache.commons.cli.TypeHandler#public#createDate(String);
\src\java\org\apache\commons\cli\TypeHandler.java;org.apache.commons.cli;org.apache.commons.cli.TypeHandler;TypeHandler;1;0;0;0;0;null;0;0;Method;createURL;1;0;0;0;0;0;0;1;0;;0;0;0;0;0;0;0;0;0;1;0;0;1;1;1;1.0;0;0;1;0;0;0;1;0;0;0;0;0;0;0;1;0;java.net.MalformedURLException;0;0;0;0;0;0;0;0;0;0;0;0;0;0;0;0;org.apache.commons.cli.TypeHandler#public#createURL(String);
\src\java\org\apache\commons\cli\TypeHandler.java;org.apache.commons.cli;org.apache.commons.cli.TypeHandler;TypeHandler;1;0;0;0;0;null;0;0;Method;createFile;1;0;0;0;0;0;0;1;0;;0;0;0;0;0;0;0;0;0;0;0;0;0;0;0;0.0;0;0;0;0;0;0;0;0;0;0;0;0;0;0;0;0;;0;0;0;0;0;0;0;0;0;0;0;0;0;0;0;0;org.apache.commons.cli.TypeHandler#public#createFile(String);
\src\java\org\apache\commons\cli\TypeHandler.java;org.apache.commons.cli;org.apache.commons.cli.TypeHandler;TypeHandler;1;0;0;0;0;null;0;0;Method;createFiles;1;0;0;0;0;0;0;1;0;;0;0;0;0;0;0;0;0;0;0;0;0;0;0;0;0.0;0;0;0;0;0;0;0;0;0;0;0;0;0;0;0;0;;0;0;0;0;0;0;0;0;0;0;0;0;0;0;0;0;org.apache.commons.cli.TypeHandler#public#createFiles(String);
\src\java\org\apache\commons\cli\Options.java;org.apache.commons.cli;org.apache.commons.cli.Options;Options;1;0;0;0;0;null;0;0;Constructor;Options;1;0;0;0;0;0;0;0;0;;0;0;0;0;0;0;0;0;0;0;0;0;0;0;0;0.0;0;0;0;0;0;0;0;0;0;0;0;0;0;0;0;0;;0;0;0;0;0;0;0;0;0;0;0;0;0;0;0;0;org.apache.commons.cli.Options#public#Options();
\src\java\org\apache\commons\cli\Options.java;org.apache.commons.cli;org.apache.commons.cli.Options;Options;1;0;0;0;0;null;0;0;Method;addOptionGroup;1;0;0;0;0;0;0;1;0;;0;1;0;1;0;0;0;0;0;0;0;0;0;0;0;0.0;0;0;0;0;0;0;0;0;0;0;0;0;0;0;0;0;;0;0;0;0;0;0;0;0;0;0;0;0;0;0;0;0;org.apache.commons.cli.Options#public#addOptionGroup(OptionGroup);
\src\java\org\apache\commons\cli\Options.java;org.apache.commons.cli;org.apache.commons.cli.Options;Options;1;0;0;0;0;null;0;0;Method;addOption;1;0;0;0;0;0;0;3;0;;0;0;0;0;0;0;0;0;0;0;0;0;0;0;0;0.0;0;0;0;0;0;0;0;0;0;0;0;0;0;0;0;0;;0;0;0;0;0;0;0;0;0;0;0;0;0;0;0;0;org.apache.commons.cli.Options#public#addOption(String#boolean#String);
\src\java\org\apache\commons\cli\Options.java;org.apache.commons.cli;org.apache.commons.cli.Options;Options;1;0;0;0;0;null;0;0;Method;addOption;1;0;0;0;0;0;0;4;0;;0;0;0;0;0;0;0;0;0;0;0;0;0;0;0;0.0;0;0;0;0;0;0;0;0;0;0;0;0;0;0;0;0;;0;0;0;0;0;0;0;0;0;0;0;0;0;0;0;0;org.apache.commons.cli.Options#public#addOption(String#String#boolean#String);
\src\java\org\apache\commons\cli\Options.java;org.apache.commons.cli;org.apache.commons.cli.Options;Options;1;0;0;0;0;null;0;0;Method;addOption;1;0;0;0;0;0;0;1;0;;0;0;0;2;0;0;0;0;0;0;0;0;0;0;0;0.0;0;0;0;0;0;0;0;0;0;0;0;0;0;0;0;0;;0;0;0;0;0;0;0;0;0;0;0;0;0;0;0;0;org.apache.commons.cli.Options#public#addOption(Option);
\src\java\org\apache\commons\cli\Options.java;org.apache.commons.cli;org.apache.commons.cli.Options;Options;1;0;0;0;0;null;0;0;Method;getOptions;1;0;0;0;0;0;0;0;0;;0;1;0;1;0;0;0;0;0;0;0;0;0;0;0;0.0;0;0;0;0;0;0;0;0;0;0;0;0;0;0;0;0;;0;0;0;0;0;0;0;0;0;0;0;0;0;0;0;0;org.apache.commons.cli.Options#public#getOptions();
\src\java\org\apache\commons\cli\Options.java;org.apache.commons.cli;org.apache.commons.cli.Options;Options;1;0;0;0;0;null;0;0;Method;getRequiredOptions;1;0;0;0;0;0;0;0;0;;0;0;0;0;0;0;0;0;0;0;0;0;0;0;0;0.0;0;0;0;0;0;0;0;0;0;0;0;0;0;0;0;0;;0;0;0;0;0;0;0;0;0;0;0;0;0;0;0;0;org.apache.commons.cli.Options#public#getRequiredOptions();
\src\java\org\apache\commons\cli\Options.java;org.apache.commons.cli;org.apache.commons.cli.Options;Options;1;0;0;0;0;null;0;0;Method;getOption;1;0;0;0;0;0;0;1;0;;0;0;0;2;0;0;0;0;0;0;0;0;0;0;0;0.0;0;0;0;0;0;0;0;0;0;0;0;0;0;0;0;0;;0;0;0;0;0;0;0;0;0;0;0;0;0;0;0;0;org.apache.commons.cli.Options#public#getOption(String);
\src\java\org\apache\commons\cli\Options.java;org.apache.commons.cli;org.apache.commons.cli.Options;Options;1;0;0;0;0;null;0;0;Method;hasOption;1;0;0;0;0;0;0;1;0;;0;0;0;2;0;0;0;0;0;0;0;0;0;0;0;0.0;0;0;0;0;0;0;0;0;0;0;0;0;0;0;0;0;;0;0;0;0;0;0;0;0;0;0;0;0;0;0;0;0;org.apache.commons.cli.Options#public#hasOption(String);
\src\java\org\apache\commons\cli\Options.java;org.apache.commons.cli;org.apache.commons.cli.Options;Options;1;0;0;0;0;null;0;0;Method;getOptionGroup;1;0;0;0;0;0;0;1;0;;0;0;0;0;0;0;0;0;0;0;0;0;0;0;0;0.0;0;0;0;0;0;0;0;0;0;0;0;0;0;0;0;0;;0;0;0;0;0;0;0;0;0;0;0;0;0;0;0;0;org.apache.commons.cli.Options#public#getOptionGroup(Option);
\src\java\org\apache\commons\cli\Options.java;org.apache.commons.cli;org.apache.commons.cli.Options;Options;1;0;0;0;0;null;0;0;Method;toString;1;0;0;0;0;0;0;0;0;;0;0;0;0;0;0;0;0;0;0;0;0;0;0;0;0.0;0;0;0;0;0;0;0;0;0;0;0;0;0;0;0;0;;0;0;0;0;0;0;0;0;0;0;0;0;0;0;0;0;org.apache.commons.cli.Options#public#toString();
\src\java\org\apache\commons\cli\Options.java;org.apache.commons.cli;org.apache.commons.cli.Options;Options;1;0;0;0;0;null;0;0;Method;helpOptions;0;0;0;1;0;0;0;0;0;;0;0;0;0;0;0;0;0;0;0;0;0;0;0;0;0.0;0;0;0;0;0;0;0;0;0;0;0;0;0;0;0;0;;0;0;0;0;0;0;0;0;0;0;0;0;0;0;0;0;org.apache.commons.cli.Options##helpOptions();
\src\java\org\apache\commons\cli\GnuParser.java;org.apache.commons.cli;org.apache.commons.cli.GnuParser;GnuParser;1;0;0;0;0;Parser;0;0;Method;init;1;0;0;0;0;0;0;0;0;;0;0;0;0;0;0;0;0;0;0;0;0;0;0;0;0.0;0;0;0;0;0;0;0;0;0;0;0;0;0;0;0;0;;0;0;0;0;0;0;0;0;0;0;0;0;0;0;0;0;org.apache.commons.cli.GnuParser#public#init();
\src\java\org\apache\commons\cli\GnuParser.java;org.apache.commons.cli;org.apache.commons.cli.GnuParser;GnuParser;1;0;0;0;0;Parser;0;0;Method;flatten;1;0;0;0;0;0;0;3;0;;0;0;2;14;0;0;0;0;0;0;0;0;0;0;0;0.0;0;0;0;0;0;0;0;0;0;0;0;0;0;0;0;0;;0;0;0;0;0;0;0;0;0;0;0;0;0;0;0;0;org.apache.commons.cli.GnuParser#public#flatten(Options#String[]#boolean);
\src\test\org\apache\commons\cli\BugsTest.java;org.apache.commons.cli;org.apache.commons.cli.BugsTest;BugsTest;1;0;0;1;1;TestCase;0;0;Method;suite;1;0;0;0;0;0;1;0;0;;0;0;0;0;0;0;0;0;0;0;0;0;0;0;0;0.0;0;0;0;0;0;0;0;0;0;0;0;0;0;0;0;0;;0;0;0;0;0;0;0;0;0;0;0;0;0;0;0;0;org.apache.commons.cli.BugsTest#public#suite();
\src\test\org\apache\commons\cli\BugsTest.java;org.apache.commons.cli;org.apache.commons.cli.BugsTest;BugsTest;1;0;0;1;1;TestCase;0;0;Constructor;BugsTest;1;0;0;0;0;0;0;1;0;;0;0;0;0;0;0;0;0;0;0;0;0;0;0;0;0.0;0;0;0;0;0;0;0;0;0;0;0;0;0;0;0;0;;0;0;0;0;0;0;0;0;0;0;0;0;0;0;0;0;org.apache.commons.cli.BugsTest#public#BugsTest(String);
\src\test\org\apache\commons\cli\BugsTest.java;org.apache.commons.cli;org.apache.commons.cli.BugsTest;BugsTest;1;0;0;1;1;TestCase;0;0;Method;setUp;1;0;0;0;0;0;1;0;0;;0;0;0;0;0;0;0;0;0;0;0;0;0;0;0;0.0;0;0;0;0;0;0;0;0;0;0;0;0;0;0;0;0;;0;0;0;0;0;0;0;0;0;0;0;0;0;0;0;0;org.apache.commons.cli.BugsTest#public#setUp();
\src\test\org\apache\commons\cli\BugsTest.java;org.apache.commons.cli;org.apache.commons.cli.BugsTest;BugsTest;1;0;0;1;1;TestCase;0;0;Method;tearDown;1;0;0;0;0;0;1;0;0;;0;0;0;0;0;0;0;0;0;0;0;0;0;0;0;0.0;0;0;0;0;0;0;0;0;0;0;0;0;0;0;0;0;;0;0;0;0;0;0;0;0;0;0;0;0;0;0;0;0;org.apache.commons.cli.BugsTest#public#tearDown();
\src\test\org\apache\commons\cli\BugsTest.java;org.apache.commons.cli;org.apache.commons.cli.BugsTest;BugsTest;1;0;0;1;1;TestCase;0;0;Method;test11457;1;0;0;0;0;1;0;0;0;;0;0;0;0;0;0;1;1;0;1;0;0;1;1;1;1.0;0;0;0;0;0;0;0;1;0;0;0;0;1;0;1;0;ParseException;0;0;0;0;0;0;0;0;0;0;0;0;0;0;0;0;org.apache.commons.cli.BugsTest#public#test11457();
\src\test\org\apache\commons\cli\BugsTest.java;org.apache.commons.cli;org.apache.commons.cli.BugsTest;BugsTest;1;0;0;1;1;TestCase;0;0;Method;test11458;1;0;0;0;0;1;0;0;0;;0;1;0;0;1;0;10;2;0;1;0;0;1;1;1;1.0;0;0;0;0;0;0;0;0;0;0;0;0;1;0;1;0;ParseException;0;0;0;0;0;0;0;0;0;0;0;0;0;0;0;0;org.apache.commons.cli.BugsTest#public#test11458();
\src\test\org\apache\commons\cli\BugsTest.java;org.apache.commons.cli;org.apache.commons.cli.BugsTest;BugsTest;1;0;0;1;1;TestCase;0;0;Method;test11680;1;0;0;0;0;1;0;0;0;;0;0;0;0;0;0;0;2;0;2;1;1;2;1;1;1.0;0;0;0;0;0;0;0;0;0;0;0;0;2;0;2;0;ParseException:NullPointerException;0;0;0;0;0;0;0;0;0;0;0;0;0;0;0;0;org.apache.commons.cli.BugsTest#public#test11680();
\src\test\org\apache\commons\cli\BugsTest.java;org.apache.commons.cli;org.apache.commons.cli.BugsTest;BugsTest;1;0;0;1;1;TestCase;0;0;Method;test11456;1;0;0;0;0;1;0;0;0;;0;0;0;0;0;0;2;2;0;2;0;0;2;1;1;1.0;0;0;0;0;0;0;0;0;0;0;0;0;2;0;2;0;ParseException;0;0;0;0;0;0;0;0;0;0;0;0;0;0;0;0;org.apache.commons.cli.BugsTest#public#test11456();
\src\test\org\apache\commons\cli\BugsTest.java;org.apache.commons.cli;org.apache.commons.cli.BugsTest;BugsTest;1;0;0;1;1;TestCase;0;0;Method;test12210;1;0;0;0;0;1;0;0;0;;0;0;0;2;0;0;2;2;0;1;0;0;1;1;1;1.0;0;0;0;0;0;0;0;0;0;0;0;0;1;0;1;0;ParseException;0;0;0;0;0;0;0;0;0;0;0;0;0;0;0;0;org.apache.commons.cli.BugsTest#public#test12210();
\src\test\org\apache\commons\cli\BugsTest.java;org.apache.commons.cli;org.apache.commons.cli.BugsTest;BugsTest;1;0;0;1;1;TestCase;0;0;Method;test13425;1;0;0;0;0;1;0;0;0;;0;0;0;0;0;0;1;1;0;1;0;0;1;1;1;1.0;0;1;0;0;0;0;0;0;0;0;0;1;0;0;1;0;Exception;0;0;0;0;0;0;0;0;0;0;0;0;0;0;0;0;org.apache.commons.cli.BugsTest#public#test13425();
\src\test\org\apache\commons\cli\BugsTest.java;org.apache.commons.cli;org.apache.commons.cli.BugsTest;BugsTest;1;0;0;1;1;TestCase;0;0;Method;test13666;1;0;0;0;0;1;0;0;0;;0;0;0;0;0;0;0;1;0;1;0;0;1;1;1;1.0;0;0;0;0;0;0;0;0;0;0;0;0;1;0;1;0;Exception;0;0;0;0;0;0;0;0;0;0;0;0;0;0;0;0;org.apache.commons.cli.BugsTest#public#test13666();
\src\test\org\apache\commons\cli\BugsTest.java;org.apache.commons.cli;org.apache.commons.cli.BugsTest;BugsTest;1;0;0;1;1;TestCase;0;0;Method;test13935;1;0;0;0;0;1;0;0;0;;0;0;0;2;0;0;0;4;0;4;0;0;4;1;1;1.0;0;0;0;0;0;0;0;0;0;0;0;0;2;0;4;0;ParseException;0;0;0;0;0;0;0;0;0;0;0;0;0;0;0;0;org.apache.commons.cli.BugsTest#public#test13935();
\src\java\org\apache\commons\cli\OptionGroup.java;org.apache.commons.cli;org.apache.commons.cli.OptionGroup;OptionGroup;1;0;0;0;0;null;0;0;Method;addOption;1;0;0;0;0;0;0;1;0;;0;0;0;0;0;0;0;0;0;0;0;0;0;0;0;0.0;0;0;0;0;0;0;0;0;0;0;0;0;0;0;0;0;;0;0;0;0;0;0;0;0;0;0;0;0;0;0;0;0;org.apache.commons.cli.OptionGroup#public#addOption(Option);
\src\java\org\apache\commons\cli\OptionGroup.java;org.apache.commons.cli;org.apache.commons.cli.OptionGroup;OptionGroup;1;0;0;0;0;null;0;0;Method;getNames;1;0;0;0;0;0;0;0;0;;0;0;0;0;0;0;0;0;0;0;0;0;0;0;0;0.0;0;0;0;0;0;0;0;0;0;0;0;0;0;0;0;0;;0;0;0;0;0;0;0;0;0;0;0;0;0;0;0;0;org.apache.commons.cli.OptionGroup#public#getNames();
\src\java\org\apache\commons\cli\OptionGroup.java;org.apache.commons.cli;org.apache.commons.cli.OptionGroup;OptionGroup;1;0;0;0;0;null;0;0;Method;getOptions;1;0;0;0;0;0;0;0;0;;0;0;0;0;0;0;0;0;0;0;0;0;0;0;0;0.0;0;0;0;0;0;0;0;0;0;0;0;0;0;0;0;0;;0;0;0;0;0;0;0;0;0;0;0;0;0;0;0;0;org.apache.commons.cli.OptionGroup#public#getOptions();
\src\java\org\apache\commons\cli\OptionGroup.java;org.apache.commons.cli;org.apache.commons.cli.OptionGroup;OptionGroup;1;0;0;0;0;null;0;0;Method;setSelected;1;0;0;0;0;0;0;1;1;AlreadySelectedException:;0;0;0;1;0;0;0;0;1;0;0;0;0;0;0;0.0;0;0;0;0;0;0;0;0;0;0;0;0;0;0;0;0;;0;0;0;0;0;0;0;0;0;0;0;0;0;0;0;0;org.apache.commons.cli.OptionGroup#public#setSelected(Option)AlreadySelectedException;
\src\java\org\apache\commons\cli\OptionGroup.java;org.apache.commons.cli;org.apache.commons.cli.OptionGroup;OptionGroup;1;0;0;0;0;null;0;0;Method;getSelected;1;0;0;0;0;0;0;0;0;;0;0;0;0;0;0;0;0;0;0;0;0;0;0;0;0.0;0;0;0;0;0;0;0;0;0;0;0;0;0;0;0;0;;0;0;0;0;0;0;0;0;0;0;0;0;0;0;0;0;org.apache.commons.cli.OptionGroup#public#getSelected();
\src\java\org\apache\commons\cli\OptionGroup.java;org.apache.commons.cli;org.apache.commons.cli.OptionGroup;OptionGroup;1;0;0;0;0;null;0;0;Method;setRequired;1;0;0;0;0;0;0;1;0;;0;0;0;0;0;0;0;0;0;0;0;0;0;0;0;0.0;0;0;0;0;0;0;0;0;0;0;0;0;0;0;0;0;;0;0;0;0;0;0;0;0;0;0;0;0;0;0;0;0;org.apache.commons.cli.OptionGroup#public#setRequired(boolean);
\src\java\org\apache\commons\cli\OptionGroup.java;org.apache.commons.cli;org.apache.commons.cli.OptionGroup;OptionGroup;1;0;0;0;0;null;0;0;Method;isRequired;1;0;0;0;0;0;0;0;0;;0;0;0;0;0;0;0;0;0;0;0;0;0;0;0;0.0;0;0;0;0;0;0;0;0;0;0;0;0;0;0;0;0;;0;0;0;0;0;0;0;0;0;0;0;0;0;0;0;0;org.apache.commons.cli.OptionGroup#public#isRequired();
\src\java\org\apache\commons\cli\OptionGroup.java;org.apache.commons.cli;org.apache.commons.cli.OptionGroup;OptionGroup;1;0;0;0;0;null;0;0;Method;toString;1;0;0;0;0;0;0;0;0;;0;1;0;1;0;0;0;0;0;0;0;0;0;0;0;0.0;0;0;0;0;0;0;0;0;0;0;0;0;0;0;0;0;;0;0;0;0;0;0;0;0;0;0;0;0;0;0;0;0;org.apache.commons.cli.OptionGroup#public#toString();
\src\java\org\apache\commons\cli\PosixParser.java;org.apache.commons.cli;org.apache.commons.cli.PosixParser;PosixParser;1;0;0;0;0;Parser;0;0;Method;init;1;0;0;0;0;0;0;0;0;;0;0;0;0;0;0;0;0;0;0;0;0;0;0;0;0.0;0;0;0;0;0;0;0;0;0;0;0;0;0;0;0;0;;0;0;0;0;0;0;0;0;0;0;0;0;0;0;0;0;org.apache.commons.cli.PosixParser#public#init();
\src\java\org\apache\commons\cli\PosixParser.java;org.apache.commons.cli;org.apache.commons.cli.PosixParser;PosixParser;1;0;0;0;0;Parser;0;0;Method;flatten;1;0;0;0;0;0;0;3;0;;0;1;0;6;0;0;0;0;0;0;0;0;0;0;0;0.0;0;0;0;0;0;0;0;0;0;0;0;0;0;0;0;0;;0;0;0;0;0;0;0;0;0;0;0;0;0;0;0;0;org.apache.commons.cli.PosixParser#public#flatten(Options#String[]#boolean);
\src\java\org\apache\commons\cli\PosixParser.java;org.apache.commons.cli;org.apache.commons.cli.PosixParser;PosixParser;1;0;0;0;0;Parser;0;0;Method;gobble;1;0;0;0;0;0;0;1;0;;0;1;0;1;0;0;0;0;0;0;0;0;0;0;0;0.0;0;0;0;0;0;0;0;0;0;0;0;0;0;0;0;0;;0;0;0;0;0;0;0;0;0;0;0;0;0;0;0;0;org.apache.commons.cli.PosixParser#public#gobble(Iterator);
\src\java\org\apache\commons\cli\PosixParser.java;org.apache.commons.cli;org.apache.commons.cli.PosixParser;PosixParser;1;0;0;0;0;Parser;0;0;Method;process;1;0;0;0;0;0;0;1;0;;0;0;0;3;0;0;0;0;0;0;0;0;0;0;0;0.0;0;0;0;0;0;0;0;0;0;0;0;0;0;0;0;0;;0;0;0;0;0;0;0;0;0;0;0;0;0;0;0;0;org.apache.commons.cli.PosixParser#public#process(String);
\src\java\org\apache\commons\cli\PosixParser.java;org.apache.commons.cli;org.apache.commons.cli.PosixParser;PosixParser;1;0;0;0;0;Parser;0;0;Method;processSingleHyphen;1;0;0;0;0;0;0;1;0;;0;0;0;0;0;0;0;0;0;0;0;0;0;0;0;0.0;0;0;0;0;0;0;0;0;0;0;0;0;0;0;0;0;;0;0;0;0;0;0;0;0;0;0;0;0;0;0;0;0;org.apache.commons.cli.PosixParser#public#processSingleHyphen(String);
\src\java\org\apache\commons\cli\PosixParser.java;org.apache.commons.cli;org.apache.commons.cli.PosixParser;PosixParser;1;0;0;0;0;Parser;0;0;Method;processOptionToken;1;0;0;0;0;0;0;2;0;;0;0;0;2;0;0;0;0;0;0;0;0;0;0;0;0.0;0;0;0;0;0;0;0;0;0;0;0;0;0;0;0;0;;0;0;0;0;0;0;0;0;0;0;0;0;0;0;0;0;org.apache.commons.cli.PosixParser#public#processOptionToken(String#boolean);
\src\java\org\apache\commons\cli\PosixParser.java;org.apache.commons.cli;org.apache.commons.cli.PosixParser;PosixParser;1;0;0;0;0;Parser;0;0;Method;burstToken;1;0;0;0;0;0;0;2;0;;0;0;1;3;0;0;0;0;0;0;0;0;0;0;0;0.0;0;0;0;0;0;0;0;0;0;0;0;0;0;0;0;0;;0;0;0;0;0;0;0;0;0;0;0;0;0;0;0;0;org.apache.commons.cli.PosixParser#public#burstToken(String#boolean);
\src\java\org\apache\commons\cli\MissingArgumentException.java;org.apache.commons.cli;org.apache.commons.cli.MissingArgumentException;MissingArgumentException;1;0;0;0;0;ParseException;0;0;Constructor;MissingArgumentException;1;0;0;0;0;0;0;1;0;;0;0;0;0;0;0;0;0;0;0;0;0;0;0;0;0.0;0;0;0;0;0;0;0;0;0;0;0;0;0;0;0;0;;0;0;0;0;0;0;0;0;0;0;0;0;0;0;0;0;org.apache.commons.cli.MissingArgumentException#public#MissingArgumentException(String);
\src\test\org\apache\commons\cli\OptionGroupTest.java;org.apache.commons.cli;org.apache.commons.cli.OptionGroupTest;OptionGroupTest;1;0;0;1;1;TestCase;0;0;Method;suite;1;0;0;0;0;0;1;0;0;;0;0;0;0;0;0;0;0;0;0;0;0;0;0;0;0.0;0;0;0;0;0;0;0;0;0;0;0;0;0;0;0;0;;0;0;0;0;0;0;0;0;0;0;0;0;0;0;0;0;org.apache.commons.cli.OptionGroupTest#public#suite();
\src\test\org\apache\commons\cli\OptionGroupTest.java;org.apache.commons.cli;org.apache.commons.cli.OptionGroupTest;OptionGroupTest;1;0;0;1;1;TestCase;0;0;Constructor;OptionGroupTest;1;0;0;0;0;0;0;1;0;;0;0;0;0;0;0;0;0;0;0;0;0;0;0;0;0.0;0;0;0;0;0;0;0;0;0;0;0;0;0;0;0;0;;0;0;0;0;0;0;0;0;0;0;0;0;0;0;0;0;org.apache.commons.cli.OptionGroupTest#public#OptionGroupTest(String);
\src\test\org\apache\commons\cli\OptionGroupTest.java;org.apache.commons.cli;org.apache.commons.cli.OptionGroupTest;OptionGroupTest;1;0;0;1;1;TestCase;0;0;Method;setUp;1;0;0;0;0;0;1;0;0;;0;0;0;0;0;0;0;0;0;0;0;0;0;0;0;0.0;0;0;0;0;0;0;0;0;0;0;0;0;0;0;0;0;;0;0;0;0;0;0;0;0;0;0;0;0;0;0;0;0;org.apache.commons.cli.OptionGroupTest#public#setUp();
\src\test\org\apache\commons\cli\OptionGroupTest.java;org.apache.commons.cli;org.apache.commons.cli.OptionGroupTest;OptionGroupTest;1;0;0;1;1;TestCase;0;0;Method;tearDown;1;0;0;0;0;0;1;0;0;;0;0;0;0;0;0;0;0;0;0;0;0;0;0;0;0.0;0;0;0;0;0;0;0;0;0;0;0;0;0;0;0;0;;0;0;0;0;0;0;0;0;0;0;0;0;0;0;0;0;org.apache.commons.cli.OptionGroupTest#public#tearDown();
\src\test\org\apache\commons\cli\OptionGroupTest.java;org.apache.commons.cli;org.apache.commons.cli.OptionGroupTest;OptionGroupTest;1;0;0;1;1;TestCase;0;0;Method;testSingleOptionFromGroup;1;0;0;0;0;1;0;0;0;;0;0;0;0;0;0;6;1;0;1;0;0;1;1;1;1.0;0;0;0;0;0;0;0;0;0;0;0;0;1;0;1;0;ParseException;0;0;0;0;0;0;0;0;0;0;0;0;0;0;0;0;org.apache.commons.cli.OptionGroupTest#public#testSingleOptionFromGroup();
\src\test\org\apache\commons\cli\OptionGroupTest.java;org.apache.commons.cli;org.apache.commons.cli.OptionGroupTest;OptionGroupTest;1;0;0;1;1;TestCase;0;0;Method;testSingleOption;1;0;0;0;0;1;0;0;0;;0;0;0;0;0;0;6;1;0;1;0;0;1;1;1;1.0;0;0;0;0;0;0;0;0;0;0;0;0;1;0;1;0;ParseException;0;0;0;0;0;0;0;0;0;0;0;0;0;0;0;0;org.apache.commons.cli.OptionGroupTest#public#testSingleOption();
\src\test\org\apache\commons\cli\OptionGroupTest.java;org.apache.commons.cli;org.apache.commons.cli.OptionGroupTest;OptionGroupTest;1;0;0;1;1;TestCase;0;0;Method;testTwoValidOptions;1;0;0;0;0;1;0;0;0;;0;0;0;0;0;0;6;1;0;1;0;0;1;1;1;1.0;0;0;0;0;0;0;0;0;0;0;0;0;1;0;1;0;ParseException;0;0;0;0;0;0;0;0;0;0;0;0;0;0;0;0;org.apache.commons.cli.OptionGroupTest#public#testTwoValidOptions();
\src\test\org\apache\commons\cli\OptionGroupTest.java;org.apache.commons.cli;org.apache.commons.cli.OptionGroupTest;OptionGroupTest;1;0;0;1;1;TestCase;0;0;Method;testSingleLongOption;1;0;0;0;0;1;0;0;0;;0;0;0;0;0;0;6;1;0;1;0;0;1;1;1;1.0;0;0;0;0;0;0;0;0;0;0;0;0;1;0;1;0;ParseException;0;0;0;0;0;0;0;0;0;0;0;0;0;0;0;0;org.apache.commons.cli.OptionGroupTest#public#testSingleLongOption();
\src\test\org\apache\commons\cli\OptionGroupTest.java;org.apache.commons.cli;org.apache.commons.cli.OptionGroupTest;OptionGroupTest;1;0;0;1;1;TestCase;0;0;Method;testTwoValidLongOptions;1;0;0;0;0;1;0;0;0;;0;0;0;0;0;0;6;1;0;1;0;0;1;1;1;1.0;0;0;0;0;0;0;0;0;0;0;0;0;1;0;1;0;ParseException;0;0;0;0;0;0;0;0;0;0;0;0;0;0;0;0;org.apache.commons.cli.OptionGroupTest#public#testTwoValidLongOptions();
\src\test\org\apache\commons\cli\OptionGroupTest.java;org.apache.commons.cli;org.apache.commons.cli.OptionGroupTest;OptionGroupTest;1;0;0;1;1;TestCase;0;0;Method;testNoOptionsExtraArgs;1;0;0;0;0;1;0;0;0;;0;0;0;0;0;0;6;1;0;1;0;0;1;1;1;1.0;0;0;0;0;0;0;0;0;0;0;0;0;1;0;1;0;ParseException;0;0;0;0;0;0;0;0;0;0;0;0;0;0;0;0;org.apache.commons.cli.OptionGroupTest#public#testNoOptionsExtraArgs();
\src\test\org\apache\commons\cli\OptionGroupTest.java;org.apache.commons.cli;org.apache.commons.cli.OptionGroupTest;OptionGroupTest;1;0;0;1;1;TestCase;0;0;Method;testTwoOptionsFromGroup;1;0;0;0;0;1;0;0;0;;0;0;0;1;0;0;0;2;0;1;0;0;1;1;1;1.0;0;0;0;0;0;0;0;0;0;1;0;0;1;0;1;0;ParseException;0;0;0;0;0;0;0;0;0;0;0;0;0;0;0;0;org.apache.commons.cli.OptionGroupTest#public#testTwoOptionsFromGroup();
\src\test\org\apache\commons\cli\OptionGroupTest.java;org.apache.commons.cli;org.apache.commons.cli.OptionGroupTest;OptionGroupTest;1;0;0;1;1;TestCase;0;0;Method;testTwoLongOptionsFromGroup;1;0;0;0;0;1;0;0;0;;0;0;0;1;0;0;0;2;0;1;0;0;1;1;1;1.0;0;0;0;0;0;0;0;0;0;1;0;0;1;0;1;0;ParseException;0;0;0;0;0;0;0;0;0;0;0;0;0;0;0;0;org.apache.commons.cli.OptionGroupTest#public#testTwoLongOptionsFromGroup();
\src\test\org\apache\commons\cli\OptionGroupTest.java;org.apache.commons.cli;org.apache.commons.cli.OptionGroupTest;OptionGroupTest;1;0;0;1;1;TestCase;0;0;Method;testTwoOptionsFromDifferentGroup;1;0;0;0;0;1;0;0;0;;0;0;0;0;0;0;6;1;0;1;0;0;1;1;1;1.0;0;0;0;0;0;0;0;0;0;0;0;0;1;0;1;0;ParseException;0;0;0;0;0;0;0;0;0;0;0;0;0;0;0;0;org.apache.commons.cli.OptionGroupTest#public#testTwoOptionsFromDifferentGroup();
\src\test\org\apache\commons\cli\ValuesTest.java;org.apache.commons.cli;org.apache.commons.cli.ValuesTest;ValuesTest;1;0;0;1;1;TestCase;0;0;Method;suite;1;0;0;0;0;0;1;0;0;;0;0;0;0;0;0;0;0;0;0;0;0;0;0;0;0.0;0;0;0;0;0;0;0;0;0;0;0;0;0;0;0;0;;0;0;0;0;0;0;0;0;0;0;0;0;0;0;0;0;org.apache.commons.cli.ValuesTest#public#suite();
\src\test\org\apache\commons\cli\ValuesTest.java;org.apache.commons.cli;org.apache.commons.cli.ValuesTest;ValuesTest;1;0;0;1;1;TestCase;0;0;Constructor;ValuesTest;1;0;0;0;0;0;0;1;0;;0;0;0;0;0;0;0;0;0;0;0;0;0;0;0;0.0;0;0;0;0;0;0;0;0;0;0;0;0;0;0;0;0;;0;0;0;0;0;0;0;0;0;0;0;0;0;0;0;0;org.apache.commons.cli.ValuesTest#public#ValuesTest(String);
\src\test\org\apache\commons\cli\ValuesTest.java;org.apache.commons.cli;org.apache.commons.cli.ValuesTest;ValuesTest;1;0;0;1;1;TestCase;0;0;Method;setUp;1;0;0;0;0;0;1;0;0;;0;0;0;0;0;0;0;1;0;1;0;0;1;1;1;1.0;0;0;0;0;0;0;0;0;0;0;0;0;1;0;1;0;ParseException;0;0;0;0;0;0;0;0;0;0;0;0;0;0;0;0;org.apache.commons.cli.ValuesTest#public#setUp();
\src\test\org\apache\commons\cli\ValuesTest.java;org.apache.commons.cli;org.apache.commons.cli.ValuesTest;ValuesTest;1;0;0;1;1;TestCase;0;0;Method;tearDown;1;0;0;0;0;0;1;0;0;;0;0;0;0;0;0;0;0;0;0;0;0;0;0;0;0.0;0;0;0;0;0;0;0;0;0;0;0;0;0;0;0;0;;0;0;0;0;0;0;0;0;0;0;0;0;0;0;0;0;org.apache.commons.cli.ValuesTest#public#tearDown();
\src\test\org\apache\commons\cli\ValuesTest.java;org.apache.commons.cli;org.apache.commons.cli.ValuesTest;ValuesTest;1;0;0;1;1;TestCase;0;0;Method;testShortArgs;1;0;0;0;0;1;0;0;0;;0;0;0;0;0;0;4;0;0;0;0;0;0;0;0;0.0;0;0;0;0;0;0;0;0;0;0;0;0;0;0;0;0;;0;0;0;0;0;0;0;0;0;0;0;0;0;0;0;0;org.apache.commons.cli.ValuesTest#public#testShortArgs();
\src\test\org\apache\commons\cli\ValuesTest.java;org.apache.commons.cli;org.apache.commons.cli.ValuesTest;ValuesTest;1;0;0;1;1;TestCase;0;0;Method;testShortArgsWithValue;1;0;0;0;0;1;0;0;0;;0;0;0;0;0;0;6;0;0;0;0;0;0;0;0;0.0;0;0;0;0;0;0;0;0;0;0;0;0;0;0;0;0;;0;0;0;0;0;0;0;0;0;0;0;0;0;0;0;0;org.apache.commons.cli.ValuesTest#public#testShortArgsWithValue();
\src\test\org\apache\commons\cli\ValuesTest.java;org.apache.commons.cli;org.apache.commons.cli.ValuesTest;ValuesTest;1;0;0;1;1;TestCase;0;0;Method;testMultipleArgValues;1;0;0;0;0;1;0;0;0;;0;0;0;0;0;0;3;0;0;0;0;0;0;0;0;0.0;0;0;0;0;0;0;0;0;0;0;0;0;0;0;0;0;;0;0;0;0;0;0;0;0;0;0;0;0;0;0;0;0;org.apache.commons.cli.ValuesTest#public#testMultipleArgValues();
\src\test\org\apache\commons\cli\ValuesTest.java;org.apache.commons.cli;org.apache.commons.cli.ValuesTest;ValuesTest;1;0;0;1;1;TestCase;0;0;Method;testTwoArgValues;1;0;0;0;0;1;0;0;0;;0;0;0;0;0;0;3;0;0;0;0;0;0;0;0;0.0;0;0;0;0;0;0;0;0;0;0;0;0;0;0;0;0;;0;0;0;0;0;0;0;0;0;0;0;0;0;0;0;0;org.apache.commons.cli.ValuesTest#public#testTwoArgValues();
\src\test\org\apache\commons\cli\ValuesTest.java;org.apache.commons.cli;org.apache.commons.cli.ValuesTest;ValuesTest;1;0;0;1;1;TestCase;0;0;Method;testComplexValues;1;0;0;0;0;1;0;0;0;;0;0;0;0;0;0;4;0;0;0;0;0;0;0;0;0.0;0;0;0;0;0;0;0;0;0;0;0;0;0;0;0;0;;0;0;0;0;0;0;0;0;0;0;0;0;0;0;0;0;org.apache.commons.cli.ValuesTest#public#testComplexValues();
\src\test\org\apache\commons\cli\ValuesTest.java;org.apache.commons.cli;org.apache.commons.cli.ValuesTest;ValuesTest;1;0;0;1;1;TestCase;0;0;Method;testExtraArgs;1;0;0;0;0;1;0;0;0;;0;0;0;0;0;0;2;0;0;0;0;0;0;0;0;0.0;0;0;0;0;0;0;0;0;0;0;0;0;0;0;0;0;;0;0;0;0;0;0;0;0;0;0;0;0;0;0;0;0;org.apache.commons.cli.ValuesTest#public#testExtraArgs();
\src\test\org\apache\commons\cli\ValuesTest.java;org.apache.commons.cli;org.apache.commons.cli.ValuesTest;ValuesTest;1;0;0;1;1;TestCase;0;0;Method;testCharSeparator;1;0;0;0;0;1;0;0;0;;0;0;0;0;0;0;18;0;0;0;0;0;0;0;0;0.0;0;0;0;0;0;0;0;0;0;0;0;0;0;0;0;0;;0;0;0;0;0;0;0;0;0;0;0;0;0;0;0;0;org.apache.commons.cli.ValuesTest#public#testCharSeparator();
\src\java\org\apache\commons\cli\CommandLine.java;org.apache.commons.cli;org.apache.commons.cli.CommandLine;CommandLine;1;0;0;0;0;null;0;0;Method;hasOption;1;0;0;0;0;0;0;1;0;;0;0;0;0;0;0;0;0;0;0;0;0;0;0;0;0.0;0;0;0;0;0;0;0;0;0;0;0;0;0;0;0;0;;0;0;0;0;0;0;0;0;0;0;0;0;0;0;0;0;org.apache.commons.cli.CommandLine#public#hasOption(String);
\src\java\org\apache\commons\cli\CommandLine.java;org.apache.commons.cli;org.apache.commons.cli.CommandLine;CommandLine;1;0;0;0;0;null;0;0;Method;hasOption;1;0;0;0;0;0;0;1;0;;0;0;0;0;0;0;0;0;0;0;0;0;0;0;0;0.0;0;0;0;0;0;0;0;0;0;0;0;0;0;0;0;0;;0;0;0;0;0;0;0;0;0;0;0;0;0;0;0;0;org.apache.commons.cli.CommandLine#public#hasOption(char);
\src\java\org\apache\commons\cli\CommandLine.java;org.apache.commons.cli;org.apache.commons.cli.CommandLine;CommandLine;1;0;0;0;0;null;0;0;Method;getOptionObject;1;0;0;0;0;0;0;1;0;;0;0;0;0;0;0;0;0;0;0;0;0;0;0;0;0.0;0;0;0;0;0;0;0;0;0;0;0;0;0;0;0;0;;0;0;0;0;0;0;0;0;0;0;0;0;0;0;0;0;org.apache.commons.cli.CommandLine#public#getOptionObject(String);
\src\java\org\apache\commons\cli\CommandLine.java;org.apache.commons.cli;org.apache.commons.cli.CommandLine;CommandLine;1;0;0;0;0;null;0;0;Method;getOptionObject;1;0;0;0;0;0;0;1;0;;0;0;0;0;0;0;0;0;0;0;0;0;0;0;0;0.0;0;0;0;0;0;0;0;0;0;0;0;0;0;0;0;0;;0;0;0;0;0;0;0;0;0;0;0;0;0;0;0;0;org.apache.commons.cli.CommandLine#public#getOptionObject(char);
\src\java\org\apache\commons\cli\CommandLine.java;org.apache.commons.cli;org.apache.commons.cli.CommandLine;CommandLine;1;0;0;0;0;null;0;0;Method;getOptionValue;1;0;0;0;0;0;0;1;0;;0;0;0;0;0;0;0;0;0;0;0;0;0;0;0;0.0;0;0;0;0;0;0;0;0;0;0;0;0;0;0;0;0;;0;0;0;0;0;0;0;0;0;0;0;0;0;0;0;0;org.apache.commons.cli.CommandLine#public#getOptionValue(String);
\src\java\org\apache\commons\cli\CommandLine.java;org.apache.commons.cli;org.apache.commons.cli.CommandLine;CommandLine;1;0;0;0;0;null;0;0;Method;getOptionValue;1;0;0;0;0;0;0;1;0;;0;0;0;0;0;0;0;0;0;0;0;0;0;0;0;0.0;0;0;0;0;0;0;0;0;0;0;0;0;0;0;0;0;;0;0;0;0;0;0;0;0;0;0;0;0;0;0;0;0;org.apache.commons.cli.CommandLine#public#getOptionValue(char);
\src\java\org\apache\commons\cli\CommandLine.java;org.apache.commons.cli;org.apache.commons.cli.CommandLine;CommandLine;1;0;0;0;0;null;0;0;Method;getOptionValues;1;0;0;0;0;0;0;1;0;;0;1;0;1;0;0;0;0;0;0;0;0;0;0;0;0.0;0;0;0;0;0;0;0;0;0;0;0;0;0;0;0;0;;0;0;0;0;0;0;0;0;0;0;0;0;0;0;0;0;org.apache.commons.cli.CommandLine#public#getOptionValues(String);
\src\java\org\apache\commons\cli\CommandLine.java;org.apache.commons.cli;org.apache.commons.cli.CommandLine;CommandLine;1;0;0;0;0;null;0;0;Method;getOptionValues;1;0;0;0;0;0;0;1;0;;0;0;0;0;0;0;0;0;0;0;0;0;0;0;0;0.0;0;0;0;0;0;0;0;0;0;0;0;0;0;0;0;0;;0;0;0;0;0;0;0;0;0;0;0;0;0;0;0;0;org.apache.commons.cli.CommandLine#public#getOptionValues(char);
\src\java\org\apache\commons\cli\CommandLine.java;org.apache.commons.cli;org.apache.commons.cli.CommandLine;CommandLine;1;0;0;0;0;null;0;0;Method;getOptionValue;1;0;0;0;0;0;0;2;0;;0;0;0;0;0;0;0;0;0;0;0;0;0;0;0;0.0;0;0;0;0;0;0;0;0;0;0;0;0;0;0;0;0;;0;0;0;0;0;0;0;0;0;0;0;0;0;0;0;0;org.apache.commons.cli.CommandLine#public#getOptionValue(String#String);
\src\java\org\apache\commons\cli\CommandLine.java;org.apache.commons.cli;org.apache.commons.cli.CommandLine;CommandLine;1;0;0;0;0;null;0;0;Method;getOptionValue;1;0;0;0;0;0;0;2;0;;0;0;0;0;0;0;0;0;0;0;0;0;0;0;0;0.0;0;0;0;0;0;0;0;0;0;0;0;0;0;0;0;0;;0;0;0;0;0;0;0;0;0;0;0;0;0;0;0;0;org.apache.commons.cli.CommandLine#public#getOptionValue(char#String);
\src\java\org\apache\commons\cli\CommandLine.java;org.apache.commons.cli;org.apache.commons.cli.CommandLine;CommandLine;1;0;0;0;0;null;0;0;Method;getArgs;1;0;0;0;0;0;0;0;0;;0;0;0;0;0;0;0;0;0;0;0;0;0;0;0;0.0;0;0;0;0;0;0;0;0;0;0;0;0;0;0;0;0;;0;0;0;0;0;0;0;0;0;0;0;0;0;0;0;0;org.apache.commons.cli.CommandLine#public#getArgs();
\src\java\org\apache\commons\cli\CommandLine.java;org.apache.commons.cli;org.apache.commons.cli.CommandLine;CommandLine;1;0;0;0;0;null;0;0;Method;getArgList;1;0;0;0;0;0;0;0;0;;0;0;0;0;0;0;0;0;0;0;0;0;0;0;0;0.0;0;0;0;0;0;0;0;0;0;0;0;0;0;0;0;0;;0;0;0;0;0;0;0;0;0;0;0;0;0;0;0;0;org.apache.commons.cli.CommandLine#public#getArgList();
\src\java\org\apache\commons\cli\CommandLine.java;org.apache.commons.cli;org.apache.commons.cli.CommandLine;CommandLine;1;0;0;0;0;null;0;0;Method;iterator;1;0;0;0;0;0;0;0;0;;0;0;0;0;0;0;0;0;0;0;0;0;0;0;0;0.0;0;0;0;0;0;0;0;0;0;0;0;0;0;0;0;0;;0;0;0;0;0;0;0;0;0;0;0;0;0;0;0;0;org.apache.commons.cli.CommandLine#public#iterator();
\src\java\org\apache\commons\cli\CommandLine.java;org.apache.commons.cli;org.apache.commons.cli.CommandLine;CommandLine;1;0;0;0;0;null;0;0;Method;getOptions;1;0;0;0;0;0;0;0;0;;0;0;0;0;0;0;0;0;0;0;0;0;0;0;0;0.0;0;0;0;0;0;0;0;0;0;0;0;0;0;0;0;0;;0;0;0;0;0;0;0;0;0;0;0;0;0;0;0;0;org.apache.commons.cli.CommandLine#public#getOptions();
\src\java\org\apache\commons\cli\CommandLine.java;org.apache.commons.cli;org.apache.commons.cli.CommandLine;CommandLine;1;0;0;0;0;null;0;0;Constructor;CommandLine;0;0;0;1;0;0;0;0;0;;0;0;0;0;0;0;0;0;0;0;0;0;0;0;0;0.0;0;0;0;0;0;0;0;0;0;0;0;0;0;0;0;0;;0;0;0;0;0;0;0;0;0;0;0;0;0;0;0;0;org.apache.commons.cli.CommandLine##CommandLine();
\src\java\org\apache\commons\cli\CommandLine.java;org.apache.commons.cli;org.apache.commons.cli.CommandLine;CommandLine;1;0;0;0;0;null;0;0;Method;addArg;0;0;0;1;0;0;0;1;0;;0;0;0;0;0;0;0;0;0;0;0;0;0;0;0;0.0;0;0;0;0;0;0;0;0;0;0;0;0;0;0;0;0;;0;0;0;0;0;0;0;0;0;0;0;0;0;0;0;0;org.apache.commons.cli.CommandLine##addArg(String);
\src\java\org\apache\commons\cli\CommandLine.java;org.apache.commons.cli;org.apache.commons.cli.CommandLine;CommandLine;1;0;0;0;0;null;0;0;Method;addOption;0;0;0;1;0;0;0;1;0;;0;0;0;2;0;0;0;0;0;0;0;0;0;0;0;0.0;0;0;0;0;0;0;0;0;0;0;0;0;0;0;0;0;;0;0;0;0;0;0;0;0;0;0;0;0;0;0;0;0;org.apache.commons.cli.CommandLine##addOption(Option);
\src\test\org\apache\commons\cli\ValueTest.java;org.apache.commons.cli;org.apache.commons.cli.ValueTest;ValueTest;1;0;0;1;1;TestCase;0;0;Method;suite;1;0;0;0;0;0;1;0;0;;0;0;0;0;0;0;0;0;0;0;0;0;0;0;0;0.0;0;0;0;0;0;0;0;0;0;0;0;0;0;0;0;0;;0;0;0;0;0;0;0;0;0;0;0;0;0;0;0;0;org.apache.commons.cli.ValueTest#public#suite();
\src\test\org\apache\commons\cli\ValueTest.java;org.apache.commons.cli;org.apache.commons.cli.ValueTest;ValueTest;1;0;0;1;1;TestCase;0;0;Constructor;ValueTest;1;0;0;0;0;0;0;1;0;;0;0;0;0;0;0;0;0;0;0;0;0;0;0;0;0.0;0;0;0;0;0;0;0;0;0;0;0;0;0;0;0;0;;0;0;0;0;0;0;0;0;0;0;0;0;0;0;0;0;org.apache.commons.cli.ValueTest#public#ValueTest(String);
\src\test\org\apache\commons\cli\ValueTest.java;org.apache.commons.cli;org.apache.commons.cli.ValueTest;ValueTest;1;0;0;1;1;TestCase;0;0;Method;setUp;1;0;0;0;0;0;1;0;0;;0;0;0;0;0;0;0;1;0;1;0;0;1;1;1;1.0;0;0;0;0;0;0;0;0;0;0;0;0;1;0;1;0;ParseException;0;0;0;0;0;0;0;0;0;0;0;0;0;0;0;0;org.apache.commons.cli.ValueTest#public#setUp();
\src\test\org\apache\commons\cli\ValueTest.java;org.apache.commons.cli;org.apache.commons.cli.ValueTest;ValueTest;1;0;0;1;1;TestCase;0;0;Method;tearDown;1;0;0;0;0;0;1;0;0;;0;0;0;0;0;0;0;0;0;0;0;0;0;0;0;0.0;0;0;0;0;0;0;0;0;0;0;0;0;0;0;0;0;;0;0;0;0;0;0;0;0;0;0;0;0;0;0;0;0;org.apache.commons.cli.ValueTest#public#tearDown();
\src\test\org\apache\commons\cli\ValueTest.java;org.apache.commons.cli;org.apache.commons.cli.ValueTest;ValueTest;1;0;0;1;1;TestCase;0;0;Method;testShortNoArg;1;0;0;0;0;1;0;0;0;;0;0;0;0;0;0;2;0;0;0;0;0;0;0;0;0.0;0;0;0;0;0;0;0;0;0;0;0;0;0;0;0;0;;0;0;0;0;0;0;0;0;0;0;0;0;0;0;0;0;org.apache.commons.cli.ValueTest#public#testShortNoArg();
\src\test\org\apache\commons\cli\ValueTest.java;org.apache.commons.cli;org.apache.commons.cli.ValueTest;ValueTest;1;0;0;1;1;TestCase;0;0;Method;testShortWithArg;1;0;0;0;0;1;0;0;0;;0;0;0;0;0;0;3;0;0;0;0;0;0;0;0;0.0;0;0;0;0;0;0;0;0;0;0;0;0;0;0;0;0;;0;0;0;0;0;0;0;0;0;0;0;0;0;0;0;0;org.apache.commons.cli.ValueTest#public#testShortWithArg();
\src\test\org\apache\commons\cli\ValueTest.java;org.apache.commons.cli;org.apache.commons.cli.ValueTest;ValueTest;1;0;0;1;1;TestCase;0;0;Method;testLongNoArg;1;0;0;0;0;1;0;0;0;;0;0;0;0;0;0;2;0;0;0;0;0;0;0;0;0.0;0;0;0;0;0;0;0;0;0;0;0;0;0;0;0;0;;0;0;0;0;0;0;0;0;0;0;0;0;0;0;0;0;org.apache.commons.cli.ValueTest#public#testLongNoArg();
\src\test\org\apache\commons\cli\ValueTest.java;org.apache.commons.cli;org.apache.commons.cli.ValueTest;ValueTest;1;0;0;1;1;TestCase;0;0;Method;testLongWithArg;1;0;0;0;0;1;0;0;0;;0;0;0;0;0;0;3;0;0;0;0;0;0;0;0;0.0;0;0;0;0;0;0;0;0;0;0;0;0;0;0;0;0;;0;0;0;0;0;0;0;0;0;0;0;0;0;0;0;0;org.apache.commons.cli.ValueTest#public#testLongWithArg();
\src\test\org\apache\commons\cli\ValueTest.java;org.apache.commons.cli;org.apache.commons.cli.ValueTest;ValueTest;1;0;0;1;1;TestCase;0;0;Method;testShortOptionalArgNoValue;1;0;0;0;0;1;0;0;0;;0;0;0;0;0;0;2;1;0;1;0;0;1;1;1;1.0;0;0;0;0;0;0;0;0;0;0;0;0;1;0;1;0;ParseException;0;0;0;0;0;0;0;0;0;0;0;0;0;0;0;0;org.apache.commons.cli.ValueTest#public#testShortOptionalArgNoValue();
\src\test\org\apache\commons\cli\ValueTest.java;org.apache.commons.cli;org.apache.commons.cli.ValueTest;ValueTest;1;0;0;1;1;TestCase;0;0;Method;testShortOptionalArgValue;1;0;0;0;0;1;0;0;0;;0;0;0;0;0;0;2;1;0;1;0;0;1;1;1;1.0;0;0;0;0;0;0;0;0;0;0;0;0;1;0;1;0;ParseException;0;0;0;0;0;0;0;0;0;0;0;0;0;0;0;0;org.apache.commons.cli.ValueTest#public#testShortOptionalArgValue();
\src\test\org\apache\commons\cli\ValueTest.java;org.apache.commons.cli;org.apache.commons.cli.ValueTest;ValueTest;1;0;0;1;1;TestCase;0;0;Method;testLongOptionalNoValue;1;0;0;0;0;1;0;0;0;;0;0;0;0;0;0;2;1;0;1;0;0;1;1;1;1.0;0;0;0;0;0;0;0;0;0;0;0;0;1;0;1;0;ParseException;0;0;0;0;0;0;0;0;0;0;0;0;0;0;0;0;org.apache.commons.cli.ValueTest#public#testLongOptionalNoValue();
\src\test\org\apache\commons\cli\ValueTest.java;org.apache.commons.cli;org.apache.commons.cli.ValueTest;ValueTest;1;0;0;1;1;TestCase;0;0;Method;testLongOptionalArgValue;1;0;0;0;0;1;0;0;0;;0;0;0;0;0;0;2;1;0;1;0;0;1;1;1;1.0;0;0;0;0;0;0;0;0;0;0;0;0;1;0;1;0;ParseException;0;0;0;0;0;0;0;0;0;0;0;0;0;0;0;0;org.apache.commons.cli.ValueTest#public#testLongOptionalArgValue();
\src\test\org\apache\commons\cli\ValueTest.java;org.apache.commons.cli;org.apache.commons.cli.ValueTest;ValueTest;1;0;0;1;1;TestCase;0;0;Method;testShortOptionalArgValues;1;0;0;0;0;1;0;0;0;;0;0;0;0;0;0;5;1;0;1;0;0;1;1;1;1.0;0;0;0;0;0;0;0;0;0;0;0;0;1;0;1;0;ParseException;0;0;0;0;0;0;0;0;0;0;0;0;0;0;0;0;org.apache.commons.cli.ValueTest#public#testShortOptionalArgValues();
\src\test\org\apache\commons\cli\ValueTest.java;org.apache.commons.cli;org.apache.commons.cli.ValueTest;ValueTest;1;0;0;1;1;TestCase;0;0;Method;testLongOptionalArgValues;1;0;0;0;0;1;0;0;0;;0;0;0;0;0;0;5;1;0;1;0;0;1;1;1;1.0;0;0;0;0;0;0;0;0;0;0;0;0;1;0;1;0;ParseException;0;0;0;0;0;0;0;0;0;0;0;0;0;0;0;0;org.apache.commons.cli.ValueTest#public#testLongOptionalArgValues();
\src\test\org\apache\commons\cli\ValueTest.java;org.apache.commons.cli;org.apache.commons.cli.ValueTest;ValueTest;1;0;0;1;1;TestCase;0;0;Method;testShortOptionalNArgValues;1;0;0;0;0;1;0;0;0;;0;0;0;0;0;0;7;1;0;1;0;0;1;1;1;1.0;0;0;0;0;0;0;0;0;0;0;0;0;1;0;1;0;ParseException;0;0;0;0;0;0;0;0;0;0;0;0;0;0;0;0;org.apache.commons.cli.ValueTest#public#testShortOptionalNArgValues();
\src\test\org\apache\commons\cli\ValueTest.java;org.apache.commons.cli;org.apache.commons.cli.ValueTest;ValueTest;1;0;0;1;1;TestCase;0;0;Method;testLongOptionalNArgValues;1;0;0;0;0;1;0;0;0;;0;0;0;0;0;0;6;1;0;1;0;0;1;1;1;1.0;0;0;0;0;0;0;0;0;0;0;0;0;1;0;1;0;ParseException;0;0;0;0;0;0;0;0;0;0;0;0;0;0;0;0;org.apache.commons.cli.ValueTest#public#testLongOptionalNArgValues();
\src\test\org\apache\commons\cli\PatternOptionBuilderTest.java;org.apache.commons.cli;org.apache.commons.cli.PatternOptionBuilderTest;PatternOptionBuilderTest;1;0;0;1;1;TestCase;0;0;Method;main;1;0;0;0;0;0;1;1;0;;0;0;0;0;0;0;0;0;0;0;0;0;0;0;0;0.0;0;0;0;0;0;0;0;0;0;0;0;0;0;0;0;0;;0;0;0;0;0;0;0;0;0;0;0;0;0;0;0;0;org.apache.commons.cli.PatternOptionBuilderTest#public#main(String[]);
\src\test\org\apache\commons\cli\PatternOptionBuilderTest.java;org.apache.commons.cli;org.apache.commons.cli.PatternOptionBuilderTest;PatternOptionBuilderTest;1;0;0;1;1;TestCase;0;0;Method;suite;1;0;0;0;0;0;1;0;0;;0;0;0;0;0;0;0;0;0;0;0;0;0;0;0;0.0;0;0;0;0;0;0;0;0;0;0;0;0;0;0;0;0;;0;0;0;0;0;0;0;0;0;0;0;0;0;0;0;0;org.apache.commons.cli.PatternOptionBuilderTest#public#suite();
\src\test\org\apache\commons\cli\PatternOptionBuilderTest.java;org.apache.commons.cli;org.apache.commons.cli.PatternOptionBuilderTest;PatternOptionBuilderTest;1;0;0;1;1;TestCase;0;0;Constructor;PatternOptionBuilderTest;1;0;0;0;0;0;0;1;0;;0;0;0;0;0;0;0;0;0;0;0;0;0;0;0;0.0;0;0;0;0;0;0;0;0;0;0;0;0;0;0;0;0;;0;0;0;0;0;0;0;0;0;0;0;0;0;0;0;0;org.apache.commons.cli.PatternOptionBuilderTest#public#PatternOptionBuilderTest(String);
\src\test\org\apache\commons\cli\PatternOptionBuilderTest.java;org.apache.commons.cli;org.apache.commons.cli.PatternOptionBuilderTest;PatternOptionBuilderTest;1;0;0;1;1;TestCase;0;0;Method;testSimplePattern;1;0;0;0;0;1;0;0;0;;0;0;0;0;0;0;18;2;0;1;0;0;2;2;2;2.0;0;0;0;0;0;0;0;0;0;0;0;0;2;0;2;0;ParseException:java.net.MalformedURLException;0;0;0;0;0;0;0;0;0;0;0;0;0;0;0;0;org.apache.commons.cli.PatternOptionBuilderTest#public#testSimplePattern();
\src\test\org\apache\commons\cli\ParseTest.java;org.apache.commons.cli;org.apache.commons.cli.ParseTest;ParseTest;1;0;0;1;1;TestCase;0;0;Method;suite;1;0;0;0;0;0;1;0;0;;0;0;0;0;0;0;0;0;0;0;0;0;0;0;0;0.0;0;0;0;0;0;0;0;0;0;0;0;0;0;0;0;0;;0;0;0;0;0;0;0;0;0;0;0;0;0;0;0;0;org.apache.commons.cli.ParseTest#public#suite();
\src\test\org\apache\commons\cli\ParseTest.java;org.apache.commons.cli;org.apache.commons.cli.ParseTest;ParseTest;1;0;0;1;1;TestCase;0;0;Constructor;ParseTest;1;0;0;0;0;0;0;1;0;;0;0;0;0;0;0;0;0;0;0;0;0;0;0;0;0.0;0;0;0;0;0;0;0;0;0;0;0;0;0;0;0;0;;0;0;0;0;0;0;0;0;0;0;0;0;0;0;0;0;org.apache.commons.cli.ParseTest#public#ParseTest(String);
\src\test\org\apache\commons\cli\ParseTest.java;org.apache.commons.cli;org.apache.commons.cli.ParseTest;ParseTest;1;0;0;1;1;TestCase;0;0;Method;setUp;1;0;0;0;0;0;1;0;0;;0;0;0;0;0;0;0;0;0;0;0;0;0;0;0;0.0;0;0;0;0;0;0;0;0;0;0;0;0;0;0;0;0;;0;0;0;0;0;0;0;0;0;0;0;0;0;0;0;0;org.apache.commons.cli.ParseTest#public#setUp();
\src\test\org\apache\commons\cli\ParseTest.java;org.apache.commons.cli;org.apache.commons.cli.ParseTest;ParseTest;1;0;0;1;1;TestCase;0;0;Method;tearDown;1;0;0;0;0;0;1;0;0;;0;0;0;0;0;0;0;0;0;0;0;0;0;0;0;0.0;0;0;0;0;0;0;0;0;0;0;0;0;0;0;0;0;;0;0;0;0;0;0;0;0;0;0;0;0;0;0;0;0;org.apache.commons.cli.ParseTest#public#tearDown();
\src\test\org\apache\commons\cli\ParseTest.java;org.apache.commons.cli;org.apache.commons.cli.ParseTest;ParseTest;1;0;0;1;1;TestCase;0;0;Method;testSimpleShort;1;0;0;0;0;1;0;0;0;;0;0;0;0;0;0;4;1;0;1;0;0;1;1;1;1.0;0;0;0;0;0;0;0;0;0;0;0;0;1;0;1;0;ParseException;0;0;0;0;0;0;0;0;0;0;0;0;0;0;0;0;org.apache.commons.cli.ParseTest#public#testSimpleShort();
\src\test\org\apache\commons\cli\ParseTest.java;org.apache.commons.cli;org.apache.commons.cli.ParseTest;ParseTest;1;0;0;1;1;TestCase;0;0;Method;testSimpleLong;1;0;0;0;0;1;0;0;0;;0;0;0;0;0;0;4;1;0;1;0;0;1;1;1;1.0;0;0;0;0;0;0;0;0;0;0;0;0;1;0;1;0;ParseException;0;0;0;0;0;0;0;0;0;0;0;0;0;0;0;0;org.apache.commons.cli.ParseTest#public#testSimpleLong();
\src\test\org\apache\commons\cli\ParseTest.java;org.apache.commons.cli;org.apache.commons.cli.ParseTest;ParseTest;1;0;0;1;1;TestCase;0;0;Method;testComplexShort;1;0;0;0;0;1;0;0;0;;0;0;0;0;0;0;5;1;0;1;0;0;1;1;1;1.0;0;0;0;0;0;0;0;0;0;0;0;0;1;0;1;0;ParseException;0;0;0;0;0;0;0;0;0;0;0;0;0;0;0;0;org.apache.commons.cli.ParseTest#public#testComplexShort();
\src\test\org\apache\commons\cli\ParseTest.java;org.apache.commons.cli;org.apache.commons.cli.ParseTest;ParseTest;1;0;0;1;1;TestCase;0;0;Method;testExtraOption;1;0;0;0;0;1;0;0;0;;0;0;0;0;0;0;5;1;0;1;0;0;2;2;2;2.0;0;0;0;0;0;0;0;0;0;0;0;0;1;0;2;0;UnrecognizedOptionException:ParseException;0;0;0;0;0;0;0;0;0;0;0;0;0;0;0;0;org.apache.commons.cli.ParseTest#public#testExtraOption();
\src\test\org\apache\commons\cli\ParseTest.java;org.apache.commons.cli;org.apache.commons.cli.ParseTest;ParseTest;1;0;0;1;1;TestCase;0;0;Method;testMissingArg;1;0;0;0;0;1;0;0;0;;0;0;0;0;0;0;1;1;0;1;0;0;2;2;2;2.0;0;0;0;0;0;0;0;0;0;0;0;0;1;0;2;0;MissingArgumentException:ParseException;0;0;0;0;0;0;0;0;0;0;0;0;0;0;0;0;org.apache.commons.cli.ParseTest#public#testMissingArg();
\src\test\org\apache\commons\cli\ParseTest.java;org.apache.commons.cli;org.apache.commons.cli.ParseTest;ParseTest;1;0;0;1;1;TestCase;0;0;Method;testStop;1;0;0;0;0;1;0;0;0;;0;0;0;0;0;0;2;1;0;1;0;0;1;1;1;1.0;0;0;0;0;0;0;0;0;0;0;0;0;1;0;1;0;ParseException;0;0;0;0;0;0;0;0;0;0;0;0;0;0;0;0;org.apache.commons.cli.ParseTest#public#testStop();
\src\test\org\apache\commons\cli\ParseTest.java;org.apache.commons.cli;org.apache.commons.cli.ParseTest;ParseTest;1;0;0;1;1;TestCase;0;0;Method;testMultiple;1;0;0;0;0;1;0;0;0;;0;0;0;0;0;0;7;1;0;1;0;0;1;1;1;1.0;0;0;0;0;0;0;0;0;0;0;0;0;1;0;1;0;ParseException;0;0;0;0;0;0;0;0;0;0;0;0;0;0;0;0;org.apache.commons.cli.ParseTest#public#testMultiple();
\src\test\org\apache\commons\cli\ParseTest.java;org.apache.commons.cli;org.apache.commons.cli.ParseTest;ParseTest;1;0;0;1;1;TestCase;0;0;Method;testMultipleWithLong;1;0;0;0;0;1;0;0;0;;0;0;0;0;0;0;7;1;0;1;0;0;1;1;1;1.0;0;0;0;0;0;0;0;0;0;0;0;0;1;0;1;0;ParseException;0;0;0;0;0;0;0;0;0;0;0;0;0;0;0;0;org.apache.commons.cli.ParseTest#public#testMultipleWithLong();
\src\test\org\apache\commons\cli\ParseTest.java;org.apache.commons.cli;org.apache.commons.cli.ParseTest;ParseTest;1;0;0;1;1;TestCase;0;0;Method;testDoubleDash;1;0;0;0;0;1;0;0;0;;0;0;0;0;0;0;3;1;0;1;0;0;1;1;1;1.0;0;0;0;0;0;0;0;0;0;0;0;0;1;0;1;0;ParseException;0;0;0;0;0;0;0;0;0;0;0;0;0;0;0;0;org.apache.commons.cli.ParseTest#public#testDoubleDash();
\src\test\org\apache\commons\cli\ParseTest.java;org.apache.commons.cli;org.apache.commons.cli.ParseTest;ParseTest;1;0;0;1;1;TestCase;0;0;Method;testSingleDash;1;0;0;0;0;1;0;0;0;;0;0;0;0;0;0;5;1;0;1;0;0;1;1;1;1.0;0;0;0;0;0;0;0;0;0;0;0;0;1;0;1;0;ParseException;0;0;0;0;0;0;0;0;0;0;0;0;0;0;0;0;org.apache.commons.cli.ParseTest#public#testSingleDash();
\src\test\org\apache\commons\cli\ApplicationTest.java;org.apache.commons.cli;org.apache.commons.cli.ApplicationTest;ApplicationTest;1;0;0;1;1;TestCase;0;0;Method;suite;1;0;0;0;0;0;1;0;0;;0;0;0;0;0;0;0;0;0;0;0;0;0;0;0;0.0;0;0;0;0;0;0;0;0;0;0;0;0;0;0;0;0;;0;0;0;0;0;0;0;0;0;0;0;0;0;0;0;0;org.apache.commons.cli.ApplicationTest#public#suite();
\src\test\org\apache\commons\cli\ApplicationTest.java;org.apache.commons.cli;org.apache.commons.cli.ApplicationTest;ApplicationTest;1;0;0;1;1;TestCase;0;0;Constructor;ApplicationTest;1;0;0;0;0;0;0;1;0;;0;0;0;0;0;0;0;0;0;0;0;0;0;0;0;0.0;0;0;0;0;0;0;0;0;0;0;0;0;0;0;0;0;;0;0;0;0;0;0;0;0;0;0;0;0;0;0;0;0;org.apache.commons.cli.ApplicationTest#public#ApplicationTest(String);
\src\test\org\apache\commons\cli\ApplicationTest.java;org.apache.commons.cli;org.apache.commons.cli.ApplicationTest;ApplicationTest;1;0;0;1;1;TestCase;0;0;Method;testLs;1;0;0;0;0;1;0;0;0;;0;0;0;0;0;0;2;1;0;1;0;0;1;1;1;1.0;0;0;0;0;0;0;0;0;0;0;0;0;1;0;1;0;ParseException;0;0;0;0;0;0;0;0;0;0;0;0;0;0;0;0;org.apache.commons.cli.ApplicationTest#public#testLs();
\src\test\org\apache\commons\cli\ApplicationTest.java;org.apache.commons.cli;org.apache.commons.cli.ApplicationTest;ApplicationTest;1;0;0;1;1;TestCase;0;0;Method;testAnt;1;0;0;0;0;1;0;0;0;;0;0;0;0;0;0;6;1;0;1;0;0;1;1;1;1.0;0;0;0;0;0;0;0;0;0;0;0;0;1;0;1;0;ParseException;0;0;0;0;0;0;0;0;0;0;0;0;0;0;0;0;org.apache.commons.cli.ApplicationTest#public#testAnt();
\src\java\org\apache\commons\cli\UnrecognizedOptionException.java;org.apache.commons.cli;org.apache.commons.cli.UnrecognizedOptionException;UnrecognizedOptionException;1;0;0;0;0;ParseException;0;0;Constructor;UnrecognizedOptionException;1;0;0;0;0;0;0;1;0;;0;0;0;0;0;0;0;0;0;0;0;0;0;0;0;0.0;0;0;0;0;0;0;0;0;0;0;0;0;0;0;0;0;;0;0;0;0;0;0;0;0;0;0;0;0;0;0;0;0;org.apache.commons.cli.UnrecognizedOptionException#public#UnrecognizedOptionException(String);
\src\test\org\apache\commons\cli\GnuParseTest.java;org.apache.commons.cli;org.apache.commons.cli.GnuParseTest;GnuParseTest;1;0;0;1;1;TestCase;0;0;Method;suite;1;0;0;0;0;0;1;0;0;;0;0;0;0;0;0;0;0;0;0;0;0;0;0;0;0.0;0;0;0;0;0;0;0;0;0;0;0;0;0;0;0;0;;0;0;0;0;0;0;0;0;0;0;0;0;0;0;0;0;org.apache.commons.cli.GnuParseTest#public#suite();
\src\test\org\apache\commons\cli\GnuParseTest.java;org.apache.commons.cli;org.apache.commons.cli.GnuParseTest;GnuParseTest;1;0;0;1;1;TestCase;0;0;Constructor;GnuParseTest;1;0;0;0;0;0;0;1;0;;0;0;0;0;0;0;0;0;0;0;0;0;0;0;0;0.0;0;0;0;0;0;0;0;0;0;0;0;0;0;0;0;0;;0;0;0;0;0;0;0;0;0;0;0;0;0;0;0;0;org.apache.commons.cli.GnuParseTest#public#GnuParseTest(String);
\src\test\org\apache\commons\cli\GnuParseTest.java;org.apache.commons.cli;org.apache.commons.cli.GnuParseTest;GnuParseTest;1;0;0;1;1;TestCase;0;0;Method;setUp;1;0;0;0;0;0;1;0;0;;0;0;0;0;0;0;0;0;0;0;0;0;0;0;0;0.0;0;0;0;0;0;0;0;0;0;0;0;0;0;0;0;0;;0;0;0;0;0;0;0;0;0;0;0;0;0;0;0;0;org.apache.commons.cli.GnuParseTest#public#setUp();
\src\test\org\apache\commons\cli\GnuParseTest.java;org.apache.commons.cli;org.apache.commons.cli.GnuParseTest;GnuParseTest;1;0;0;1;1;TestCase;0;0;Method;tearDown;1;0;0;0;0;0;1;0;0;;0;0;0;0;0;0;0;0;0;0;0;0;0;0;0;0.0;0;0;0;0;0;0;0;0;0;0;0;0;0;0;0;0;;0;0;0;0;0;0;0;0;0;0;0;0;0;0;0;0;org.apache.commons.cli.GnuParseTest#public#tearDown();
\src\test\org\apache\commons\cli\GnuParseTest.java;org.apache.commons.cli;org.apache.commons.cli.GnuParseTest;GnuParseTest;1;0;0;1;1;TestCase;0;0;Method;testSimpleShort;1;0;0;0;0;1;0;0;0;;0;0;0;0;0;0;4;1;0;1;0;0;1;1;1;1.0;0;0;0;0;0;0;0;0;0;0;0;0;1;0;1;0;ParseException;0;0;0;0;0;0;0;0;0;0;0;0;0;0;0;0;org.apache.commons.cli.GnuParseTest#public#testSimpleShort();
\src\test\org\apache\commons\cli\GnuParseTest.java;org.apache.commons.cli;org.apache.commons.cli.GnuParseTest;GnuParseTest;1;0;0;1;1;TestCase;0;0;Method;testSimpleLong;1;0;0;0;0;1;0;0;0;;0;0;0;0;0;0;4;1;0;1;0;0;1;1;1;1.0;0;0;0;0;0;0;0;0;0;0;0;0;1;0;1;0;ParseException;0;0;0;0;0;0;0;0;0;0;0;0;0;0;0;0;org.apache.commons.cli.GnuParseTest#public#testSimpleLong();
\src\test\org\apache\commons\cli\GnuParseTest.java;org.apache.commons.cli;org.apache.commons.cli.GnuParseTest;GnuParseTest;1;0;0;1;1;TestCase;0;0;Method;testExtraOption;1;0;0;0;0;1;0;0;0;;0;0;0;0;0;0;5;1;0;1;0;0;2;2;2;2.0;0;0;0;0;0;0;0;0;0;0;0;0;1;0;2;0;UnrecognizedOptionException:ParseException;0;0;0;0;0;0;0;0;0;0;0;0;0;0;0;0;org.apache.commons.cli.GnuParseTest#public#testExtraOption();
\src\test\org\apache\commons\cli\GnuParseTest.java;org.apache.commons.cli;org.apache.commons.cli.GnuParseTest;GnuParseTest;1;0;0;1;1;TestCase;0;0;Method;testMissingArg;1;0;0;0;0;1;0;0;0;;0;0;0;0;0;0;1;1;0;1;0;0;2;2;2;2.0;0;0;0;0;0;0;0;0;0;0;0;0;1;0;2;0;MissingArgumentException:ParseException;0;0;0;0;0;0;0;0;0;0;0;0;0;0;0;0;org.apache.commons.cli.GnuParseTest#public#testMissingArg();
\src\test\org\apache\commons\cli\GnuParseTest.java;org.apache.commons.cli;org.apache.commons.cli.GnuParseTest;GnuParseTest;1;0;0;1;1;TestCase;0;0;Method;testStop;1;0;0;0;0;1;0;0;0;;0;0;0;0;0;0;2;1;0;1;0;0;1;1;1;1.0;0;0;0;0;0;0;0;0;0;0;0;0;1;0;1;0;ParseException;0;0;0;0;0;0;0;0;0;0;0;0;0;0;0;0;org.apache.commons.cli.GnuParseTest#public#testStop();
\src\test\org\apache\commons\cli\GnuParseTest.java;org.apache.commons.cli;org.apache.commons.cli.GnuParseTest;GnuParseTest;1;0;0;1;1;TestCase;0;0;Method;testMultiple;1;0;0;0;0;1;0;0;0;;0;0;0;0;0;0;7;1;0;1;0;0;1;1;1;1.0;0;0;0;0;0;0;0;0;0;0;0;0;1;0;1;0;ParseException;0;0;0;0;0;0;0;0;0;0;0;0;0;0;0;0;org.apache.commons.cli.GnuParseTest#public#testMultiple();
\src\test\org\apache\commons\cli\GnuParseTest.java;org.apache.commons.cli;org.apache.commons.cli.GnuParseTest;GnuParseTest;1;0;0;1;1;TestCase;0;0;Method;testMultipleWithLong;1;0;0;0;0;1;0;0;0;;0;0;0;0;0;0;7;1;0;1;0;0;1;1;1;1.0;0;0;0;0;0;0;0;0;0;0;0;0;1;0;1;0;ParseException;0;0;0;0;0;0;0;0;0;0;0;0;0;0;0;0;org.apache.commons.cli.GnuParseTest#public#testMultipleWithLong();
\src\test\org\apache\commons\cli\GnuParseTest.java;org.apache.commons.cli;org.apache.commons.cli.GnuParseTest;GnuParseTest;1;0;0;1;1;TestCase;0;0;Method;testDoubleDash;1;0;0;0;0;1;0;0;0;;0;0;0;0;0;0;3;1;0;1;0;0;1;1;1;1.0;0;0;0;0;0;0;0;0;0;0;0;0;1;0;1;0;ParseException;0;0;0;0;0;0;0;0;0;0;0;0;0;0;0;0;org.apache.commons.cli.GnuParseTest#public#testDoubleDash();
\src\test\org\apache\commons\cli\GnuParseTest.java;org.apache.commons.cli;org.apache.commons.cli.GnuParseTest;GnuParseTest;1;0;0;1;1;TestCase;0;0;Method;testSingleDash;1;0;0;0;0;1;0;0;0;;0;0;0;0;0;0;5;1;0;1;0;0;1;1;1;1.0;0;0;0;0;0;0;0;0;0;0;0;0;1;0;1;0;ParseException;0;0;0;0;0;0;0;0;0;0;0;0;0;0;0;0;org.apache.commons.cli.GnuParseTest#public#testSingleDash();
