filename;package;fullname;name;isClass;isInterface;isEnum;extends_TestCase;inTestCaseFolder;parentclass;#interfaces;isAbstractClass;method_type;method_name;method_isPublic;method_isProtected;method_isPrivate;method_isNoModifier;isOverridenMethod;isTestMethod;isHelperMethodInTestClass;#method_arguments;#method_exceptions_list;method_exceptions;#do_statements;#while_statements;#for_statements;#if_statements;#switch_statements;#empty_blocks;#assert_statements;#fail_statements;#throw;#try_blocks;#try_with_nested_try;#big_try_nested;#catches;catches_min;catches_max;catches_avg;#catches_return_statement;#catches_return_expression;#catches_return_null;#catches_empty;#catches_empty_withcomments;#catches_system_exit;#catches_system_ouputerrconsole;#catches_callprintstacktrace;#catches_with_decision_loop_structures;#catches_with_decision_structures;#catches_with_loop_structures;#catches_with_asserts;#catches_with_fail;#catches_with_nested_try;#catches_1_param;#catches_n_param;catch_exceptions;#catches_throws_new;#catches_throws_newSameDesc;#catches_throws_newDiffDesc;#catches_throws_same;#catches_throws_different;#finally;#finally_with_decision_loop_structures;#finally_with_decision_structures;#finally_with_loop_structures;#finally_with_asserts;#finally_with_fail;#finally_with_nestedtry;#finally_with_empty_blocks;#throw_inTry;#throw_inCatch;#throw_inFinally;member_signature;
\digester\src\java\org\apache\commons\digester\Digester.java;org.apache.commons.digester;org.apache.commons.digester.Digester;Digester;1;0;0;0;0;DefaultHandler;0;0;Constructor;Digester;1;0;0;0;0;0;0;0;0;;0;0;0;0;0;0;0;0;0;0;0;0;0;0;0;0.0;0;0;0;0;0;0;0;0;0;0;0;0;0;0;0;0;;0;0;0;0;0;0;0;0;0;0;0;0;0;0;0;0;org.apache.commons.digester.Digester#public#Digester();
\digester\src\java\org\apache\commons\digester\Digester.java;org.apache.commons.digester;org.apache.commons.digester.Digester;Digester;1;0;0;0;0;DefaultHandler;0;0;Constructor;Digester;1;0;0;0;0;0;0;1;0;;0;0;0;0;0;0;0;0;0;0;0;0;0;0;0;0.0;0;0;0;0;0;0;0;0;0;0;0;0;0;0;0;0;;0;0;0;0;0;0;0;0;0;0;0;0;0;0;0;0;org.apache.commons.digester.Digester#public#Digester(SAXParser);
\digester\src\java\org\apache\commons\digester\Digester.java;org.apache.commons.digester;org.apache.commons.digester.Digester;Digester;1;0;0;0;0;DefaultHandler;0;0;Method;getCount;1;0;0;0;0;0;0;0;0;;0;0;0;0;0;0;0;0;0;0;0;0;0;0;0;0.0;0;0;0;0;0;0;0;0;0;0;0;0;0;0;0;0;;0;0;0;0;0;0;0;0;0;0;0;0;0;0;0;0;org.apache.commons.digester.Digester#public#getCount();
\digester\src\java\org\apache\commons\digester\Digester.java;org.apache.commons.digester;org.apache.commons.digester.Digester;Digester;1;0;0;0;0;DefaultHandler;0;0;Method;getDebug;1;0;0;0;0;0;0;0;0;;0;0;0;0;0;0;0;0;0;0;0;0;0;0;0;0.0;0;0;0;0;0;0;0;0;0;0;0;0;0;0;0;0;;0;0;0;0;0;0;0;0;0;0;0;0;0;0;0;0;org.apache.commons.digester.Digester#public#getDebug();
\digester\src\java\org\apache\commons\digester\Digester.java;org.apache.commons.digester;org.apache.commons.digester.Digester;Digester;1;0;0;0;0;DefaultHandler;0;0;Method;setDebug;1;0;0;0;0;0;0;1;0;;0;0;0;0;0;0;0;0;0;0;0;0;0;0;0;0.0;0;0;0;0;0;0;0;0;0;0;0;0;0;0;0;0;;0;0;0;0;0;0;0;0;0;0;0;0;0;0;0;0;org.apache.commons.digester.Digester#public#setDebug(int);
\digester\src\java\org\apache\commons\digester\Digester.java;org.apache.commons.digester;org.apache.commons.digester.Digester;Digester;1;0;0;0;0;DefaultHandler;0;0;Method;getErrorHandler;1;0;0;0;0;0;0;0;0;;0;0;0;0;0;0;0;0;0;0;0;0;0;0;0;0.0;0;0;0;0;0;0;0;0;0;0;0;0;0;0;0;0;;0;0;0;0;0;0;0;0;0;0;0;0;0;0;0;0;org.apache.commons.digester.Digester#public#getErrorHandler();
\digester\src\java\org\apache\commons\digester\Digester.java;org.apache.commons.digester;org.apache.commons.digester.Digester;Digester;1;0;0;0;0;DefaultHandler;0;0;Method;setErrorHandler;1;0;0;0;0;0;0;1;0;;0;0;0;0;0;0;0;0;0;0;0;0;0;0;0;0.0;0;0;0;0;0;0;0;0;0;0;0;0;0;0;0;0;;0;0;0;0;0;0;0;0;0;0;0;0;0;0;0;0;org.apache.commons.digester.Digester#public#setErrorHandler(ErrorHandler);
\digester\src\java\org\apache\commons\digester\Digester.java;org.apache.commons.digester;org.apache.commons.digester.Digester;Digester;1;0;0;0;0;DefaultHandler;0;0;Method;getNamespaceAware;1;0;0;0;0;0;0;0;0;;0;0;0;0;0;0;0;0;0;0;0;0;0;0;0;0.0;0;0;0;0;0;0;0;0;0;0;0;0;0;0;0;0;;0;0;0;0;0;0;0;0;0;0;0;0;0;0;0;0;org.apache.commons.digester.Digester#public#getNamespaceAware();
\digester\src\java\org\apache\commons\digester\Digester.java;org.apache.commons.digester;org.apache.commons.digester.Digester;Digester;1;0;0;0;0;DefaultHandler;0;0;Method;setNamespaceAware;1;0;0;0;0;0;0;1;0;;0;0;0;0;0;0;0;0;0;0;0;0;0;0;0;0.0;0;0;0;0;0;0;0;0;0;0;0;0;0;0;0;0;;0;0;0;0;0;0;0;0;0;0;0;0;0;0;0;0;org.apache.commons.digester.Digester#public#setNamespaceAware(boolean);
\digester\src\java\org\apache\commons\digester\Digester.java;org.apache.commons.digester;org.apache.commons.digester.Digester;Digester;1;0;0;0;0;DefaultHandler;0;0;Method;getParser;1;0;0;0;0;0;0;0;0;;0;0;0;2;0;0;0;0;0;1;0;0;1;1;1;1.0;0;0;1;0;0;0;0;0;0;0;0;0;0;0;1;0;Exception;0;0;0;0;0;0;0;0;0;0;0;0;0;0;0;0;org.apache.commons.digester.Digester#public#getParser();
\digester\src\java\org\apache\commons\digester\Digester.java;org.apache.commons.digester;org.apache.commons.digester.Digester;Digester;1;0;0;0;0;DefaultHandler;0;0;Method;getValidating;1;0;0;0;0;0;0;0;0;;0;0;0;0;0;0;0;0;0;0;0;0;0;0;0;0.0;0;0;0;0;0;0;0;0;0;0;0;0;0;0;0;0;;0;0;0;0;0;0;0;0;0;0;0;0;0;0;0;0;org.apache.commons.digester.Digester#public#getValidating();
\digester\src\java\org\apache\commons\digester\Digester.java;org.apache.commons.digester;org.apache.commons.digester.Digester;Digester;1;0;0;0;0;DefaultHandler;0;0;Method;setValidating;1;0;0;0;0;0;0;1;0;;0;0;0;0;0;0;0;0;0;0;0;0;0;0;0;0.0;0;0;0;0;0;0;0;0;0;0;0;0;0;0;0;0;;0;0;0;0;0;0;0;0;0;0;0;0;0;0;0;0;org.apache.commons.digester.Digester#public#setValidating(boolean);
\digester\src\java\org\apache\commons\digester\Digester.java;org.apache.commons.digester;org.apache.commons.digester.Digester;Digester;1;0;0;0;0;DefaultHandler;0;0;Method;getWriter;1;0;0;0;0;0;0;0;0;;0;0;0;0;0;0;0;0;0;0;0;0;0;0;0;0.0;0;0;0;0;0;0;0;0;0;0;0;0;0;0;0;0;;0;0;0;0;0;0;0;0;0;0;0;0;0;0;0;0;org.apache.commons.digester.Digester#public#getWriter();
\digester\src\java\org\apache\commons\digester\Digester.java;org.apache.commons.digester;org.apache.commons.digester.Digester;Digester;1;0;0;0;0;DefaultHandler;0;0;Method;setWriter;1;0;0;0;0;0;0;1;0;;0;0;0;0;0;0;0;0;0;0;0;0;0;0;0;0.0;0;0;0;0;0;0;0;0;0;0;0;0;0;0;0;0;;0;0;0;0;0;0;0;0;0;0;0;0;0;0;0;0;org.apache.commons.digester.Digester#public#setWriter(PrintWriter);
\digester\src\java\org\apache\commons\digester\Digester.java;org.apache.commons.digester;org.apache.commons.digester.Digester;Digester;1;0;0;0;0;DefaultHandler;0;0;Method;characters;1;0;0;0;0;0;0;3;1;org.xml.sax.SAXException:;0;0;0;0;0;0;0;0;0;0;0;0;0;0;0;0.0;0;0;0;0;0;0;0;0;0;0;0;0;0;0;0;0;;0;0;0;0;0;0;0;0;0;0;0;0;0;0;0;0;org.apache.commons.digester.Digester#public#characters(char#int#int)SAXException;
\digester\src\java\org\apache\commons\digester\Digester.java;org.apache.commons.digester;org.apache.commons.digester.Digester;Digester;1;0;0;0;0;DefaultHandler;0;0;Method;endDocument;1;0;0;0;0;0;0;0;1;org.xml.sax.SAXException:;0;2;1;1;0;0;0;0;1;1;0;0;1;1;1;1.0;0;0;0;0;0;0;0;0;0;0;0;0;0;0;1;0;Exception;1;0;1;0;0;0;0;0;0;0;0;0;0;0;2;0;org.apache.commons.digester.Digester#public#endDocument()SAXException;
\digester\src\java\org\apache\commons\digester\Digester.java;org.apache.commons.digester;org.apache.commons.digester.Digester;Digester;1;0;0;0;0;DefaultHandler;0;0;Method;endElement;1;0;0;0;0;0;0;3;1;org.xml.sax.SAXException:;0;0;2;3;0;0;0;0;2;2;0;0;2;1;1;1.0;0;0;0;0;0;0;0;0;0;0;0;0;0;0;2;0;Exception;2;0;2;0;0;0;0;0;0;0;0;0;0;0;4;0;org.apache.commons.digester.Digester#public#endElement(String#String#String)SAXException;
\digester\src\java\org\apache\commons\digester\Digester.java;org.apache.commons.digester;org.apache.commons.digester.Digester;Digester;1;0;0;0;0;DefaultHandler;0;0;Method;ignorableWhitespace;1;0;0;0;0;0;0;3;1;org.xml.sax.SAXException:;0;0;0;0;0;1;0;0;0;0;0;0;0;0;0;0.0;0;0;0;0;0;0;0;0;0;0;0;0;0;0;0;0;;0;0;0;0;0;0;0;0;0;0;0;0;0;0;0;0;org.apache.commons.digester.Digester#public#ignorableWhitespace(char#int#int)SAXException;
\digester\src\java\org\apache\commons\digester\Digester.java;org.apache.commons.digester;org.apache.commons.digester.Digester;Digester;1;0;0;0;0;DefaultHandler;0;0;Method;processingInstruction;1;0;0;0;0;0;0;2;1;org.xml.sax.SAXException:;0;0;0;0;0;1;0;0;0;0;0;0;0;0;0;0.0;0;0;0;0;0;0;0;0;0;0;0;0;0;0;0;0;;0;0;0;0;0;0;0;0;0;0;0;0;0;0;0;0;org.apache.commons.digester.Digester#public#processingInstruction(String#String)SAXException;
\digester\src\java\org\apache\commons\digester\Digester.java;org.apache.commons.digester;org.apache.commons.digester.Digester;Digester;1;0;0;0;0;DefaultHandler;0;0;Method;setDocumentLocator;1;0;0;0;0;0;0;1;0;;0;0;0;0;0;0;0;0;0;0;0;0;0;0;0;0.0;0;0;0;0;0;0;0;0;0;0;0;0;0;0;0;0;;0;0;0;0;0;0;0;0;0;0;0;0;0;0;0;0;org.apache.commons.digester.Digester#public#setDocumentLocator(Locator);
\digester\src\java\org\apache\commons\digester\Digester.java;org.apache.commons.digester;org.apache.commons.digester.Digester;Digester;1;0;0;0;0;DefaultHandler;0;0;Method;startDocument;1;0;0;0;0;0;0;0;1;org.xml.sax.SAXException:;0;0;0;0;0;0;0;0;0;0;0;0;0;0;0;0.0;0;0;0;0;0;0;0;0;0;0;0;0;0;0;0;0;;0;0;0;0;0;0;0;0;0;0;0;0;0;0;0;0;org.apache.commons.digester.Digester#public#startDocument()SAXException;
\digester\src\java\org\apache\commons\digester\Digester.java;org.apache.commons.digester;org.apache.commons.digester.Digester;Digester;1;0;0;0;0;DefaultHandler;0;0;Method;startElement;1;0;0;0;0;0;0;4;1;org.xml.sax.SAXException:;0;0;1;2;0;0;0;0;1;1;0;0;1;1;1;1.0;0;0;0;0;0;0;0;0;0;0;0;0;0;0;1;0;Exception;1;0;1;0;0;0;0;0;0;0;0;0;0;0;2;0;org.apache.commons.digester.Digester#public#startElement(String#String#String#Attributes)SAXException;
\digester\src\java\org\apache\commons\digester\Digester.java;org.apache.commons.digester;org.apache.commons.digester.Digester;Digester;1;0;0;0;0;DefaultHandler;0;0;Method;notationDecl;1;0;0;0;0;0;0;3;0;;0;0;0;1;0;0;0;0;0;0;0;0;0;0;0;0.0;0;0;0;0;0;0;0;0;0;0;0;0;0;0;0;0;;0;0;0;0;0;0;0;0;0;0;0;0;0;0;0;0;org.apache.commons.digester.Digester#public#notationDecl(String#String#String);
\digester\src\java\org\apache\commons\digester\Digester.java;org.apache.commons.digester;org.apache.commons.digester.Digester;Digester;1;0;0;0;0;DefaultHandler;0;0;Method;unparsedEntityDecl;1;0;0;0;0;0;0;4;0;;0;0;0;1;0;0;0;0;0;0;0;0;0;0;0;0.0;0;0;0;0;0;0;0;0;0;0;0;0;0;0;0;0;;0;0;0;0;0;0;0;0;0;0;0;0;0;0;0;0;org.apache.commons.digester.Digester#public#unparsedEntityDecl(String#String#String#String);
\digester\src\java\org\apache\commons\digester\Digester.java;org.apache.commons.digester;org.apache.commons.digester.Digester;Digester;1;0;0;0;0;DefaultHandler;0;0;Method;resolveEntity;1;0;0;0;0;0;0;2;1;org.xml.sax.SAXException:;0;0;0;5;0;0;0;0;1;1;0;0;1;1;1;1.0;0;0;0;0;0;0;0;0;0;0;0;0;0;0;1;0;Exception;1;0;1;0;0;0;0;0;0;0;0;0;0;0;2;0;org.apache.commons.digester.Digester#public#resolveEntity(String#String)SAXException;
\digester\src\java\org\apache\commons\digester\Digester.java;org.apache.commons.digester;org.apache.commons.digester.Digester;Digester;1;0;0;0;0;DefaultHandler;0;0;Method;error;1;0;0;0;0;0;0;1;1;org.xml.sax.SAXException:;0;0;0;1;0;0;0;0;0;0;0;0;0;0;0;0.0;0;0;0;0;0;0;0;0;0;0;0;0;0;0;0;0;;0;0;0;0;0;0;0;0;0;0;0;0;0;0;0;0;org.apache.commons.digester.Digester#public#error(SAXParseException)SAXException;
\digester\src\java\org\apache\commons\digester\Digester.java;org.apache.commons.digester;org.apache.commons.digester.Digester;Digester;1;0;0;0;0;DefaultHandler;0;0;Method;fatalError;1;0;0;0;0;0;0;1;1;org.xml.sax.SAXException:;0;0;0;1;0;0;0;0;0;0;0;0;0;0;0;0.0;0;0;0;0;0;0;0;0;0;0;0;0;0;0;0;0;;0;0;0;0;0;0;0;0;0;0;0;0;0;0;0;0;org.apache.commons.digester.Digester#public#fatalError(SAXParseException)SAXException;
\digester\src\java\org\apache\commons\digester\Digester.java;org.apache.commons.digester;org.apache.commons.digester.Digester;Digester;1;0;0;0;0;DefaultHandler;0;0;Method;warning;1;0;0;0;0;0;0;1;1;org.xml.sax.SAXException:;0;0;0;1;0;0;0;0;0;0;0;0;0;0;0;0.0;0;0;0;0;0;0;0;0;0;0;0;0;0;0;0;0;;0;0;0;0;0;0;0;0;0;0;0;0;0;0;0;0;org.apache.commons.digester.Digester#public#warning(SAXParseException)SAXException;
\digester\src\java\org\apache\commons\digester\Digester.java;org.apache.commons.digester;org.apache.commons.digester.Digester;Digester;1;0;0;0;0;DefaultHandler;0;0;Method;log;1;0;0;0;0;0;0;1;0;;0;0;0;1;0;0;0;0;0;0;0;0;0;0;0;0.0;0;0;0;0;0;0;0;0;0;0;0;0;0;0;0;0;;0;0;0;0;0;0;0;0;0;0;0;0;0;0;0;0;org.apache.commons.digester.Digester#public#log(String);
\digester\src\java\org\apache\commons\digester\Digester.java;org.apache.commons.digester;org.apache.commons.digester.Digester;Digester;1;0;0;0;0;DefaultHandler;0;0;Method;log;1;0;0;0;0;0;0;2;0;;0;0;0;1;0;0;0;0;0;0;0;0;0;0;0;0.0;0;0;0;0;0;0;0;0;0;0;0;0;0;0;0;0;;0;0;0;0;0;0;0;0;0;0;0;0;0;0;0;0;org.apache.commons.digester.Digester#public#log(String#Throwable);
\digester\src\java\org\apache\commons\digester\Digester.java;org.apache.commons.digester;org.apache.commons.digester.Digester;Digester;1;0;0;0;0;DefaultHandler;0;0;Method;parse;1;0;0;0;0;0;0;1;2;java.io.IOException:org.xml.sax.SAXException:;0;0;0;0;0;0;0;0;0;0;0;0;0;0;0;0.0;0;0;0;0;0;0;0;0;0;0;0;0;0;0;0;0;;0;0;0;0;0;0;0;0;0;0;0;0;0;0;0;0;org.apache.commons.digester.Digester#public#parse(File)IOException#SAXException;
\digester\src\java\org\apache\commons\digester\Digester.java;org.apache.commons.digester;org.apache.commons.digester.Digester;Digester;1;0;0;0;0;DefaultHandler;0;0;Method;parse;1;0;0;0;0;0;0;1;2;java.io.IOException:org.xml.sax.SAXException:;0;0;0;0;0;0;0;0;0;0;0;0;0;0;0;0.0;0;0;0;0;0;0;0;0;0;0;0;0;0;0;0;0;;0;0;0;0;0;0;0;0;0;0;0;0;0;0;0;0;org.apache.commons.digester.Digester#public#parse(InputSource)IOException#SAXException;
\digester\src\java\org\apache\commons\digester\Digester.java;org.apache.commons.digester;org.apache.commons.digester.Digester;Digester;1;0;0;0;0;DefaultHandler;0;0;Method;parse;1;0;0;0;0;0;0;1;2;java.io.IOException:org.xml.sax.SAXException:;0;0;0;0;0;0;0;0;0;0;0;0;0;0;0;0.0;0;0;0;0;0;0;0;0;0;0;0;0;0;0;0;0;;0;0;0;0;0;0;0;0;0;0;0;0;0;0;0;0;org.apache.commons.digester.Digester#public#parse(InputStream)IOException#SAXException;
\digester\src\java\org\apache\commons\digester\Digester.java;org.apache.commons.digester;org.apache.commons.digester.Digester;Digester;1;0;0;0;0;DefaultHandler;0;0;Method;parse;1;0;0;0;0;0;0;1;2;java.io.IOException:org.xml.sax.SAXException:;0;0;0;0;0;0;0;0;0;0;0;0;0;0;0;0.0;0;0;0;0;0;0;0;0;0;0;0;0;0;0;0;0;;0;0;0;0;0;0;0;0;0;0;0;0;0;0;0;0;org.apache.commons.digester.Digester#public#parse(String)IOException#SAXException;
\digester\src\java\org\apache\commons\digester\Digester.java;org.apache.commons.digester;org.apache.commons.digester.Digester;Digester;1;0;0;0;0;DefaultHandler;0;0;Method;register;1;0;0;0;0;0;0;2;0;;0;0;0;1;0;0;0;0;0;0;0;0;0;0;0;0.0;0;0;0;0;0;0;0;0;0;0;0;0;0;0;0;0;;0;0;0;0;0;0;0;0;0;0;0;0;0;0;0;0;org.apache.commons.digester.Digester#public#register(String#String);
\digester\src\java\org\apache\commons\digester\Digester.java;org.apache.commons.digester;org.apache.commons.digester.Digester;Digester;1;0;0;0;0;DefaultHandler;0;0;Method;addRule;1;0;0;0;0;0;0;2;0;;0;0;0;1;0;0;0;0;0;0;0;0;0;0;0;0.0;0;0;0;0;0;0;0;0;0;0;0;0;0;0;0;0;;0;0;0;0;0;0;0;0;0;0;0;0;0;0;0;0;org.apache.commons.digester.Digester#public#addRule(String#Rule);
\digester\src\java\org\apache\commons\digester\Digester.java;org.apache.commons.digester;org.apache.commons.digester.Digester;Digester;1;0;0;0;0;DefaultHandler;0;0;Method;addCallMethod;1;0;0;0;0;0;0;3;0;;0;0;0;0;0;0;0;0;0;0;0;0;0;0;0;0.0;0;0;0;0;0;0;0;0;0;0;0;0;0;0;0;0;;0;0;0;0;0;0;0;0;0;0;0;0;0;0;0;0;org.apache.commons.digester.Digester#public#addCallMethod(String#String#int);
\digester\src\java\org\apache\commons\digester\Digester.java;org.apache.commons.digester;org.apache.commons.digester.Digester;Digester;1;0;0;0;0;DefaultHandler;0;0;Method;addCallMethod;1;0;0;0;0;0;0;4;0;;0;0;0;0;0;0;0;0;0;0;0;0;0;0;0;0.0;0;0;0;0;0;0;0;0;0;0;0;0;0;0;0;0;;0;0;0;0;0;0;0;0;0;0;0;0;0;0;0;0;org.apache.commons.digester.Digester#public#addCallMethod(String#String#int#String);
\digester\src\java\org\apache\commons\digester\Digester.java;org.apache.commons.digester;org.apache.commons.digester.Digester;Digester;1;0;0;0;0;DefaultHandler;0;0;Method;addCallMethod;1;0;0;0;0;0;0;4;0;;0;0;0;0;0;0;0;0;0;0;0;0;0;0;0;0.0;0;0;0;0;0;0;0;0;0;0;0;0;0;0;0;0;;0;0;0;0;0;0;0;0;0;0;0;0;0;0;0;0;org.apache.commons.digester.Digester#public#addCallMethod(String#String#int#Class);
\digester\src\java\org\apache\commons\digester\Digester.java;org.apache.commons.digester;org.apache.commons.digester.Digester;Digester;1;0;0;0;0;DefaultHandler;0;0;Method;addCallParam;1;0;0;0;0;0;0;2;0;;0;0;0;0;0;0;0;0;0;0;0;0;0;0;0;0.0;0;0;0;0;0;0;0;0;0;0;0;0;0;0;0;0;;0;0;0;0;0;0;0;0;0;0;0;0;0;0;0;0;org.apache.commons.digester.Digester#public#addCallParam(String#int);
\digester\src\java\org\apache\commons\digester\Digester.java;org.apache.commons.digester;org.apache.commons.digester.Digester;Digester;1;0;0;0;0;DefaultHandler;0;0;Method;addCallParam;1;0;0;0;0;0;0;3;0;;0;0;0;0;0;0;0;0;0;0;0;0;0;0;0;0.0;0;0;0;0;0;0;0;0;0;0;0;0;0;0;0;0;;0;0;0;0;0;0;0;0;0;0;0;0;0;0;0;0;org.apache.commons.digester.Digester#public#addCallParam(String#int#String);
\digester\src\java\org\apache\commons\digester\Digester.java;org.apache.commons.digester;org.apache.commons.digester.Digester;Digester;1;0;0;0;0;DefaultHandler;0;0;Method;addObjectCreate;1;0;0;0;0;0;0;2;0;;0;0;0;0;0;0;0;0;0;0;0;0;0;0;0;0.0;0;0;0;0;0;0;0;0;0;0;0;0;0;0;0;0;;0;0;0;0;0;0;0;0;0;0;0;0;0;0;0;0;org.apache.commons.digester.Digester#public#addObjectCreate(String#String);
\digester\src\java\org\apache\commons\digester\Digester.java;org.apache.commons.digester;org.apache.commons.digester.Digester;Digester;1;0;0;0;0;DefaultHandler;0;0;Method;addObjectCreate;1;0;0;0;0;0;0;3;0;;0;0;0;0;0;0;0;0;0;0;0;0;0;0;0;0.0;0;0;0;0;0;0;0;0;0;0;0;0;0;0;0;0;;0;0;0;0;0;0;0;0;0;0;0;0;0;0;0;0;org.apache.commons.digester.Digester#public#addObjectCreate(String#String#String);
\digester\src\java\org\apache\commons\digester\Digester.java;org.apache.commons.digester;org.apache.commons.digester.Digester;Digester;1;0;0;0;0;DefaultHandler;0;0;Method;addSetNext;1;0;0;0;0;0;0;2;0;;0;0;0;0;0;0;0;0;0;0;0;0;0;0;0;0.0;0;0;0;0;0;0;0;0;0;0;0;0;0;0;0;0;;0;0;0;0;0;0;0;0;0;0;0;0;0;0;0;0;org.apache.commons.digester.Digester#public#addSetNext(String#String);
\digester\src\java\org\apache\commons\digester\Digester.java;org.apache.commons.digester;org.apache.commons.digester.Digester;Digester;1;0;0;0;0;DefaultHandler;0;0;Method;addSetNext;1;0;0;0;0;0;0;3;0;;0;0;0;0;0;0;0;0;0;0;0;0;0;0;0;0.0;0;0;0;0;0;0;0;0;0;0;0;0;0;0;0;0;;0;0;0;0;0;0;0;0;0;0;0;0;0;0;0;0;org.apache.commons.digester.Digester#public#addSetNext(String#String#String);
\digester\src\java\org\apache\commons\digester\Digester.java;org.apache.commons.digester;org.apache.commons.digester.Digester;Digester;1;0;0;0;0;DefaultHandler;0;0;Method;addSetProperties;1;0;0;0;0;0;0;1;0;;0;0;0;0;0;0;0;0;0;0;0;0;0;0;0;0.0;0;0;0;0;0;0;0;0;0;0;0;0;0;0;0;0;;0;0;0;0;0;0;0;0;0;0;0;0;0;0;0;0;org.apache.commons.digester.Digester#public#addSetProperties(String);
\digester\src\java\org\apache\commons\digester\Digester.java;org.apache.commons.digester;org.apache.commons.digester.Digester;Digester;1;0;0;0;0;DefaultHandler;0;0;Method;addSetProperty;1;0;0;0;0;0;0;3;0;;0;0;0;0;0;0;0;0;0;0;0;0;0;0;0;0.0;0;0;0;0;0;0;0;0;0;0;0;0;0;0;0;0;;0;0;0;0;0;0;0;0;0;0;0;0;0;0;0;0;org.apache.commons.digester.Digester#public#addSetProperty(String#String#String);
\digester\src\java\org\apache\commons\digester\Digester.java;org.apache.commons.digester;org.apache.commons.digester.Digester;Digester;1;0;0;0;0;DefaultHandler;0;0;Method;addSetTop;1;0;0;0;0;0;0;2;0;;0;0;0;0;0;0;0;0;0;0;0;0;0;0;0;0.0;0;0;0;0;0;0;0;0;0;0;0;0;0;0;0;0;;0;0;0;0;0;0;0;0;0;0;0;0;0;0;0;0;org.apache.commons.digester.Digester#public#addSetTop(String#String);
\digester\src\java\org\apache\commons\digester\Digester.java;org.apache.commons.digester;org.apache.commons.digester.Digester;Digester;1;0;0;0;0;DefaultHandler;0;0;Method;addSetTop;1;0;0;0;0;0;0;3;0;;0;0;0;0;0;0;0;0;0;0;0;0;0;0;0;0.0;0;0;0;0;0;0;0;0;0;0;0;0;0;0;0;0;;0;0;0;0;0;0;0;0;0;0;0;0;0;0;0;0;org.apache.commons.digester.Digester#public#addSetTop(String#String#String);
\digester\src\java\org\apache\commons\digester\Digester.java;org.apache.commons.digester;org.apache.commons.digester.Digester;Digester;1;0;0;0;0;DefaultHandler;0;0;Method;clear;1;0;0;0;0;0;0;0;0;;0;0;0;0;0;0;0;0;0;0;0;0;0;0;0;0.0;0;0;0;0;0;0;0;0;0;0;0;0;0;0;0;0;;0;0;0;0;0;0;0;0;0;0;0;0;0;0;0;0;org.apache.commons.digester.Digester#public#clear();
\digester\src\java\org\apache\commons\digester\Digester.java;org.apache.commons.digester;org.apache.commons.digester.Digester;Digester;1;0;0;0;0;DefaultHandler;0;0;Method;peek;1;0;0;0;0;0;0;0;0;;0;0;0;0;0;0;0;0;0;1;0;0;1;1;1;1.0;0;0;1;0;0;0;0;0;0;0;0;0;0;0;1;0;java.util.EmptyStackException;0;0;0;0;0;0;0;0;0;0;0;0;0;0;0;0;org.apache.commons.digester.Digester#public#peek();
\digester\src\java\org\apache\commons\digester\Digester.java;org.apache.commons.digester;org.apache.commons.digester.Digester;Digester;1;0;0;0;0;DefaultHandler;0;0;Method;peek;1;0;0;0;0;0;0;1;0;;0;0;0;0;0;0;0;0;0;1;0;0;1;1;1;1.0;0;0;1;0;0;0;0;0;0;0;0;0;0;0;1;0;java.util.EmptyStackException;0;0;0;0;0;0;0;0;0;0;0;0;0;0;0;0;org.apache.commons.digester.Digester#public#peek(int);
\digester\src\java\org\apache\commons\digester\Digester.java;org.apache.commons.digester;org.apache.commons.digester.Digester;Digester;1;0;0;0;0;DefaultHandler;0;0;Method;pop;1;0;0;0;0;0;0;0;0;;0;0;0;0;0;0;0;0;0;1;0;0;1;1;1;1.0;0;0;1;0;0;0;0;0;0;0;0;0;0;0;1;0;java.util.EmptyStackException;0;0;0;0;0;0;0;0;0;0;0;0;0;0;0;0;org.apache.commons.digester.Digester#public#pop();
\digester\src\java\org\apache\commons\digester\Digester.java;org.apache.commons.digester;org.apache.commons.digester.Digester;Digester;1;0;0;0;0;DefaultHandler;0;0;Method;push;1;0;0;0;0;0;0;1;0;;0;0;0;1;0;0;0;0;0;0;0;0;0;0;0;0.0;0;0;0;0;0;0;0;0;0;0;0;0;0;0;0;0;;0;0;0;0;0;0;0;0;0;0;0;0;0;0;0;0;org.apache.commons.digester.Digester#public#push(Object);
\digester\src\java\org\apache\commons\digester\Digester.java;org.apache.commons.digester;org.apache.commons.digester.Digester;Digester;1;0;0;0;0;DefaultHandler;0;0;Method;getRegistrations;0;0;0;1;0;0;0;0;0;;0;0;0;0;0;0;0;0;0;0;0;0;0;0;0;0.0;0;0;0;0;0;0;0;0;0;0;0;0;0;0;0;0;;0;0;0;0;0;0;0;0;0;0;0;0;0;0;0;0;org.apache.commons.digester.Digester##getRegistrations();
\digester\src\java\org\apache\commons\digester\Digester.java;org.apache.commons.digester;org.apache.commons.digester.Digester;Digester;1;0;0;0;0;DefaultHandler;0;0;Method;getRules;0;0;0;1;0;0;0;1;0;;0;1;0;4;0;0;0;0;0;0;0;0;0;0;0;0.0;0;0;0;0;0;0;0;0;0;0;0;0;0;0;0;0;;0;0;0;0;0;0;0;0;0;0;0;0;0;0;0;0;org.apache.commons.digester.Digester##getRules(String);
\digester\src\java\org\apache\commons\digester\SetPropertiesRule.java;org.apache.commons.digester;org.apache.commons.digester.SetPropertiesRule;SetPropertiesRule;1;0;0;0;0;Rule;0;0;Constructor;SetPropertiesRule;1;0;0;0;0;0;0;1;0;;0;0;0;0;0;0;0;0;0;0;0;0;0;0;0;0.0;0;0;0;0;0;0;0;0;0;0;0;0;0;0;0;0;;0;0;0;0;0;0;0;0;0;0;0;0;0;0;0;0;org.apache.commons.digester.SetPropertiesRule#public#SetPropertiesRule(Digester);
\digester\src\java\org\apache\commons\digester\SetPropertiesRule.java;org.apache.commons.digester;org.apache.commons.digester.SetPropertiesRule;SetPropertiesRule;1;0;0;0;0;Rule;0;0;Method;begin;1;0;0;0;0;0;0;1;1;Exception:;0;0;1;1;0;0;0;0;0;0;0;0;0;0;0;0.0;0;0;0;0;0;0;0;0;0;0;0;0;0;0;0;0;;0;0;0;0;0;0;0;0;0;0;0;0;0;0;0;0;org.apache.commons.digester.SetPropertiesRule#public#begin(Attributes)Exception;
\digester\src\java\org\apache\commons\digester\CallMethodRule.java;org.apache.commons.digester;org.apache.commons.digester.CallMethodRule;CallMethodRule;1;0;0;0;0;Rule;0;0;Constructor;CallMethodRule;1;0;0;0;0;0;0;3;0;;0;0;0;0;0;0;0;0;0;0;0;0;0;0;0;0.0;0;0;0;0;0;0;0;0;0;0;0;0;0;0;0;0;;0;0;0;0;0;0;0;0;0;0;0;0;0;0;0;0;org.apache.commons.digester.CallMethodRule#public#CallMethodRule(Digester#String#int);
\digester\src\java\org\apache\commons\digester\CallMethodRule.java;org.apache.commons.digester;org.apache.commons.digester.CallMethodRule;CallMethodRule;1;0;0;0;0;Rule;0;0;Constructor;CallMethodRule;1;0;0;0;0;0;0;4;0;;0;0;2;2;0;0;0;0;0;1;0;0;1;1;1;1.0;0;0;0;0;0;0;0;0;0;0;0;0;0;0;1;0;ClassNotFoundException;0;0;0;0;0;0;0;0;0;0;0;0;0;0;0;0;org.apache.commons.digester.CallMethodRule#public#CallMethodRule(Digester#String#int#String);
\digester\src\java\org\apache\commons\digester\CallMethodRule.java;org.apache.commons.digester;org.apache.commons.digester.CallMethodRule;CallMethodRule;1;0;0;0;0;Rule;0;0;Constructor;CallMethodRule;1;0;0;0;0;0;0;4;0;;0;0;2;1;0;0;0;0;0;0;0;0;0;0;0;0.0;0;0;0;0;0;0;0;0;0;0;0;0;0;0;0;0;;0;0;0;0;0;0;0;0;0;0;0;0;0;0;0;0;org.apache.commons.digester.CallMethodRule#public#CallMethodRule(Digester#String#int#Class);
\digester\src\java\org\apache\commons\digester\CallMethodRule.java;org.apache.commons.digester;org.apache.commons.digester.CallMethodRule;CallMethodRule;1;0;0;0;0;Rule;0;0;Method;begin;1;0;0;0;0;0;0;1;1;Exception:;0;0;1;1;0;0;0;0;0;0;0;0;0;0;0;0.0;0;0;0;0;0;0;0;0;0;0;0;0;0;0;0;0;;0;0;0;0;0;0;0;0;0;0;0;0;0;0;0;0;org.apache.commons.digester.CallMethodRule#public#begin(Attributes)Exception;
\digester\src\java\org\apache\commons\digester\CallMethodRule.java;org.apache.commons.digester;org.apache.commons.digester.CallMethodRule;CallMethodRule;1;0;0;0;0;Rule;0;0;Method;body;1;0;0;0;0;0;0;1;1;Exception:;0;0;0;1;0;0;0;0;0;0;0;0;0;0;0;0.0;0;0;0;0;0;0;0;0;0;0;0;0;0;0;0;0;;0;0;0;0;0;0;0;0;0;0;0;0;0;0;0;0;org.apache.commons.digester.CallMethodRule#public#body(String)Exception;
\digester\src\java\org\apache\commons\digester\CallMethodRule.java;org.apache.commons.digester;org.apache.commons.digester.CallMethodRule;CallMethodRule;1;0;0;0;0;Rule;0;0;Method;end;1;0;0;0;0;0;0;0;1;Exception:;0;0;2;6;0;0;0;0;0;0;0;0;0;0;0;0.0;0;0;0;0;0;0;0;0;0;0;0;0;0;0;0;0;;0;0;0;0;0;0;0;0;0;0;0;0;0;0;0;0;org.apache.commons.digester.CallMethodRule#public#end()Exception;
\digester\src\java\org\apache\commons\digester\CallMethodRule.java;org.apache.commons.digester;org.apache.commons.digester.CallMethodRule;CallMethodRule;1;0;0;0;0;Rule;0;0;Method;finish;1;0;0;0;0;0;0;0;1;Exception:;0;0;0;0;0;0;0;0;0;0;0;0;0;0;0;0.0;0;0;0;0;0;0;0;0;0;0;0;0;0;0;0;0;;0;0;0;0;0;0;0;0;0;0;0;0;0;0;0;0;org.apache.commons.digester.CallMethodRule#public#finish()Exception;
\digester\src\java\org\apache\commons\digester\SetTopRule.java;org.apache.commons.digester;org.apache.commons.digester.SetTopRule;SetTopRule;1;0;0;0;0;Rule;0;0;Constructor;SetTopRule;1;0;0;0;0;0;0;2;0;;0;0;0;0;0;0;0;0;0;0;0;0;0;0;0;0.0;0;0;0;0;0;0;0;0;0;0;0;0;0;0;0;0;;0;0;0;0;0;0;0;0;0;0;0;0;0;0;0;0;org.apache.commons.digester.SetTopRule#public#SetTopRule(Digester#String);
\digester\src\java\org\apache\commons\digester\SetTopRule.java;org.apache.commons.digester;org.apache.commons.digester.SetTopRule;SetTopRule;1;0;0;0;0;Rule;0;0;Constructor;SetTopRule;1;0;0;0;0;0;0;3;0;;0;0;0;0;0;0;0;0;0;0;0;0;0;0;0;0.0;0;0;0;0;0;0;0;0;0;0;0;0;0;0;0;0;;0;0;0;0;0;0;0;0;0;0;0;0;0;0;0;0;org.apache.commons.digester.SetTopRule#public#SetTopRule(Digester#String#String);
\digester\src\java\org\apache\commons\digester\SetTopRule.java;org.apache.commons.digester;org.apache.commons.digester.SetTopRule;SetTopRule;1;0;0;0;0;Rule;0;0;Method;end;1;0;0;0;0;0;0;0;1;Exception:;0;0;0;3;0;0;0;0;0;0;0;0;0;0;0;0.0;0;0;0;0;0;0;0;0;0;0;0;0;0;0;0;0;;0;0;0;0;0;0;0;0;0;0;0;0;0;0;0;0;org.apache.commons.digester.SetTopRule#public#end()Exception;
\digester\src\java\org\apache\commons\digester\SetTopRule.java;org.apache.commons.digester;org.apache.commons.digester.SetTopRule;SetTopRule;1;0;0;0;0;Rule;0;0;Method;finish;1;0;0;0;0;0;0;0;1;Exception:;0;0;0;0;0;0;0;0;0;0;0;0;0;0;0;0.0;0;0;0;0;0;0;0;0;0;0;0;0;0;0;0;0;;0;0;0;0;0;0;0;0;0;0;0;0;0;0;0;0;org.apache.commons.digester.SetTopRule#public#finish()Exception;
\digester\src\java\org\apache\commons\digester\SetNextRule.java;org.apache.commons.digester;org.apache.commons.digester.SetNextRule;SetNextRule;1;0;0;0;0;Rule;0;0;Constructor;SetNextRule;1;0;0;0;0;0;0;2;0;;0;0;0;0;0;0;0;0;0;0;0;0;0;0;0;0.0;0;0;0;0;0;0;0;0;0;0;0;0;0;0;0;0;;0;0;0;0;0;0;0;0;0;0;0;0;0;0;0;0;org.apache.commons.digester.SetNextRule#public#SetNextRule(Digester#String);
\digester\src\java\org\apache\commons\digester\SetNextRule.java;org.apache.commons.digester;org.apache.commons.digester.SetNextRule;SetNextRule;1;0;0;0;0;Rule;0;0;Constructor;SetNextRule;1;0;0;0;0;0;0;3;0;;0;0;0;0;0;0;0;0;0;0;0;0;0;0;0;0.0;0;0;0;0;0;0;0;0;0;0;0;0;0;0;0;0;;0;0;0;0;0;0;0;0;0;0;0;0;0;0;0;0;org.apache.commons.digester.SetNextRule#public#SetNextRule(Digester#String#String);
\digester\src\java\org\apache\commons\digester\SetNextRule.java;org.apache.commons.digester;org.apache.commons.digester.SetNextRule;SetNextRule;1;0;0;0;0;Rule;0;0;Method;end;1;0;0;0;0;0;0;0;1;Exception:;0;0;0;3;0;0;0;0;0;0;0;0;0;0;0;0.0;0;0;0;0;0;0;0;0;0;0;0;0;0;0;0;0;;0;0;0;0;0;0;0;0;0;0;0;0;0;0;0;0;org.apache.commons.digester.SetNextRule#public#end()Exception;
\digester\src\java\org\apache\commons\digester\SetNextRule.java;org.apache.commons.digester;org.apache.commons.digester.SetNextRule;SetNextRule;1;0;0;0;0;Rule;0;0;Method;finish;1;0;0;0;0;0;0;0;1;Exception:;0;0;0;0;0;0;0;0;0;0;0;0;0;0;0;0.0;0;0;0;0;0;0;0;0;0;0;0;0;0;0;0;0;;0;0;0;0;0;0;0;0;0;0;0;0;0;0;0;0;org.apache.commons.digester.SetNextRule#public#finish()Exception;
\digester\src\java\org\apache\commons\digester\CallParamRule.java;org.apache.commons.digester;org.apache.commons.digester.CallParamRule;CallParamRule;1;0;0;0;0;Rule;0;0;Constructor;CallParamRule;1;0;0;0;0;0;0;2;0;;0;0;0;0;0;0;0;0;0;0;0;0;0;0;0;0.0;0;0;0;0;0;0;0;0;0;0;0;0;0;0;0;0;;0;0;0;0;0;0;0;0;0;0;0;0;0;0;0;0;org.apache.commons.digester.CallParamRule#public#CallParamRule(Digester#int);
\digester\src\java\org\apache\commons\digester\CallParamRule.java;org.apache.commons.digester;org.apache.commons.digester.CallParamRule;CallParamRule;1;0;0;0;0;Rule;0;0;Constructor;CallParamRule;1;0;0;0;0;0;0;3;0;;0;0;0;0;0;0;0;0;0;0;0;0;0;0;0;0.0;0;0;0;0;0;0;0;0;0;0;0;0;0;0;0;0;;0;0;0;0;0;0;0;0;0;0;0;0;0;0;0;0;org.apache.commons.digester.CallParamRule#public#CallParamRule(Digester#int#String);
\digester\src\java\org\apache\commons\digester\CallParamRule.java;org.apache.commons.digester;org.apache.commons.digester.CallParamRule;CallParamRule;1;0;0;0;0;Rule;0;0;Method;begin;1;0;0;0;0;0;0;1;1;Exception:;0;0;0;1;0;0;0;0;0;0;0;0;0;0;0;0.0;0;0;0;0;0;0;0;0;0;0;0;0;0;0;0;0;;0;0;0;0;0;0;0;0;0;0;0;0;0;0;0;0;org.apache.commons.digester.CallParamRule#public#begin(Attributes)Exception;
\digester\src\java\org\apache\commons\digester\CallParamRule.java;org.apache.commons.digester;org.apache.commons.digester.CallParamRule;CallParamRule;1;0;0;0;0;Rule;0;0;Method;body;1;0;0;0;0;0;0;1;1;Exception:;0;0;0;1;0;0;0;0;0;0;0;0;0;0;0;0.0;0;0;0;0;0;0;0;0;0;0;0;0;0;0;0;0;;0;0;0;0;0;0;0;0;0;0;0;0;0;0;0;0;org.apache.commons.digester.CallParamRule#public#body(String)Exception;
\digester\src\java\org\apache\commons\digester\CallParamRule.java;org.apache.commons.digester;org.apache.commons.digester.CallParamRule;CallParamRule;1;0;0;0;0;Rule;0;0;Method;end;1;0;0;0;0;0;0;0;1;Exception:;0;0;0;0;0;0;0;0;0;0;0;0;0;0;0;0.0;0;0;0;0;0;0;0;0;0;0;0;0;0;0;0;0;;0;0;0;0;0;0;0;0;0;0;0;0;0;0;0;0;org.apache.commons.digester.CallParamRule#public#end()Exception;
\digester\src\java\org\apache\commons\digester\CallParamRule.java;org.apache.commons.digester;org.apache.commons.digester.CallParamRule;CallParamRule;1;0;0;0;0;Rule;0;0;Method;finish;1;0;0;0;0;0;0;0;1;Exception:;0;0;0;0;0;0;0;0;0;0;0;0;0;0;0;0.0;0;0;0;0;0;0;0;0;0;0;0;0;0;0;0;0;;0;0;0;0;0;0;0;0;0;0;0;0;0;0;0;0;org.apache.commons.digester.CallParamRule#public#finish()Exception;
\digester\src\java\org\apache\commons\digester\Rule.java;org.apache.commons.digester;org.apache.commons.digester.Rule;Rule;1;0;0;0;0;null;0;1;Constructor;Rule;1;0;0;0;0;0;0;1;0;;0;0;0;0;0;0;0;0;0;0;0;0;0;0;0;0.0;0;0;0;0;0;0;0;0;0;0;0;0;0;0;0;0;;0;0;0;0;0;0;0;0;0;0;0;0;0;0;0;0;org.apache.commons.digester.Rule#public#Rule(Digester);
\digester\src\java\org\apache\commons\digester\Rule.java;org.apache.commons.digester;org.apache.commons.digester.Rule;Rule;1;0;0;0;0;null;0;1;Method;begin;1;0;0;0;0;0;0;1;1;Exception:;0;0;0;0;0;1;0;0;0;0;0;0;0;0;0;0.0;0;0;0;0;0;0;0;0;0;0;0;0;0;0;0;0;;0;0;0;0;0;0;0;0;0;0;0;0;0;0;0;0;org.apache.commons.digester.Rule#public#begin(Attributes)Exception;
\digester\src\java\org\apache\commons\digester\Rule.java;org.apache.commons.digester;org.apache.commons.digester.Rule;Rule;1;0;0;0;0;null;0;1;Method;body;1;0;0;0;0;0;0;1;1;Exception:;0;0;0;0;0;1;0;0;0;0;0;0;0;0;0;0.0;0;0;0;0;0;0;0;0;0;0;0;0;0;0;0;0;;0;0;0;0;0;0;0;0;0;0;0;0;0;0;0;0;org.apache.commons.digester.Rule#public#body(String)Exception;
\digester\src\java\org\apache\commons\digester\Rule.java;org.apache.commons.digester;org.apache.commons.digester.Rule;Rule;1;0;0;0;0;null;0;1;Method;end;1;0;0;0;0;0;0;0;1;Exception:;0;0;0;0;0;1;0;0;0;0;0;0;0;0;0;0.0;0;0;0;0;0;0;0;0;0;0;0;0;0;0;0;0;;0;0;0;0;0;0;0;0;0;0;0;0;0;0;0;0;org.apache.commons.digester.Rule#public#end()Exception;
\digester\src\java\org\apache\commons\digester\Rule.java;org.apache.commons.digester;org.apache.commons.digester.Rule;Rule;1;0;0;0;0;null;0;1;Method;finish;1;0;0;0;0;0;0;0;1;Exception:;0;0;0;0;0;1;0;0;0;0;0;0;0;0;0;0.0;0;0;0;0;0;0;0;0;0;0;0;0;0;0;0;0;;0;0;0;0;0;0;0;0;0;0;0;0;0;0;0;0;org.apache.commons.digester.Rule#public#finish()Exception;
\digester\src\java\org\apache\commons\digester\ObjectCreateRule.java;org.apache.commons.digester;org.apache.commons.digester.ObjectCreateRule;ObjectCreateRule;1;0;0;0;0;Rule;0;0;Constructor;ObjectCreateRule;1;0;0;0;0;0;0;2;0;;0;0;0;0;0;0;0;0;0;0;0;0;0;0;0;0.0;0;0;0;0;0;0;0;0;0;0;0;0;0;0;0;0;;0;0;0;0;0;0;0;0;0;0;0;0;0;0;0;0;org.apache.commons.digester.ObjectCreateRule#public#ObjectCreateRule(Digester#String);
\digester\src\java\org\apache\commons\digester\ObjectCreateRule.java;org.apache.commons.digester;org.apache.commons.digester.ObjectCreateRule;ObjectCreateRule;1;0;0;0;0;Rule;0;0;Constructor;ObjectCreateRule;1;0;0;0;0;0;0;3;0;;0;0;0;0;0;0;0;0;0;0;0;0;0;0;0;0.0;0;0;0;0;0;0;0;0;0;0;0;0;0;0;0;0;;0;0;0;0;0;0;0;0;0;0;0;0;0;0;0;0;org.apache.commons.digester.ObjectCreateRule#public#ObjectCreateRule(Digester#String#String);
\digester\src\java\org\apache\commons\digester\ObjectCreateRule.java;org.apache.commons.digester;org.apache.commons.digester.ObjectCreateRule;ObjectCreateRule;1;0;0;0;0;Rule;0;0;Method;begin;1;0;0;0;0;0;0;1;1;Exception:;0;0;0;4;0;0;0;0;0;0;0;0;0;0;0;0.0;0;0;0;0;0;0;0;0;0;0;0;0;0;0;0;0;;0;0;0;0;0;0;0;0;0;0;0;0;0;0;0;0;org.apache.commons.digester.ObjectCreateRule#public#begin(Attributes)Exception;
\digester\src\java\org\apache\commons\digester\ObjectCreateRule.java;org.apache.commons.digester;org.apache.commons.digester.ObjectCreateRule;ObjectCreateRule;1;0;0;0;0;Rule;0;0;Method;end;1;0;0;0;0;0;0;0;1;Exception:;0;0;0;1;0;0;0;0;0;0;0;0;0;0;0;0.0;0;0;0;0;0;0;0;0;0;0;0;0;0;0;0;0;;0;0;0;0;0;0;0;0;0;0;0;0;0;0;0;0;org.apache.commons.digester.ObjectCreateRule#public#end()Exception;
\digester\src\java\org\apache\commons\digester\ObjectCreateRule.java;org.apache.commons.digester;org.apache.commons.digester.ObjectCreateRule;ObjectCreateRule;1;0;0;0;0;Rule;0;0;Method;finish;1;0;0;0;0;0;0;0;1;Exception:;0;0;0;0;0;0;0;0;0;0;0;0;0;0;0;0.0;0;0;0;0;0;0;0;0;0;0;0;0;0;0;0;0;;0;0;0;0;0;0;0;0;0;0;0;0;0;0;0;0;org.apache.commons.digester.ObjectCreateRule#public#finish()Exception;
\digester\src\java\org\apache\commons\digester\SetPropertyRule.java;org.apache.commons.digester;org.apache.commons.digester.SetPropertyRule;SetPropertyRule;1;0;0;0;0;Rule;0;0;Constructor;SetPropertyRule;1;0;0;0;0;0;0;3;0;;0;0;0;0;0;0;0;0;0;0;0;0;0;0;0;0.0;0;0;0;0;0;0;0;0;0;0;0;0;0;0;0;0;;0;0;0;0;0;0;0;0;0;0;0;0;0;0;0;0;org.apache.commons.digester.SetPropertyRule#public#SetPropertyRule(Digester#String#String);
\digester\src\java\org\apache\commons\digester\SetPropertyRule.java;org.apache.commons.digester;org.apache.commons.digester.SetPropertyRule;SetPropertyRule;1;0;0;0;0;Rule;0;0;Method;begin;1;0;0;0;0;0;0;1;1;Exception:;0;0;1;3;0;0;0;0;0;0;0;0;0;0;0;0.0;0;0;0;0;0;0;0;0;0;0;0;0;0;0;0;0;;0;0;0;0;0;0;0;0;0;0;0;0;0;0;0;0;org.apache.commons.digester.SetPropertyRule#public#begin(Attributes)Exception;
\digester\src\java\org\apache\commons\digester\rss\Image.java;org.apache.commons.digester.rss;org.apache.commons.digester.rss.Image;Image;1;0;0;0;0;null;0;0;Method;getDescription;1;0;0;0;0;0;0;0;0;;0;0;0;0;0;0;0;0;0;0;0;0;0;0;0;0.0;0;0;0;0;0;0;0;0;0;0;0;0;0;0;0;0;;0;0;0;0;0;0;0;0;0;0;0;0;0;0;0;0;org.apache.commons.digester.rss.Image#public#getDescription();
\digester\src\java\org\apache\commons\digester\rss\Image.java;org.apache.commons.digester.rss;org.apache.commons.digester.rss.Image;Image;1;0;0;0;0;null;0;0;Method;setDescription;1;0;0;0;0;0;0;1;0;;0;0;0;0;0;0;0;0;0;0;0;0;0;0;0;0.0;0;0;0;0;0;0;0;0;0;0;0;0;0;0;0;0;;0;0;0;0;0;0;0;0;0;0;0;0;0;0;0;0;org.apache.commons.digester.rss.Image#public#setDescription(String);
\digester\src\java\org\apache\commons\digester\rss\Image.java;org.apache.commons.digester.rss;org.apache.commons.digester.rss.Image;Image;1;0;0;0;0;null;0;0;Method;getHeight;1;0;0;0;0;0;0;0;0;;0;0;0;0;0;0;0;0;0;0;0;0;0;0;0;0.0;0;0;0;0;0;0;0;0;0;0;0;0;0;0;0;0;;0;0;0;0;0;0;0;0;0;0;0;0;0;0;0;0;org.apache.commons.digester.rss.Image#public#getHeight();
\digester\src\java\org\apache\commons\digester\rss\Image.java;org.apache.commons.digester.rss;org.apache.commons.digester.rss.Image;Image;1;0;0;0;0;null;0;0;Method;setHeight;1;0;0;0;0;0;0;1;0;;0;0;0;0;0;0;0;0;0;0;0;0;0;0;0;0.0;0;0;0;0;0;0;0;0;0;0;0;0;0;0;0;0;;0;0;0;0;0;0;0;0;0;0;0;0;0;0;0;0;org.apache.commons.digester.rss.Image#public#setHeight(int);
\digester\src\java\org\apache\commons\digester\rss\Image.java;org.apache.commons.digester.rss;org.apache.commons.digester.rss.Image;Image;1;0;0;0;0;null;0;0;Method;getLink;1;0;0;0;0;0;0;0;0;;0;0;0;0;0;0;0;0;0;0;0;0;0;0;0;0.0;0;0;0;0;0;0;0;0;0;0;0;0;0;0;0;0;;0;0;0;0;0;0;0;0;0;0;0;0;0;0;0;0;org.apache.commons.digester.rss.Image#public#getLink();
\digester\src\java\org\apache\commons\digester\rss\Image.java;org.apache.commons.digester.rss;org.apache.commons.digester.rss.Image;Image;1;0;0;0;0;null;0;0;Method;setLink;1;0;0;0;0;0;0;1;0;;0;0;0;0;0;0;0;0;0;0;0;0;0;0;0;0.0;0;0;0;0;0;0;0;0;0;0;0;0;0;0;0;0;;0;0;0;0;0;0;0;0;0;0;0;0;0;0;0;0;org.apache.commons.digester.rss.Image#public#setLink(String);
\digester\src\java\org\apache\commons\digester\rss\Image.java;org.apache.commons.digester.rss;org.apache.commons.digester.rss.Image;Image;1;0;0;0;0;null;0;0;Method;getTitle;1;0;0;0;0;0;0;0;0;;0;0;0;0;0;0;0;0;0;0;0;0;0;0;0;0.0;0;0;0;0;0;0;0;0;0;0;0;0;0;0;0;0;;0;0;0;0;0;0;0;0;0;0;0;0;0;0;0;0;org.apache.commons.digester.rss.Image#public#getTitle();
\digester\src\java\org\apache\commons\digester\rss\Image.java;org.apache.commons.digester.rss;org.apache.commons.digester.rss.Image;Image;1;0;0;0;0;null;0;0;Method;setTitle;1;0;0;0;0;0;0;1;0;;0;0;0;0;0;0;0;0;0;0;0;0;0;0;0;0.0;0;0;0;0;0;0;0;0;0;0;0;0;0;0;0;0;;0;0;0;0;0;0;0;0;0;0;0;0;0;0;0;0;org.apache.commons.digester.rss.Image#public#setTitle(String);
\digester\src\java\org\apache\commons\digester\rss\Image.java;org.apache.commons.digester.rss;org.apache.commons.digester.rss.Image;Image;1;0;0;0;0;null;0;0;Method;getURL;1;0;0;0;0;0;0;0;0;;0;0;0;0;0;0;0;0;0;0;0;0;0;0;0;0.0;0;0;0;0;0;0;0;0;0;0;0;0;0;0;0;0;;0;0;0;0;0;0;0;0;0;0;0;0;0;0;0;0;org.apache.commons.digester.rss.Image#public#getURL();
\digester\src\java\org\apache\commons\digester\rss\Image.java;org.apache.commons.digester.rss;org.apache.commons.digester.rss.Image;Image;1;0;0;0;0;null;0;0;Method;setURL;1;0;0;0;0;0;0;1;0;;0;0;0;0;0;0;0;0;0;0;0;0;0;0;0;0.0;0;0;0;0;0;0;0;0;0;0;0;0;0;0;0;0;;0;0;0;0;0;0;0;0;0;0;0;0;0;0;0;0;org.apache.commons.digester.rss.Image#public#setURL(String);
\digester\src\java\org\apache\commons\digester\rss\Image.java;org.apache.commons.digester.rss;org.apache.commons.digester.rss.Image;Image;1;0;0;0;0;null;0;0;Method;getWidth;1;0;0;0;0;0;0;0;0;;0;0;0;0;0;0;0;0;0;0;0;0;0;0;0;0.0;0;0;0;0;0;0;0;0;0;0;0;0;0;0;0;0;;0;0;0;0;0;0;0;0;0;0;0;0;0;0;0;0;org.apache.commons.digester.rss.Image#public#getWidth();
\digester\src\java\org\apache\commons\digester\rss\Image.java;org.apache.commons.digester.rss;org.apache.commons.digester.rss.Image;Image;1;0;0;0;0;null;0;0;Method;setWidth;1;0;0;0;0;0;0;1;0;;0;0;0;0;0;0;0;0;0;0;0;0;0;0;0;0.0;0;0;0;0;0;0;0;0;0;0;0;0;0;0;0;0;;0;0;0;0;0;0;0;0;0;0;0;0;0;0;0;0;org.apache.commons.digester.rss.Image#public#setWidth(int);
\digester\src\java\org\apache\commons\digester\rss\Image.java;org.apache.commons.digester.rss;org.apache.commons.digester.rss.Image;Image;1;0;0;0;0;null;0;0;Method;render;0;0;0;1;0;0;0;1;0;;0;0;0;2;0;0;0;0;0;0;0;0;0;0;0;0.0;0;0;0;0;0;0;0;0;0;0;0;0;0;0;0;0;;0;0;0;0;0;0;0;0;0;0;0;0;0;0;0;0;org.apache.commons.digester.rss.Image##render(PrintWriter);
\digester\src\java\org\apache\commons\digester\rss\TextInput.java;org.apache.commons.digester.rss;org.apache.commons.digester.rss.TextInput;TextInput;1;0;0;0;0;null;0;0;Method;getDescription;1;0;0;0;0;0;0;0;0;;0;0;0;0;0;0;0;0;0;0;0;0;0;0;0;0.0;0;0;0;0;0;0;0;0;0;0;0;0;0;0;0;0;;0;0;0;0;0;0;0;0;0;0;0;0;0;0;0;0;org.apache.commons.digester.rss.TextInput#public#getDescription();
\digester\src\java\org\apache\commons\digester\rss\TextInput.java;org.apache.commons.digester.rss;org.apache.commons.digester.rss.TextInput;TextInput;1;0;0;0;0;null;0;0;Method;setDescription;1;0;0;0;0;0;0;1;0;;0;0;0;0;0;0;0;0;0;0;0;0;0;0;0;0.0;0;0;0;0;0;0;0;0;0;0;0;0;0;0;0;0;;0;0;0;0;0;0;0;0;0;0;0;0;0;0;0;0;org.apache.commons.digester.rss.TextInput#public#setDescription(String);
\digester\src\java\org\apache\commons\digester\rss\TextInput.java;org.apache.commons.digester.rss;org.apache.commons.digester.rss.TextInput;TextInput;1;0;0;0;0;null;0;0;Method;getLink;1;0;0;0;0;0;0;0;0;;0;0;0;0;0;0;0;0;0;0;0;0;0;0;0;0.0;0;0;0;0;0;0;0;0;0;0;0;0;0;0;0;0;;0;0;0;0;0;0;0;0;0;0;0;0;0;0;0;0;org.apache.commons.digester.rss.TextInput#public#getLink();
\digester\src\java\org\apache\commons\digester\rss\TextInput.java;org.apache.commons.digester.rss;org.apache.commons.digester.rss.TextInput;TextInput;1;0;0;0;0;null;0;0;Method;setLink;1;0;0;0;0;0;0;1;0;;0;0;0;0;0;0;0;0;0;0;0;0;0;0;0;0.0;0;0;0;0;0;0;0;0;0;0;0;0;0;0;0;0;;0;0;0;0;0;0;0;0;0;0;0;0;0;0;0;0;org.apache.commons.digester.rss.TextInput#public#setLink(String);
\digester\src\java\org\apache\commons\digester\rss\TextInput.java;org.apache.commons.digester.rss;org.apache.commons.digester.rss.TextInput;TextInput;1;0;0;0;0;null;0;0;Method;getName;1;0;0;0;0;0;0;0;0;;0;0;0;0;0;0;0;0;0;0;0;0;0;0;0;0.0;0;0;0;0;0;0;0;0;0;0;0;0;0;0;0;0;;0;0;0;0;0;0;0;0;0;0;0;0;0;0;0;0;org.apache.commons.digester.rss.TextInput#public#getName();
\digester\src\java\org\apache\commons\digester\rss\TextInput.java;org.apache.commons.digester.rss;org.apache.commons.digester.rss.TextInput;TextInput;1;0;0;0;0;null;0;0;Method;setName;1;0;0;0;0;0;0;1;0;;0;0;0;0;0;0;0;0;0;0;0;0;0;0;0;0.0;0;0;0;0;0;0;0;0;0;0;0;0;0;0;0;0;;0;0;0;0;0;0;0;0;0;0;0;0;0;0;0;0;org.apache.commons.digester.rss.TextInput#public#setName(String);
\digester\src\java\org\apache\commons\digester\rss\TextInput.java;org.apache.commons.digester.rss;org.apache.commons.digester.rss.TextInput;TextInput;1;0;0;0;0;null;0;0;Method;getTitle;1;0;0;0;0;0;0;0;0;;0;0;0;0;0;0;0;0;0;0;0;0;0;0;0;0.0;0;0;0;0;0;0;0;0;0;0;0;0;0;0;0;0;;0;0;0;0;0;0;0;0;0;0;0;0;0;0;0;0;org.apache.commons.digester.rss.TextInput#public#getTitle();
\digester\src\java\org\apache\commons\digester\rss\TextInput.java;org.apache.commons.digester.rss;org.apache.commons.digester.rss.TextInput;TextInput;1;0;0;0;0;null;0;0;Method;setTitle;1;0;0;0;0;0;0;1;0;;0;0;0;0;0;0;0;0;0;0;0;0;0;0;0;0.0;0;0;0;0;0;0;0;0;0;0;0;0;0;0;0;0;;0;0;0;0;0;0;0;0;0;0;0;0;0;0;0;0;org.apache.commons.digester.rss.TextInput#public#setTitle(String);
\digester\src\java\org\apache\commons\digester\rss\TextInput.java;org.apache.commons.digester.rss;org.apache.commons.digester.rss.TextInput;TextInput;1;0;0;0;0;null;0;0;Method;render;0;0;0;1;0;0;0;1;0;;0;0;0;0;0;0;0;0;0;0;0;0;0;0;0;0.0;0;0;0;0;0;0;0;0;0;0;0;0;0;0;0;0;;0;0;0;0;0;0;0;0;0;0;0;0;0;0;0;0;org.apache.commons.digester.rss.TextInput##render(PrintWriter);
\digester\src\java\org\apache\commons\digester\rss\RSSDigester.java;org.apache.commons.digester.rss;org.apache.commons.digester.rss.RSSDigester;RSSDigester;1;0;0;0;0;Digester;0;0;Method;getChannelClass;1;0;0;0;0;0;0;0;0;;0;0;0;0;0;0;0;0;0;0;0;0;0;0;0;0.0;0;0;0;0;0;0;0;0;0;0;0;0;0;0;0;0;;0;0;0;0;0;0;0;0;0;0;0;0;0;0;0;0;org.apache.commons.digester.rss.RSSDigester#public#getChannelClass();
\digester\src\java\org\apache\commons\digester\rss\RSSDigester.java;org.apache.commons.digester.rss;org.apache.commons.digester.rss.RSSDigester;RSSDigester;1;0;0;0;0;Digester;0;0;Method;setChannelClass;1;0;0;0;0;0;0;1;0;;0;0;0;0;0;0;0;0;0;0;0;0;0;0;0;0.0;0;0;0;0;0;0;0;0;0;0;0;0;0;0;0;0;;0;0;0;0;0;0;0;0;0;0;0;0;0;0;0;0;org.apache.commons.digester.rss.RSSDigester#public#setChannelClass(String);
\digester\src\java\org\apache\commons\digester\rss\RSSDigester.java;org.apache.commons.digester.rss;org.apache.commons.digester.rss.RSSDigester;RSSDigester;1;0;0;0;0;Digester;0;0;Method;getImageClass;1;0;0;0;0;0;0;0;0;;0;0;0;0;0;0;0;0;0;0;0;0;0;0;0;0.0;0;0;0;0;0;0;0;0;0;0;0;0;0;0;0;0;;0;0;0;0;0;0;0;0;0;0;0;0;0;0;0;0;org.apache.commons.digester.rss.RSSDigester#public#getImageClass();
\digester\src\java\org\apache\commons\digester\rss\RSSDigester.java;org.apache.commons.digester.rss;org.apache.commons.digester.rss.RSSDigester;RSSDigester;1;0;0;0;0;Digester;0;0;Method;setImageClass;1;0;0;0;0;0;0;1;0;;0;0;0;0;0;0;0;0;0;0;0;0;0;0;0;0.0;0;0;0;0;0;0;0;0;0;0;0;0;0;0;0;0;;0;0;0;0;0;0;0;0;0;0;0;0;0;0;0;0;org.apache.commons.digester.rss.RSSDigester#public#setImageClass(String);
\digester\src\java\org\apache\commons\digester\rss\RSSDigester.java;org.apache.commons.digester.rss;org.apache.commons.digester.rss.RSSDigester;RSSDigester;1;0;0;0;0;Digester;0;0;Method;getItemClass;1;0;0;0;0;0;0;0;0;;0;0;0;0;0;0;0;0;0;0;0;0;0;0;0;0.0;0;0;0;0;0;0;0;0;0;0;0;0;0;0;0;0;;0;0;0;0;0;0;0;0;0;0;0;0;0;0;0;0;org.apache.commons.digester.rss.RSSDigester#public#getItemClass();
\digester\src\java\org\apache\commons\digester\rss\RSSDigester.java;org.apache.commons.digester.rss;org.apache.commons.digester.rss.RSSDigester;RSSDigester;1;0;0;0;0;Digester;0;0;Method;setItemClass;1;0;0;0;0;0;0;1;0;;0;0;0;0;0;0;0;0;0;0;0;0;0;0;0;0.0;0;0;0;0;0;0;0;0;0;0;0;0;0;0;0;0;;0;0;0;0;0;0;0;0;0;0;0;0;0;0;0;0;org.apache.commons.digester.rss.RSSDigester#public#setItemClass(String);
\digester\src\java\org\apache\commons\digester\rss\RSSDigester.java;org.apache.commons.digester.rss;org.apache.commons.digester.rss.RSSDigester;RSSDigester;1;0;0;0;0;Digester;0;0;Method;getTextInputClass;1;0;0;0;0;0;0;0;0;;0;0;0;0;0;0;0;0;0;0;0;0;0;0;0;0.0;0;0;0;0;0;0;0;0;0;0;0;0;0;0;0;0;;0;0;0;0;0;0;0;0;0;0;0;0;0;0;0;0;org.apache.commons.digester.rss.RSSDigester#public#getTextInputClass();
\digester\src\java\org\apache\commons\digester\rss\RSSDigester.java;org.apache.commons.digester.rss;org.apache.commons.digester.rss.RSSDigester;RSSDigester;1;0;0;0;0;Digester;0;0;Method;setTextInputClass;1;0;0;0;0;0;0;1;0;;0;0;0;0;0;0;0;0;0;0;0;0;0;0;0;0.0;0;0;0;0;0;0;0;0;0;0;0;0;0;0;0;0;;0;0;0;0;0;0;0;0;0;0;0;0;0;0;0;0;org.apache.commons.digester.rss.RSSDigester#public#setTextInputClass(String);
\digester\src\java\org\apache\commons\digester\rss\RSSDigester.java;org.apache.commons.digester.rss;org.apache.commons.digester.rss.RSSDigester;RSSDigester;1;0;0;0;0;Digester;0;0;Method;parse;1;0;0;0;0;0;0;1;2;java.io.IOException:org.xml.sax.SAXException:;0;0;0;0;0;0;0;0;0;0;0;0;0;0;0;0.0;0;0;0;0;0;0;0;0;0;0;0;0;0;0;0;0;;0;0;0;0;0;0;0;0;0;0;0;0;0;0;0;0;org.apache.commons.digester.rss.RSSDigester#public#parse(File)IOException#SAXException;
\digester\src\java\org\apache\commons\digester\rss\RSSDigester.java;org.apache.commons.digester.rss;org.apache.commons.digester.rss.RSSDigester;RSSDigester;1;0;0;0;0;Digester;0;0;Method;parse;1;0;0;0;0;0;0;1;2;java.io.IOException:org.xml.sax.SAXException:;0;0;0;0;0;0;0;0;0;0;0;0;0;0;0;0.0;0;0;0;0;0;0;0;0;0;0;0;0;0;0;0;0;;0;0;0;0;0;0;0;0;0;0;0;0;0;0;0;0;org.apache.commons.digester.rss.RSSDigester#public#parse(InputSource)IOException#SAXException;
\digester\src\java\org\apache\commons\digester\rss\RSSDigester.java;org.apache.commons.digester.rss;org.apache.commons.digester.rss.RSSDigester;RSSDigester;1;0;0;0;0;Digester;0;0;Method;parse;1;0;0;0;0;0;0;1;2;java.io.IOException:org.xml.sax.SAXException:;0;0;0;0;0;0;0;0;0;0;0;0;0;0;0;0.0;0;0;0;0;0;0;0;0;0;0;0;0;0;0;0;0;;0;0;0;0;0;0;0;0;0;0;0;0;0;0;0;0;org.apache.commons.digester.rss.RSSDigester#public#parse(InputStream)IOException#SAXException;
\digester\src\java\org\apache\commons\digester\rss\RSSDigester.java;org.apache.commons.digester.rss;org.apache.commons.digester.rss.RSSDigester;RSSDigester;1;0;0;0;0;Digester;0;0;Method;parse;1;0;0;0;0;0;0;1;2;java.io.IOException:org.xml.sax.SAXException:;0;0;0;0;0;0;0;0;0;0;0;0;0;0;0;0.0;0;0;0;0;0;0;0;0;0;0;0;0;0;0;0;0;;0;0;0;0;0;0;0;0;0;0;0;0;0;0;0;0;org.apache.commons.digester.rss.RSSDigester#public#parse(String)IOException#SAXException;
\digester\src\java\org\apache\commons\digester\rss\RSSDigester.java;org.apache.commons.digester.rss;org.apache.commons.digester.rss.RSSDigester;RSSDigester;1;0;0;0;0;Digester;0;0;Method;configure;1;0;0;0;0;0;0;0;0;;0;0;1;2;0;0;0;0;0;0;0;0;0;0;0;0.0;0;0;0;0;0;0;0;0;0;0;0;0;0;0;0;0;;0;0;0;0;0;0;0;0;0;0;0;0;0;0;0;0;org.apache.commons.digester.rss.RSSDigester#public#configure();
\digester\src\java\org\apache\commons\digester\rss\RSSDigester.java;org.apache.commons.digester.rss;org.apache.commons.digester.rss.RSSDigester;RSSDigester;1;0;0;0;0;Digester;0;0;Method;main;1;0;0;0;0;0;0;1;0;;0;0;0;1;0;0;0;0;0;1;0;0;1;1;1;1.0;0;0;0;0;0;0;1;1;0;0;0;0;0;0;1;0;Exception;0;0;0;0;0;0;0;0;0;0;0;0;0;0;0;0;org.apache.commons.digester.rss.RSSDigester#public#main(String);
\digester\src\test\org\apache\commons\digester\DigesterTestCase.java;org.apache.commons.digester;org.apache.commons.digester.DigesterTestCase;DigesterTestCase;1;0;0;1;1;TestCase;0;0;Constructor;DigesterTestCase;1;0;0;0;0;0;0;1;0;;0;0;0;0;0;0;0;0;0;0;0;0;0;0;0;0.0;0;0;0;0;0;0;0;0;0;0;0;0;0;0;0;0;;0;0;0;0;0;0;0;0;0;0;0;0;0;0;0;0;org.apache.commons.digester.DigesterTestCase#public#DigesterTestCase(String);
\digester\src\test\org\apache\commons\digester\DigesterTestCase.java;org.apache.commons.digester;org.apache.commons.digester.DigesterTestCase;DigesterTestCase;1;0;0;1;1;TestCase;0;0;Method;setUp;1;0;0;0;0;0;1;0;0;;0;0;0;0;0;0;0;0;0;0;0;0;0;0;0;0.0;0;0;0;0;0;0;0;0;0;0;0;0;0;0;0;0;;0;0;0;0;0;0;0;0;0;0;0;0;0;0;0;0;org.apache.commons.digester.DigesterTestCase#public#setUp();
\digester\src\test\org\apache\commons\digester\DigesterTestCase.java;org.apache.commons.digester;org.apache.commons.digester.DigesterTestCase;DigesterTestCase;1;0;0;1;1;TestCase;0;0;Method;suite;1;0;0;0;0;0;1;0;0;;0;0;0;0;0;0;0;0;0;0;0;0;0;0;0;0.0;0;0;0;0;0;0;0;0;0;0;0;0;0;0;0;0;;0;0;0;0;0;0;0;0;0;0;0;0;0;0;0;0;org.apache.commons.digester.DigesterTestCase#public#suite();
\digester\src\test\org\apache\commons\digester\DigesterTestCase.java;org.apache.commons.digester;org.apache.commons.digester.DigesterTestCase;DigesterTestCase;1;0;0;1;1;TestCase;0;0;Method;tearDown;1;0;0;0;0;0;1;0;0;;0;0;0;0;0;0;0;0;0;0;0;0;0;0;0;0.0;0;0;0;0;0;0;0;0;0;0;0;0;0;0;0;0;;0;0;0;0;0;0;0;0;0;0;0;0;0;0;0;0;org.apache.commons.digester.DigesterTestCase#public#tearDown();
\digester\src\test\org\apache\commons\digester\DigesterTestCase.java;org.apache.commons.digester;org.apache.commons.digester.DigesterTestCase;DigesterTestCase;1;0;0;1;1;TestCase;0;0;Method;testLogging;1;0;0;0;0;1;0;0;0;;0;0;0;0;0;0;3;0;0;0;0;0;0;0;0;0.0;0;0;0;0;0;0;0;0;0;0;0;0;0;0;0;0;;0;0;0;0;0;0;0;0;0;0;0;0;0;0;0;0;org.apache.commons.digester.DigesterTestCase#public#testLogging();
\digester\src\test\org\apache\commons\digester\DigesterTestCase.java;org.apache.commons.digester;org.apache.commons.digester.DigesterTestCase;DigesterTestCase;1;0;0;1;1;TestCase;0;0;Method;testProperties;1;0;0;0;0;1;0;0;0;;0;0;0;0;0;0;5;0;0;0;0;0;0;0;0;0.0;0;0;0;0;0;0;0;0;0;0;0;0;0;0;0;0;;0;0;0;0;0;0;0;0;0;0;0;0;0;0;0;0;org.apache.commons.digester.DigesterTestCase#public#testProperties();
\digester\src\test\org\apache\commons\digester\DigesterTestCase.java;org.apache.commons.digester;org.apache.commons.digester.DigesterTestCase;DigesterTestCase;1;0;0;1;1;TestCase;0;0;Method;testRegistrations;1;0;0;0;0;1;0;0;0;;0;1;4;2;0;0;3;0;0;0;0;0;0;0;0;0.0;0;0;0;0;0;0;0;0;0;0;0;0;0;0;0;0;;0;0;0;0;0;0;0;0;0;0;0;0;0;0;0;0;org.apache.commons.digester.DigesterTestCase#public#testRegistrations();
\digester\src\test\org\apache\commons\digester\DigesterTestCase.java;org.apache.commons.digester;org.apache.commons.digester.DigesterTestCase;DigesterTestCase;1;0;0;1;1;TestCase;0;0;Method;testRules;1;0;0;0;0;1;0;0;0;;0;0;0;0;0;0;5;0;0;0;0;0;0;0;0;0.0;0;0;0;0;0;0;0;0;0;0;0;0;0;0;0;0;;0;0;0;0;0;0;0;0;0;0;0;0;0;0;0;0;org.apache.commons.digester.DigesterTestCase#public#testRules();
\digester\src\test\org\apache\commons\digester\DigesterTestCase.java;org.apache.commons.digester;org.apache.commons.digester.DigesterTestCase;DigesterTestCase;1;0;0;1;1;TestCase;0;0;Method;testStackMethods;1;0;0;0;0;1;0;0;0;;0;0;0;0;0;0;18;0;0;0;0;0;0;0;0;0.0;0;0;0;0;0;0;0;0;0;0;0;0;0;0;0;0;;0;0;0;0;0;0;0;0;0;0;0;0;0;0;0;0;org.apache.commons.digester.DigesterTestCase#public#testStackMethods();
\digester\src\java\org\apache\commons\digester\rss\Item.java;org.apache.commons.digester.rss;org.apache.commons.digester.rss.Item;Item;1;0;0;0;0;null;0;0;Method;getDescription;1;0;0;0;0;0;0;0;0;;0;0;0;0;0;0;0;0;0;0;0;0;0;0;0;0.0;0;0;0;0;0;0;0;0;0;0;0;0;0;0;0;0;;0;0;0;0;0;0;0;0;0;0;0;0;0;0;0;0;org.apache.commons.digester.rss.Item#public#getDescription();
\digester\src\java\org\apache\commons\digester\rss\Item.java;org.apache.commons.digester.rss;org.apache.commons.digester.rss.Item;Item;1;0;0;0;0;null;0;0;Method;setDescription;1;0;0;0;0;0;0;1;0;;0;0;0;0;0;0;0;0;0;0;0;0;0;0;0;0.0;0;0;0;0;0;0;0;0;0;0;0;0;0;0;0;0;;0;0;0;0;0;0;0;0;0;0;0;0;0;0;0;0;org.apache.commons.digester.rss.Item#public#setDescription(String);
\digester\src\java\org\apache\commons\digester\rss\Item.java;org.apache.commons.digester.rss;org.apache.commons.digester.rss.Item;Item;1;0;0;0;0;null;0;0;Method;getLink;1;0;0;0;0;0;0;0;0;;0;0;0;0;0;0;0;0;0;0;0;0;0;0;0;0.0;0;0;0;0;0;0;0;0;0;0;0;0;0;0;0;0;;0;0;0;0;0;0;0;0;0;0;0;0;0;0;0;0;org.apache.commons.digester.rss.Item#public#getLink();
\digester\src\java\org\apache\commons\digester\rss\Item.java;org.apache.commons.digester.rss;org.apache.commons.digester.rss.Item;Item;1;0;0;0;0;null;0;0;Method;setLink;1;0;0;0;0;0;0;1;0;;0;0;0;0;0;0;0;0;0;0;0;0;0;0;0;0.0;0;0;0;0;0;0;0;0;0;0;0;0;0;0;0;0;;0;0;0;0;0;0;0;0;0;0;0;0;0;0;0;0;org.apache.commons.digester.rss.Item#public#setLink(String);
\digester\src\java\org\apache\commons\digester\rss\Item.java;org.apache.commons.digester.rss;org.apache.commons.digester.rss.Item;Item;1;0;0;0;0;null;0;0;Method;getTitle;1;0;0;0;0;0;0;0;0;;0;0;0;0;0;0;0;0;0;0;0;0;0;0;0;0.0;0;0;0;0;0;0;0;0;0;0;0;0;0;0;0;0;;0;0;0;0;0;0;0;0;0;0;0;0;0;0;0;0;org.apache.commons.digester.rss.Item#public#getTitle();
\digester\src\java\org\apache\commons\digester\rss\Item.java;org.apache.commons.digester.rss;org.apache.commons.digester.rss.Item;Item;1;0;0;0;0;null;0;0;Method;setTitle;1;0;0;0;0;0;0;1;0;;0;0;0;0;0;0;0;0;0;0;0;0;0;0;0;0.0;0;0;0;0;0;0;0;0;0;0;0;0;0;0;0;0;;0;0;0;0;0;0;0;0;0;0;0;0;0;0;0;0;org.apache.commons.digester.rss.Item#public#setTitle(String);
\digester\src\java\org\apache\commons\digester\rss\Item.java;org.apache.commons.digester.rss;org.apache.commons.digester.rss.Item;Item;1;0;0;0;0;null;0;0;Method;render;0;0;0;1;0;0;0;1;0;;0;0;0;1;0;0;0;0;0;0;0;0;0;0;0;0.0;0;0;0;0;0;0;0;0;0;0;0;0;0;0;0;0;;0;0;0;0;0;0;0;0;0;0;0;0;0;0;0;0;org.apache.commons.digester.rss.Item##render(PrintWriter);
\digester\src\java\org\apache\commons\digester\rss\Channel.java;org.apache.commons.digester.rss;org.apache.commons.digester.rss.Channel;Channel;1;0;0;0;0;null;0;0;Method;getCopyright;1;0;0;0;0;0;0;0;0;;0;0;0;0;0;0;0;0;0;0;0;0;0;0;0;0.0;0;0;0;0;0;0;0;0;0;0;0;0;0;0;0;0;;0;0;0;0;0;0;0;0;0;0;0;0;0;0;0;0;org.apache.commons.digester.rss.Channel#public#getCopyright();
\digester\src\java\org\apache\commons\digester\rss\Channel.java;org.apache.commons.digester.rss;org.apache.commons.digester.rss.Channel;Channel;1;0;0;0;0;null;0;0;Method;setCopyright;1;0;0;0;0;0;0;1;0;;0;0;0;0;0;0;0;0;0;0;0;0;0;0;0;0.0;0;0;0;0;0;0;0;0;0;0;0;0;0;0;0;0;;0;0;0;0;0;0;0;0;0;0;0;0;0;0;0;0;org.apache.commons.digester.rss.Channel#public#setCopyright(String);
\digester\src\java\org\apache\commons\digester\rss\Channel.java;org.apache.commons.digester.rss;org.apache.commons.digester.rss.Channel;Channel;1;0;0;0;0;null;0;0;Method;getDescription;1;0;0;0;0;0;0;0;0;;0;0;0;0;0;0;0;0;0;0;0;0;0;0;0;0.0;0;0;0;0;0;0;0;0;0;0;0;0;0;0;0;0;;0;0;0;0;0;0;0;0;0;0;0;0;0;0;0;0;org.apache.commons.digester.rss.Channel#public#getDescription();
\digester\src\java\org\apache\commons\digester\rss\Channel.java;org.apache.commons.digester.rss;org.apache.commons.digester.rss.Channel;Channel;1;0;0;0;0;null;0;0;Method;setDescription;1;0;0;0;0;0;0;1;0;;0;0;0;0;0;0;0;0;0;0;0;0;0;0;0;0.0;0;0;0;0;0;0;0;0;0;0;0;0;0;0;0;0;;0;0;0;0;0;0;0;0;0;0;0;0;0;0;0;0;org.apache.commons.digester.rss.Channel#public#setDescription(String);
\digester\src\java\org\apache\commons\digester\rss\Channel.java;org.apache.commons.digester.rss;org.apache.commons.digester.rss.Channel;Channel;1;0;0;0;0;null;0;0;Method;getDocs;1;0;0;0;0;0;0;0;0;;0;0;0;0;0;0;0;0;0;0;0;0;0;0;0;0.0;0;0;0;0;0;0;0;0;0;0;0;0;0;0;0;0;;0;0;0;0;0;0;0;0;0;0;0;0;0;0;0;0;org.apache.commons.digester.rss.Channel#public#getDocs();
\digester\src\java\org\apache\commons\digester\rss\Channel.java;org.apache.commons.digester.rss;org.apache.commons.digester.rss.Channel;Channel;1;0;0;0;0;null;0;0;Method;setDocs;1;0;0;0;0;0;0;1;0;;0;0;0;0;0;0;0;0;0;0;0;0;0;0;0;0.0;0;0;0;0;0;0;0;0;0;0;0;0;0;0;0;0;;0;0;0;0;0;0;0;0;0;0;0;0;0;0;0;0;org.apache.commons.digester.rss.Channel#public#setDocs(String);
\digester\src\java\org\apache\commons\digester\rss\Channel.java;org.apache.commons.digester.rss;org.apache.commons.digester.rss.Channel;Channel;1;0;0;0;0;null;0;0;Method;getImage;1;0;0;0;0;0;0;0;0;;0;0;0;0;0;0;0;0;0;0;0;0;0;0;0;0.0;0;0;0;0;0;0;0;0;0;0;0;0;0;0;0;0;;0;0;0;0;0;0;0;0;0;0;0;0;0;0;0;0;org.apache.commons.digester.rss.Channel#public#getImage();
\digester\src\java\org\apache\commons\digester\rss\Channel.java;org.apache.commons.digester.rss;org.apache.commons.digester.rss.Channel;Channel;1;0;0;0;0;null;0;0;Method;setImage;1;0;0;0;0;0;0;1;0;;0;0;0;0;0;0;0;0;0;0;0;0;0;0;0;0.0;0;0;0;0;0;0;0;0;0;0;0;0;0;0;0;0;;0;0;0;0;0;0;0;0;0;0;0;0;0;0;0;0;org.apache.commons.digester.rss.Channel#public#setImage(Image);
\digester\src\java\org\apache\commons\digester\rss\Channel.java;org.apache.commons.digester.rss;org.apache.commons.digester.rss.Channel;Channel;1;0;0;0;0;null;0;0;Method;getLanguage;1;0;0;0;0;0;0;0;0;;0;0;0;0;0;0;0;0;0;0;0;0;0;0;0;0.0;0;0;0;0;0;0;0;0;0;0;0;0;0;0;0;0;;0;0;0;0;0;0;0;0;0;0;0;0;0;0;0;0;org.apache.commons.digester.rss.Channel#public#getLanguage();
\digester\src\java\org\apache\commons\digester\rss\Channel.java;org.apache.commons.digester.rss;org.apache.commons.digester.rss.Channel;Channel;1;0;0;0;0;null;0;0;Method;setLanguage;1;0;0;0;0;0;0;1;0;;0;0;0;0;0;0;0;0;0;0;0;0;0;0;0;0.0;0;0;0;0;0;0;0;0;0;0;0;0;0;0;0;0;;0;0;0;0;0;0;0;0;0;0;0;0;0;0;0;0;org.apache.commons.digester.rss.Channel#public#setLanguage(String);
\digester\src\java\org\apache\commons\digester\rss\Channel.java;org.apache.commons.digester.rss;org.apache.commons.digester.rss.Channel;Channel;1;0;0;0;0;null;0;0;Method;getLastBuildDate;1;0;0;0;0;0;0;0;0;;0;0;0;0;0;0;0;0;0;0;0;0;0;0;0;0.0;0;0;0;0;0;0;0;0;0;0;0;0;0;0;0;0;;0;0;0;0;0;0;0;0;0;0;0;0;0;0;0;0;org.apache.commons.digester.rss.Channel#public#getLastBuildDate();
\digester\src\java\org\apache\commons\digester\rss\Channel.java;org.apache.commons.digester.rss;org.apache.commons.digester.rss.Channel;Channel;1;0;0;0;0;null;0;0;Method;setLastBuildDate;1;0;0;0;0;0;0;1;0;;0;0;0;0;0;0;0;0;0;0;0;0;0;0;0;0.0;0;0;0;0;0;0;0;0;0;0;0;0;0;0;0;0;;0;0;0;0;0;0;0;0;0;0;0;0;0;0;0;0;org.apache.commons.digester.rss.Channel#public#setLastBuildDate(String);
\digester\src\java\org\apache\commons\digester\rss\Channel.java;org.apache.commons.digester.rss;org.apache.commons.digester.rss.Channel;Channel;1;0;0;0;0;null;0;0;Method;getLink;1;0;0;0;0;0;0;0;0;;0;0;0;0;0;0;0;0;0;0;0;0;0;0;0;0.0;0;0;0;0;0;0;0;0;0;0;0;0;0;0;0;0;;0;0;0;0;0;0;0;0;0;0;0;0;0;0;0;0;org.apache.commons.digester.rss.Channel#public#getLink();
\digester\src\java\org\apache\commons\digester\rss\Channel.java;org.apache.commons.digester.rss;org.apache.commons.digester.rss.Channel;Channel;1;0;0;0;0;null;0;0;Method;setLink;1;0;0;0;0;0;0;1;0;;0;0;0;0;0;0;0;0;0;0;0;0;0;0;0;0.0;0;0;0;0;0;0;0;0;0;0;0;0;0;0;0;0;;0;0;0;0;0;0;0;0;0;0;0;0;0;0;0;0;org.apache.commons.digester.rss.Channel#public#setLink(String);
\digester\src\java\org\apache\commons\digester\rss\Channel.java;org.apache.commons.digester.rss;org.apache.commons.digester.rss.Channel;Channel;1;0;0;0;0;null;0;0;Method;getManagingEditor;1;0;0;0;0;0;0;0;0;;0;0;0;0;0;0;0;0;0;0;0;0;0;0;0;0.0;0;0;0;0;0;0;0;0;0;0;0;0;0;0;0;0;;0;0;0;0;0;0;0;0;0;0;0;0;0;0;0;0;org.apache.commons.digester.rss.Channel#public#getManagingEditor();
\digester\src\java\org\apache\commons\digester\rss\Channel.java;org.apache.commons.digester.rss;org.apache.commons.digester.rss.Channel;Channel;1;0;0;0;0;null;0;0;Method;setManagingEditor;1;0;0;0;0;0;0;1;0;;0;0;0;0;0;0;0;0;0;0;0;0;0;0;0;0.0;0;0;0;0;0;0;0;0;0;0;0;0;0;0;0;0;;0;0;0;0;0;0;0;0;0;0;0;0;0;0;0;0;org.apache.commons.digester.rss.Channel#public#setManagingEditor(String);
\digester\src\java\org\apache\commons\digester\rss\Channel.java;org.apache.commons.digester.rss;org.apache.commons.digester.rss.Channel;Channel;1;0;0;0;0;null;0;0;Method;getPubDate;1;0;0;0;0;0;0;0;0;;0;0;0;0;0;0;0;0;0;0;0;0;0;0;0;0.0;0;0;0;0;0;0;0;0;0;0;0;0;0;0;0;0;;0;0;0;0;0;0;0;0;0;0;0;0;0;0;0;0;org.apache.commons.digester.rss.Channel#public#getPubDate();
\digester\src\java\org\apache\commons\digester\rss\Channel.java;org.apache.commons.digester.rss;org.apache.commons.digester.rss.Channel;Channel;1;0;0;0;0;null;0;0;Method;setPubDate;1;0;0;0;0;0;0;1;0;;0;0;0;0;0;0;0;0;0;0;0;0;0;0;0;0.0;0;0;0;0;0;0;0;0;0;0;0;0;0;0;0;0;;0;0;0;0;0;0;0;0;0;0;0;0;0;0;0;0;org.apache.commons.digester.rss.Channel#public#setPubDate(String);
\digester\src\java\org\apache\commons\digester\rss\Channel.java;org.apache.commons.digester.rss;org.apache.commons.digester.rss.Channel;Channel;1;0;0;0;0;null;0;0;Method;getRating;1;0;0;0;0;0;0;0;0;;0;0;0;0;0;0;0;0;0;0;0;0;0;0;0;0.0;0;0;0;0;0;0;0;0;0;0;0;0;0;0;0;0;;0;0;0;0;0;0;0;0;0;0;0;0;0;0;0;0;org.apache.commons.digester.rss.Channel#public#getRating();
\digester\src\java\org\apache\commons\digester\rss\Channel.java;org.apache.commons.digester.rss;org.apache.commons.digester.rss.Channel;Channel;1;0;0;0;0;null;0;0;Method;setRating;1;0;0;0;0;0;0;1;0;;0;0;0;0;0;0;0;0;0;0;0;0;0;0;0;0.0;0;0;0;0;0;0;0;0;0;0;0;0;0;0;0;0;;0;0;0;0;0;0;0;0;0;0;0;0;0;0;0;0;org.apache.commons.digester.rss.Channel#public#setRating(String);
\digester\src\java\org\apache\commons\digester\rss\Channel.java;org.apache.commons.digester.rss;org.apache.commons.digester.rss.Channel;Channel;1;0;0;0;0;null;0;0;Method;getTextInput;1;0;0;0;0;0;0;0;0;;0;0;0;0;0;0;0;0;0;0;0;0;0;0;0;0.0;0;0;0;0;0;0;0;0;0;0;0;0;0;0;0;0;;0;0;0;0;0;0;0;0;0;0;0;0;0;0;0;0;org.apache.commons.digester.rss.Channel#public#getTextInput();
\digester\src\java\org\apache\commons\digester\rss\Channel.java;org.apache.commons.digester.rss;org.apache.commons.digester.rss.Channel;Channel;1;0;0;0;0;null;0;0;Method;setTextInput;1;0;0;0;0;0;0;1;0;;0;0;0;0;0;0;0;0;0;0;0;0;0;0;0;0.0;0;0;0;0;0;0;0;0;0;0;0;0;0;0;0;0;;0;0;0;0;0;0;0;0;0;0;0;0;0;0;0;0;org.apache.commons.digester.rss.Channel#public#setTextInput(TextInput);
\digester\src\java\org\apache\commons\digester\rss\Channel.java;org.apache.commons.digester.rss;org.apache.commons.digester.rss.Channel;Channel;1;0;0;0;0;null;0;0;Method;getTitle;1;0;0;0;0;0;0;0;0;;0;0;0;0;0;0;0;0;0;0;0;0;0;0;0;0.0;0;0;0;0;0;0;0;0;0;0;0;0;0;0;0;0;;0;0;0;0;0;0;0;0;0;0;0;0;0;0;0;0;org.apache.commons.digester.rss.Channel#public#getTitle();
\digester\src\java\org\apache\commons\digester\rss\Channel.java;org.apache.commons.digester.rss;org.apache.commons.digester.rss.Channel;Channel;1;0;0;0;0;null;0;0;Method;setTitle;1;0;0;0;0;0;0;1;0;;0;0;0;0;0;0;0;0;0;0;0;0;0;0;0;0.0;0;0;0;0;0;0;0;0;0;0;0;0;0;0;0;0;;0;0;0;0;0;0;0;0;0;0;0;0;0;0;0;0;org.apache.commons.digester.rss.Channel#public#setTitle(String);
\digester\src\java\org\apache\commons\digester\rss\Channel.java;org.apache.commons.digester.rss;org.apache.commons.digester.rss.Channel;Channel;1;0;0;0;0;null;0;0;Method;getVersion;1;0;0;0;0;0;0;0;0;;0;0;0;0;0;0;0;0;0;0;0;0;0;0;0;0.0;0;0;0;0;0;0;0;0;0;0;0;0;0;0;0;0;;0;0;0;0;0;0;0;0;0;0;0;0;0;0;0;0;org.apache.commons.digester.rss.Channel#public#getVersion();
\digester\src\java\org\apache\commons\digester\rss\Channel.java;org.apache.commons.digester.rss;org.apache.commons.digester.rss.Channel;Channel;1;0;0;0;0;null;0;0;Method;setVersion;1;0;0;0;0;0;0;1;0;;0;0;0;0;0;0;0;0;0;0;0;0;0;0;0;0.0;0;0;0;0;0;0;0;0;0;0;0;0;0;0;0;0;;0;0;0;0;0;0;0;0;0;0;0;0;0;0;0;0;org.apache.commons.digester.rss.Channel#public#setVersion(double);
\digester\src\java\org\apache\commons\digester\rss\Channel.java;org.apache.commons.digester.rss;org.apache.commons.digester.rss.Channel;Channel;1;0;0;0;0;null;0;0;Method;getWebMaster;1;0;0;0;0;0;0;0;0;;0;0;0;0;0;0;0;0;0;0;0;0;0;0;0;0.0;0;0;0;0;0;0;0;0;0;0;0;0;0;0;0;0;;0;0;0;0;0;0;0;0;0;0;0;0;0;0;0;0;org.apache.commons.digester.rss.Channel#public#getWebMaster();
\digester\src\java\org\apache\commons\digester\rss\Channel.java;org.apache.commons.digester.rss;org.apache.commons.digester.rss.Channel;Channel;1;0;0;0;0;null;0;0;Method;setWebMaster;1;0;0;0;0;0;0;1;0;;0;0;0;0;0;0;0;0;0;0;0;0;0;0;0;0.0;0;0;0;0;0;0;0;0;0;0;0;0;0;0;0;0;;0;0;0;0;0;0;0;0;0;0;0;0;0;0;0;0;org.apache.commons.digester.rss.Channel#public#setWebMaster(String);
\digester\src\java\org\apache\commons\digester\rss\Channel.java;org.apache.commons.digester.rss;org.apache.commons.digester.rss.Channel;Channel;1;0;0;0;0;null;0;0;Method;addItem;1;0;0;0;0;0;0;1;0;;0;0;0;0;0;0;0;0;0;0;0;0;0;0;0;0.0;0;0;0;0;0;0;0;0;0;0;0;0;0;0;0;0;;0;0;0;0;0;0;0;0;0;0;0;0;0;0;0;0;org.apache.commons.digester.rss.Channel#public#addItem(Item);
\digester\src\java\org\apache\commons\digester\rss\Channel.java;org.apache.commons.digester.rss;org.apache.commons.digester.rss.Channel;Channel;1;0;0;0;0;null;0;0;Method;addSkipDay;1;0;0;0;0;0;0;1;0;;0;0;0;0;0;0;0;0;0;0;0;0;0;0;0;0.0;0;0;0;0;0;0;0;0;0;0;0;0;0;0;0;0;;0;0;0;0;0;0;0;0;0;0;0;0;0;0;0;0;org.apache.commons.digester.rss.Channel#public#addSkipDay(String);
\digester\src\java\org\apache\commons\digester\rss\Channel.java;org.apache.commons.digester.rss;org.apache.commons.digester.rss.Channel;Channel;1;0;0;0;0;null;0;0;Method;addSkipHour;1;0;0;0;0;0;0;1;0;;0;0;0;0;0;0;0;0;0;0;0;0;0;0;0;0.0;0;0;0;0;0;0;0;0;0;0;0;0;0;0;0;0;;0;0;0;0;0;0;0;0;0;0;0;0;0;0;0;0;org.apache.commons.digester.rss.Channel#public#addSkipHour(String);
\digester\src\java\org\apache\commons\digester\rss\Channel.java;org.apache.commons.digester.rss;org.apache.commons.digester.rss.Channel;Channel;1;0;0;0;0;null;0;0;Method;findItems;1;0;0;0;0;0;0;0;0;;0;0;0;0;0;0;0;0;0;0;0;0;0;0;0;0.0;0;0;0;0;0;0;0;0;0;0;0;0;0;0;0;0;;0;0;0;0;0;0;0;0;0;0;0;0;0;0;0;0;org.apache.commons.digester.rss.Channel#public#findItems();
\digester\src\java\org\apache\commons\digester\rss\Channel.java;org.apache.commons.digester.rss;org.apache.commons.digester.rss.Channel;Channel;1;0;0;0;0;null;0;0;Method;findSkipDays;1;0;0;0;0;0;0;0;0;;0;0;0;0;0;0;0;0;0;0;0;0;0;0;0;0.0;0;0;0;0;0;0;0;0;0;0;0;0;0;0;0;0;;0;0;0;0;0;0;0;0;0;0;0;0;0;0;0;0;org.apache.commons.digester.rss.Channel#public#findSkipDays();
\digester\src\java\org\apache\commons\digester\rss\Channel.java;org.apache.commons.digester.rss;org.apache.commons.digester.rss.Channel;Channel;1;0;0;0;0;null;0;0;Method;findSkipHours;1;0;0;0;0;0;0;0;0;;0;0;0;0;0;0;0;0;0;0;0;0;0;0;0;0.0;0;0;0;0;0;0;0;0;0;0;0;0;0;0;0;0;;0;0;0;0;0;0;0;0;0;0;0;0;0;0;0;0;org.apache.commons.digester.rss.Channel#public#findSkipHours();
\digester\src\java\org\apache\commons\digester\rss\Channel.java;org.apache.commons.digester.rss;org.apache.commons.digester.rss.Channel;Channel;1;0;0;0;0;null;0;0;Method;removeItem;1;0;0;0;0;0;0;1;0;;0;0;0;0;0;0;0;0;0;0;0;0;0;0;0;0.0;0;0;0;0;0;0;0;0;0;0;0;0;0;0;0;0;;0;0;0;0;0;0;0;0;0;0;0;0;0;0;0;0;org.apache.commons.digester.rss.Channel#public#removeItem(Item);
\digester\src\java\org\apache\commons\digester\rss\Channel.java;org.apache.commons.digester.rss;org.apache.commons.digester.rss.Channel;Channel;1;0;0;0;0;null;0;0;Method;removeSkipDay;1;0;0;0;0;0;0;1;0;;0;0;0;0;0;0;0;0;0;0;0;0;0;0;0;0.0;0;0;0;0;0;0;0;0;0;0;0;0;0;0;0;0;;0;0;0;0;0;0;0;0;0;0;0;0;0;0;0;0;org.apache.commons.digester.rss.Channel#public#removeSkipDay(String);
\digester\src\java\org\apache\commons\digester\rss\Channel.java;org.apache.commons.digester.rss;org.apache.commons.digester.rss.Channel;Channel;1;0;0;0;0;null;0;0;Method;removeSkipHour;1;0;0;0;0;0;0;1;0;;0;0;0;0;0;0;0;0;0;0;0;0;0;0;0;0.0;0;0;0;0;0;0;0;0;0;0;0;0;0;0;0;0;;0;0;0;0;0;0;0;0;0;0;0;0;0;0;0;0;org.apache.commons.digester.rss.Channel#public#removeSkipHour(String);
\digester\src\java\org\apache\commons\digester\rss\Channel.java;org.apache.commons.digester.rss;org.apache.commons.digester.rss.Channel;Channel;1;0;0;0;0;null;0;0;Method;render;1;0;0;0;0;0;0;1;0;;0;0;0;0;0;1;0;0;0;1;0;0;1;1;1;1.0;0;0;0;1;1;0;0;0;0;0;0;0;0;0;1;0;java.io.UnsupportedEncodingException;0;0;0;0;0;0;0;0;0;0;0;0;0;0;0;0;org.apache.commons.digester.rss.Channel#public#render(OutputStream);
\digester\src\java\org\apache\commons\digester\rss\Channel.java;org.apache.commons.digester.rss;org.apache.commons.digester.rss.Channel;Channel;1;0;0;0;0;null;0;0;Method;render;1;0;0;0;0;0;0;2;1;java.io.UnsupportedEncodingException:;0;0;0;1;0;0;0;0;0;0;0;0;0;0;0;0.0;0;0;0;0;0;0;0;0;0;0;0;0;0;0;0;0;;0;0;0;0;0;0;0;0;0;0;0;0;0;0;0;0;org.apache.commons.digester.rss.Channel#public#render(OutputStream#String)UnsupportedEncodingException;
\digester\src\java\org\apache\commons\digester\rss\Channel.java;org.apache.commons.digester.rss;org.apache.commons.digester.rss.Channel;Channel;1;0;0;0;0;null;0;0;Method;render;1;0;0;0;0;0;0;1;0;;0;0;0;0;0;0;0;0;0;0;0;0;0;0;0;0.0;0;0;0;0;0;0;0;0;0;0;0;0;0;0;0;0;;0;0;0;0;0;0;0;0;0;0;0;0;0;0;0;0;org.apache.commons.digester.rss.Channel#public#render(Writer);
\digester\src\java\org\apache\commons\digester\rss\Channel.java;org.apache.commons.digester.rss;org.apache.commons.digester.rss.Channel;Channel;1;0;0;0;0;null;0;0;Method;render;1;0;0;0;0;0;0;2;0;;0;0;0;0;0;0;0;0;0;0;0;0;0;0;0;0.0;0;0;0;0;0;0;0;0;0;0;0;0;0;0;0;0;;0;0;0;0;0;0;0;0;0;0;0;0;0;0;0;0;org.apache.commons.digester.rss.Channel#public#render(Writer#String);
\digester\src\java\org\apache\commons\digester\rss\Channel.java;org.apache.commons.digester.rss;org.apache.commons.digester.rss.Channel;Channel;1;0;0;0;0;null;0;0;Method;render;1;0;0;0;0;0;0;1;0;;0;0;0;0;0;0;0;0;0;0;0;0;0;0;0;0.0;0;0;0;0;0;0;0;0;0;0;0;0;0;0;0;0;;0;0;0;0;0;0;0;0;0;0;0;0;0;0;0;0;org.apache.commons.digester.rss.Channel#public#render(PrintWriter);
\digester\src\java\org\apache\commons\digester\rss\Channel.java;org.apache.commons.digester.rss;org.apache.commons.digester.rss.Channel;Channel;1;0;0;0;0;null;0;0;Method;render;1;0;0;0;0;0;0;2;0;;0;0;3;12;0;0;0;0;0;0;0;0;0;0;0;0.0;0;0;0;0;0;0;0;0;0;0;0;0;0;0;0;0;;0;0;0;0;0;0;0;0;0;0;0;0;0;0;0;0;org.apache.commons.digester.rss.Channel#public#render(PrintWriter#String);
