filename;package;fullname;name;isClass;isInterface;isEnum;extends_TestCase;inTestCaseFolder;parentclass;#interfaces;isAbstractClass;method_type;method_name;method_isPublic;method_isProtected;method_isPrivate;method_isNoModifier;isOverridenMethod;isTestMethod;isHelperMethodInTestClass;#method_arguments;#method_exceptions_list;method_exceptions;#do_statements;#while_statements;#for_statements;#if_statements;#switch_statements;#empty_blocks;#assert_statements;#fail_statements;#throw;#try_blocks;#try_with_nested_try;#big_try_nested;#catches;catches_min;catches_max;catches_avg;#catches_return_statement;#catches_return_expression;#catches_return_null;#catches_empty;#catches_empty_withcomments;#catches_system_exit;#catches_system_ouputerrconsole;#catches_callprintstacktrace;#catches_with_decision_loop_structures;#catches_with_decision_structures;#catches_with_loop_structures;#catches_with_asserts;#catches_with_fail;#catches_with_nested_try;#catches_1_param;#catches_n_param;catch_exceptions;#catches_throws_new;#catches_throws_newSameDesc;#catches_throws_newDiffDesc;#catches_throws_same;#catches_throws_different;#finally;#finally_with_decision_loop_structures;#finally_with_decision_structures;#finally_with_loop_structures;#finally_with_asserts;#finally_with_fail;#finally_with_nestedtry;#finally_with_empty_blocks;#throw_inTry;#throw_inCatch;#throw_inFinally;member_signature;
\src\java\org\apache\commons\mail\EmailException.java;org.apache.commons.mail;org.apache.commons.mail.EmailException;EmailException;1;0;0;0;0;Exception;0;0;Constructor;EmailException;1;0;0;0;0;0;0;0;0;;0;0;0;0;0;0;0;0;0;0;0;0;0;0;0;0.0;0;0;0;0;0;0;0;0;0;0;0;0;0;0;0;0;;0;0;0;0;0;0;0;0;0;0;0;0;0;0;0;0;org.apache.commons.mail.EmailException#public#EmailException();
\src\java\org\apache\commons\mail\EmailException.java;org.apache.commons.mail;org.apache.commons.mail.EmailException;EmailException;1;0;0;0;0;Exception;0;0;Constructor;EmailException;1;0;0;0;0;0;0;1;0;;0;0;0;0;0;0;0;0;0;0;0;0;0;0;0;0.0;0;0;0;0;0;0;0;0;0;0;0;0;0;0;0;0;;0;0;0;0;0;0;0;0;0;0;0;0;0;0;0;0;org.apache.commons.mail.EmailException#public#EmailException(String);
\src\java\org\apache\commons\mail\EmailException.java;org.apache.commons.mail;org.apache.commons.mail.EmailException;EmailException;1;0;0;0;0;Exception;0;0;Constructor;EmailException;1;0;0;0;0;0;0;1;0;;0;0;0;0;0;0;0;0;0;0;0;0;0;0;0;0.0;0;0;0;0;0;0;0;0;0;0;0;0;0;0;0;0;;0;0;0;0;0;0;0;0;0;0;0;0;0;0;0;0;org.apache.commons.mail.EmailException#public#EmailException(Throwable);
\src\java\org\apache\commons\mail\EmailException.java;org.apache.commons.mail;org.apache.commons.mail.EmailException;EmailException;1;0;0;0;0;Exception;0;0;Constructor;EmailException;1;0;0;0;0;0;0;2;0;;0;0;0;0;0;0;0;0;0;0;0;0;0;0;0;0.0;0;0;0;0;0;0;0;0;0;0;0;0;0;0;0;0;;0;0;0;0;0;0;0;0;0;0;0;0;0;0;0;0;org.apache.commons.mail.EmailException#public#EmailException(String#Throwable);
\src\java\org\apache\commons\mail\EmailException.java;org.apache.commons.mail;org.apache.commons.mail.EmailException;EmailException;1;0;0;0;0;Exception;0;0;Method;getCause;1;0;0;0;0;0;0;0;0;;0;0;0;0;0;0;0;0;0;0;0;0;0;0;0;0.0;0;0;0;0;0;0;0;0;0;0;0;0;0;0;0;0;;0;0;0;0;0;0;0;0;0;0;0;0;0;0;0;0;org.apache.commons.mail.EmailException#public#getCause();
\src\java\org\apache\commons\mail\EmailException.java;org.apache.commons.mail;org.apache.commons.mail.EmailException;EmailException;1;0;0;0;0;Exception;0;0;Method;printStackTrace;1;0;0;0;0;0;0;0;0;;0;0;0;0;0;0;0;0;0;0;0;0;0;0;0;0.0;0;0;0;0;0;0;0;0;0;0;0;0;0;0;0;0;;0;0;0;0;0;0;0;0;0;0;0;0;0;0;0;0;org.apache.commons.mail.EmailException#public#printStackTrace();
\src\java\org\apache\commons\mail\EmailException.java;org.apache.commons.mail;org.apache.commons.mail.EmailException;EmailException;1;0;0;0;0;Exception;0;0;Method;printStackTrace;1;0;0;0;0;0;0;1;0;;0;0;0;0;0;0;0;0;0;0;0;0;0;0;0;0.0;0;0;0;0;0;0;0;0;0;0;0;0;0;0;0;0;;0;0;0;0;0;0;0;0;0;0;0;0;0;0;0;0;org.apache.commons.mail.EmailException#public#printStackTrace(PrintStream);
\src\java\org\apache\commons\mail\EmailException.java;org.apache.commons.mail;org.apache.commons.mail.EmailException;EmailException;1;0;0;0;0;Exception;0;0;Method;printStackTrace;1;0;0;0;0;0;0;1;0;;0;0;0;1;0;0;0;0;0;0;0;0;0;0;0;0.0;0;0;0;0;0;0;0;0;0;0;0;0;0;0;0;0;;0;0;0;0;0;0;0;0;0;0;0;0;0;0;0;0;org.apache.commons.mail.EmailException#public#printStackTrace(PrintWriter);
\src\test\org\apache\commons\mail\mocks\MockSimpleEmail.java;org.apache.commons.mail.mocks;org.apache.commons.mail.mocks.MockSimpleEmail;MockSimpleEmail;1;0;0;0;1;SimpleEmail;0;0;Method;getMsg;1;0;0;0;0;0;1;0;0;;0;0;0;0;0;0;0;0;0;0;0;0;0;0;0;0.0;0;0;0;0;0;0;0;0;0;0;0;0;0;0;0;0;;0;0;0;0;0;0;0;0;0;0;0;0;0;0;0;0;org.apache.commons.mail.mocks.MockSimpleEmail#public#getMsg();
\src\test\org\apache\commons\mail\mocks\MockSimpleEmail.java;org.apache.commons.mail.mocks;org.apache.commons.mail.mocks.MockSimpleEmail;MockSimpleEmail;1;0;0;0;1;SimpleEmail;0;0;Method;getFromAddress;1;0;0;0;0;0;1;0;0;;0;0;0;0;0;0;0;0;0;0;0;0;0;0;0;0.0;0;0;0;0;0;0;0;0;0;0;0;0;0;0;0;0;;0;0;0;0;0;0;0;0;0;0;0;0;0;0;0;0;org.apache.commons.mail.mocks.MockSimpleEmail#public#getFromAddress();
\src\test\org\apache\commons\mail\mocks\MockSimpleEmail.java;org.apache.commons.mail.mocks;org.apache.commons.mail.mocks.MockSimpleEmail;MockSimpleEmail;1;0;0;0;1;SimpleEmail;0;0;Method;getToList;1;0;0;0;0;0;1;0;0;;0;0;0;0;0;0;0;0;0;0;0;0;0;0;0;0.0;0;0;0;0;0;0;0;0;0;0;0;0;0;0;0;0;;0;0;0;0;0;0;0;0;0;0;0;0;0;0;0;0;org.apache.commons.mail.mocks.MockSimpleEmail#public#getToList();
\src\test\org\apache\commons\mail\mocks\MockSimpleEmail.java;org.apache.commons.mail.mocks;org.apache.commons.mail.mocks.MockSimpleEmail;MockSimpleEmail;1;0;0;0;1;SimpleEmail;0;0;Method;getBccList;1;0;0;0;0;0;1;0;0;;0;0;0;0;0;0;0;0;0;0;0;0;0;0;0;0.0;0;0;0;0;0;0;0;0;0;0;0;0;0;0;0;0;;0;0;0;0;0;0;0;0;0;0;0;0;0;0;0;0;org.apache.commons.mail.mocks.MockSimpleEmail#public#getBccList();
\src\test\org\apache\commons\mail\mocks\MockSimpleEmail.java;org.apache.commons.mail.mocks;org.apache.commons.mail.mocks.MockSimpleEmail;MockSimpleEmail;1;0;0;0;1;SimpleEmail;0;0;Method;getCcList;1;0;0;0;0;0;1;0;0;;0;0;0;0;0;0;0;0;0;0;0;0;0;0;0;0.0;0;0;0;0;0;0;0;0;0;0;0;0;0;0;0;0;;0;0;0;0;0;0;0;0;0;0;0;0;0;0;0;0;org.apache.commons.mail.mocks.MockSimpleEmail#public#getCcList();
\src\test\org\apache\commons\mail\mocks\MockHtmlEmailConcrete.java;org.apache.commons.mail.mocks;org.apache.commons.mail.mocks.MockHtmlEmailConcrete;MockHtmlEmailConcrete;1;0;0;0;1;HtmlEmail;0;0;Method;getMsg;1;0;0;0;0;0;1;0;0;;0;0;0;0;0;0;0;0;0;1;0;0;2;2;2;2.0;0;0;2;0;0;0;0;0;0;0;0;0;0;0;2;0;java.io.IOException:javax.mail.MessagingException;0;0;0;0;0;0;0;0;0;0;0;0;0;0;0;0;org.apache.commons.mail.mocks.MockHtmlEmailConcrete#public#getMsg();
\src\test\org\apache\commons\mail\mocks\MockHtmlEmailConcrete.java;org.apache.commons.mail.mocks;org.apache.commons.mail.mocks.MockHtmlEmailConcrete;MockHtmlEmailConcrete;1;0;0;0;1;HtmlEmail;0;0;Method;getTextMsg;1;0;0;0;0;0;1;0;0;;0;0;0;0;0;0;0;0;0;0;0;0;0;0;0;0.0;0;0;0;0;0;0;0;0;0;0;0;0;0;0;0;0;;0;0;0;0;0;0;0;0;0;0;0;0;0;0;0;0;org.apache.commons.mail.mocks.MockHtmlEmailConcrete#public#getTextMsg();
\src\test\org\apache\commons\mail\mocks\MockHtmlEmailConcrete.java;org.apache.commons.mail.mocks;org.apache.commons.mail.mocks.MockHtmlEmailConcrete;MockHtmlEmailConcrete;1;0;0;0;1;HtmlEmail;0;0;Method;getHtmlMsg;1;0;0;0;0;0;1;0;0;;0;0;0;0;0;0;0;0;0;0;0;0;0;0;0;0.0;0;0;0;0;0;0;0;0;0;0;0;0;0;0;0;0;;0;0;0;0;0;0;0;0;0;0;0;0;0;0;0;0;org.apache.commons.mail.mocks.MockHtmlEmailConcrete#public#getHtmlMsg();
\src\test\org\apache\commons\mail\mocks\MockHtmlEmailConcrete.java;org.apache.commons.mail.mocks;org.apache.commons.mail.mocks.MockHtmlEmailConcrete;MockHtmlEmailConcrete;1;0;0;0;1;HtmlEmail;0;0;Method;getInlineImages;1;0;0;0;0;0;1;0;0;;0;0;0;0;0;0;0;0;0;0;0;0;0;0;0;0.0;0;0;0;0;0;0;0;0;0;0;0;0;0;0;0;0;;0;0;0;0;0;0;0;0;0;0;0;0;0;0;0;0;org.apache.commons.mail.mocks.MockHtmlEmailConcrete#public#getInlineImages();
\src\test\org\apache\commons\mail\mocks\MockHtmlEmailConcrete.java;org.apache.commons.mail.mocks;org.apache.commons.mail.mocks.MockHtmlEmailConcrete;MockHtmlEmailConcrete;1;0;0;0;1;HtmlEmail;0;0;Method;getFromAddress;1;0;0;0;0;0;1;0;0;;0;0;0;0;0;0;0;0;0;0;0;0;0;0;0;0.0;0;0;0;0;0;0;0;0;0;0;0;0;0;0;0;0;;0;0;0;0;0;0;0;0;0;0;0;0;0;0;0;0;org.apache.commons.mail.mocks.MockHtmlEmailConcrete#public#getFromAddress();
\src\test\org\apache\commons\mail\mocks\MockHtmlEmailConcrete.java;org.apache.commons.mail.mocks;org.apache.commons.mail.mocks.MockHtmlEmailConcrete;MockHtmlEmailConcrete;1;0;0;0;1;HtmlEmail;0;0;Method;getToList;1;0;0;0;0;0;1;0;0;;0;0;0;0;0;0;0;0;0;0;0;0;0;0;0;0.0;0;0;0;0;0;0;0;0;0;0;0;0;0;0;0;0;;0;0;0;0;0;0;0;0;0;0;0;0;0;0;0;0;org.apache.commons.mail.mocks.MockHtmlEmailConcrete#public#getToList();
\src\test\org\apache\commons\mail\mocks\MockHtmlEmailConcrete.java;org.apache.commons.mail.mocks;org.apache.commons.mail.mocks.MockHtmlEmailConcrete;MockHtmlEmailConcrete;1;0;0;0;1;HtmlEmail;0;0;Method;getBccList;1;0;0;0;0;0;1;0;0;;0;0;0;0;0;0;0;0;0;0;0;0;0;0;0;0.0;0;0;0;0;0;0;0;0;0;0;0;0;0;0;0;0;;0;0;0;0;0;0;0;0;0;0;0;0;0;0;0;0;org.apache.commons.mail.mocks.MockHtmlEmailConcrete#public#getBccList();
\src\test\org\apache\commons\mail\mocks\MockHtmlEmailConcrete.java;org.apache.commons.mail.mocks;org.apache.commons.mail.mocks.MockHtmlEmailConcrete;MockHtmlEmailConcrete;1;0;0;0;1;HtmlEmail;0;0;Method;getCcList;1;0;0;0;0;0;1;0;0;;0;0;0;0;0;0;0;0;0;0;0;0;0;0;0;0.0;0;0;0;0;0;0;0;0;0;0;0;0;0;0;0;0;;0;0;0;0;0;0;0;0;0;0;0;0;0;0;0;0;org.apache.commons.mail.mocks.MockHtmlEmailConcrete#public#getCcList();
\src\test\org\apache\commons\mail\HtmlEmailTest.java;org.apache.commons.mail;org.apache.commons.mail.HtmlEmailTest;HtmlEmailTest;1;0;0;0;1;BaseEmailTestCase;0;0;Constructor;HtmlEmailTest;1;0;0;0;0;0;0;1;0;;0;0;0;0;0;0;0;0;0;0;0;0;0;0;0;0.0;0;0;0;0;0;0;0;0;0;0;0;0;0;0;0;0;;0;0;0;0;0;0;0;0;0;0;0;0;0;0;0;0;org.apache.commons.mail.HtmlEmailTest#public#HtmlEmailTest(String);
\src\test\org\apache\commons\mail\HtmlEmailTest.java;org.apache.commons.mail;org.apache.commons.mail.HtmlEmailTest;HtmlEmailTest;1;0;0;0;1;BaseEmailTestCase;0;0;Method;setUp;1;0;0;0;0;0;1;0;0;;0;0;0;0;0;0;0;0;0;0;0;0;0;0;0;0.0;0;0;0;0;0;0;0;0;0;0;0;0;0;0;0;0;;0;0;0;0;0;0;0;0;0;0;0;0;0;0;0;0;org.apache.commons.mail.HtmlEmailTest#public#setUp();
\src\test\org\apache\commons\mail\HtmlEmailTest.java;org.apache.commons.mail;org.apache.commons.mail.HtmlEmailTest;HtmlEmailTest;1;0;0;0;1;BaseEmailTestCase;0;0;Method;testGetSetTextMsg;1;0;0;0;0;1;0;0;0;;0;0;2;0;0;0;2;3;0;2;0;0;3;1;2;1.5;0;0;0;0;0;0;0;0;0;0;0;1;2;0;3;0;EmailException:Exception;0;0;0;0;0;0;0;0;0;0;0;0;0;0;0;0;org.apache.commons.mail.HtmlEmailTest#public#testGetSetTextMsg();
\src\test\org\apache\commons\mail\HtmlEmailTest.java;org.apache.commons.mail;org.apache.commons.mail.HtmlEmailTest;HtmlEmailTest;1;0;0;0;1;BaseEmailTestCase;0;0;Method;testGetSetHtmlMsg;1;0;0;0;0;1;0;0;0;;0;0;2;0;0;0;2;3;0;2;0;0;3;1;2;1.5;0;0;0;0;0;0;0;0;0;0;0;1;2;0;3;0;EmailException:Exception;0;0;0;0;0;0;0;0;0;0;0;0;0;0;0;0;org.apache.commons.mail.HtmlEmailTest#public#testGetSetHtmlMsg();
\src\test\org\apache\commons\mail\HtmlEmailTest.java;org.apache.commons.mail;org.apache.commons.mail.HtmlEmailTest;HtmlEmailTest;1;0;0;0;1;BaseEmailTestCase;0;0;Method;testGetSetMsg;1;0;0;0;0;1;0;0;0;;0;0;2;0;0;0;3;3;0;2;0;0;3;1;2;1.5;0;0;0;0;0;0;0;0;0;0;0;1;2;0;3;0;EmailException:Exception;0;0;0;0;0;0;0;0;0;0;0;0;0;0;0;0;org.apache.commons.mail.HtmlEmailTest#public#testGetSetMsg();
\src\test\org\apache\commons\mail\HtmlEmailTest.java;org.apache.commons.mail;org.apache.commons.mail.HtmlEmailTest;HtmlEmailTest;1;0;0;0;1;BaseEmailTestCase;0;0;Method;testEmbed;1;0;0;0;0;1;0;0;1;Exception:;0;0;0;0;0;0;3;2;0;1;0;0;2;2;2;2.0;0;0;0;0;0;0;0;0;0;0;0;1;1;0;2;0;EmailException:Exception;0;0;0;0;0;0;0;0;0;0;0;0;0;0;0;0;org.apache.commons.mail.HtmlEmailTest#public#testEmbed()Exception;
\src\test\org\apache\commons\mail\HtmlEmailTest.java;org.apache.commons.mail;org.apache.commons.mail.HtmlEmailTest;HtmlEmailTest;1;0;0;0;1;BaseEmailTestCase;0;0;Method;testSend;1;0;0;0;0;1;0;0;0;;0;0;0;1;0;0;0;4;0;3;0;0;4;1;2;1.3333334;0;0;0;0;0;0;0;1;0;0;0;0;4;0;4;0;java.io.IOException:Exception;0;0;0;0;0;0;0;0;0;0;0;0;0;0;0;0;org.apache.commons.mail.HtmlEmailTest#public#testSend();
\src\test\org\apache\commons\mail\HtmlEmailTest.java;org.apache.commons.mail;org.apache.commons.mail.HtmlEmailTest;HtmlEmailTest;1;0;0;0;1;BaseEmailTestCase;0;0;Method;testSend2;1;0;0;0;0;1;0;0;1;Exception:;0;0;0;2;0;0;0;0;0;0;0;0;0;0;0;0.0;0;0;0;0;0;0;0;0;0;0;0;0;0;0;0;0;;0;0;0;0;0;0;0;0;0;0;0;0;0;0;0;0;org.apache.commons.mail.HtmlEmailTest#public#testSend2()Exception;
\src\java\org\apache\commons\mail\EmailAttachment.java;org.apache.commons.mail;org.apache.commons.mail.EmailAttachment;EmailAttachment;1;0;0;0;0;null;0;0;Method;getDescription;1;0;0;0;0;0;0;0;0;;0;0;0;0;0;0;0;0;0;0;0;0;0;0;0;0.0;0;0;0;0;0;0;0;0;0;0;0;0;0;0;0;0;;0;0;0;0;0;0;0;0;0;0;0;0;0;0;0;0;org.apache.commons.mail.EmailAttachment#public#getDescription();
\src\java\org\apache\commons\mail\EmailAttachment.java;org.apache.commons.mail;org.apache.commons.mail.EmailAttachment;EmailAttachment;1;0;0;0;0;null;0;0;Method;getName;1;0;0;0;0;0;0;0;0;;0;0;0;0;0;0;0;0;0;0;0;0;0;0;0;0.0;0;0;0;0;0;0;0;0;0;0;0;0;0;0;0;0;;0;0;0;0;0;0;0;0;0;0;0;0;0;0;0;0;org.apache.commons.mail.EmailAttachment#public#getName();
\src\java\org\apache\commons\mail\EmailAttachment.java;org.apache.commons.mail;org.apache.commons.mail.EmailAttachment;EmailAttachment;1;0;0;0;0;null;0;0;Method;getPath;1;0;0;0;0;0;0;0;0;;0;0;0;0;0;0;0;0;0;0;0;0;0;0;0;0.0;0;0;0;0;0;0;0;0;0;0;0;0;0;0;0;0;;0;0;0;0;0;0;0;0;0;0;0;0;0;0;0;0;org.apache.commons.mail.EmailAttachment#public#getPath();
\src\java\org\apache\commons\mail\EmailAttachment.java;org.apache.commons.mail;org.apache.commons.mail.EmailAttachment;EmailAttachment;1;0;0;0;0;null;0;0;Method;getURL;1;0;0;0;0;0;0;0;0;;0;0;0;0;0;0;0;0;0;0;0;0;0;0;0;0.0;0;0;0;0;0;0;0;0;0;0;0;0;0;0;0;0;;0;0;0;0;0;0;0;0;0;0;0;0;0;0;0;0;org.apache.commons.mail.EmailAttachment#public#getURL();
\src\java\org\apache\commons\mail\EmailAttachment.java;org.apache.commons.mail;org.apache.commons.mail.EmailAttachment;EmailAttachment;1;0;0;0;0;null;0;0;Method;getDisposition;1;0;0;0;0;0;0;0;0;;0;0;0;0;0;0;0;0;0;0;0;0;0;0;0;0.0;0;0;0;0;0;0;0;0;0;0;0;0;0;0;0;0;;0;0;0;0;0;0;0;0;0;0;0;0;0;0;0;0;org.apache.commons.mail.EmailAttachment#public#getDisposition();
\src\java\org\apache\commons\mail\EmailAttachment.java;org.apache.commons.mail;org.apache.commons.mail.EmailAttachment;EmailAttachment;1;0;0;0;0;null;0;0;Method;setDescription;1;0;0;0;0;0;0;1;0;;0;0;0;0;0;0;0;0;0;0;0;0;0;0;0;0.0;0;0;0;0;0;0;0;0;0;0;0;0;0;0;0;0;;0;0;0;0;0;0;0;0;0;0;0;0;0;0;0;0;org.apache.commons.mail.EmailAttachment#public#setDescription(String);
\src\java\org\apache\commons\mail\EmailAttachment.java;org.apache.commons.mail;org.apache.commons.mail.EmailAttachment;EmailAttachment;1;0;0;0;0;null;0;0;Method;setName;1;0;0;0;0;0;0;1;0;;0;0;0;0;0;0;0;0;0;0;0;0;0;0;0;0.0;0;0;0;0;0;0;0;0;0;0;0;0;0;0;0;0;;0;0;0;0;0;0;0;0;0;0;0;0;0;0;0;0;org.apache.commons.mail.EmailAttachment#public#setName(String);
\src\java\org\apache\commons\mail\EmailAttachment.java;org.apache.commons.mail;org.apache.commons.mail.EmailAttachment;EmailAttachment;1;0;0;0;0;null;0;0;Method;setPath;1;0;0;0;0;0;0;1;0;;0;0;0;0;0;0;0;0;0;0;0;0;0;0;0;0.0;0;0;0;0;0;0;0;0;0;0;0;0;0;0;0;0;;0;0;0;0;0;0;0;0;0;0;0;0;0;0;0;0;org.apache.commons.mail.EmailAttachment#public#setPath(String);
\src\java\org\apache\commons\mail\EmailAttachment.java;org.apache.commons.mail;org.apache.commons.mail.EmailAttachment;EmailAttachment;1;0;0;0;0;null;0;0;Method;setURL;1;0;0;0;0;0;0;1;0;;0;0;0;0;0;0;0;0;0;0;0;0;0;0;0;0.0;0;0;0;0;0;0;0;0;0;0;0;0;0;0;0;0;;0;0;0;0;0;0;0;0;0;0;0;0;0;0;0;0;org.apache.commons.mail.EmailAttachment#public#setURL(URL);
\src\java\org\apache\commons\mail\EmailAttachment.java;org.apache.commons.mail;org.apache.commons.mail.EmailAttachment;EmailAttachment;1;0;0;0;0;null;0;0;Method;setDisposition;1;0;0;0;0;0;0;1;0;;0;0;0;0;0;0;0;0;0;0;0;0;0;0;0;0.0;0;0;0;0;0;0;0;0;0;0;0;0;0;0;0;0;;0;0;0;0;0;0;0;0;0;0;0;0;0;0;0;0;org.apache.commons.mail.EmailAttachment#public#setDisposition(String);
\src\test\org\apache\commons\mail\mocks\MockEmailConcrete.java;org.apache.commons.mail.mocks;org.apache.commons.mail.mocks.MockEmailConcrete;MockEmailConcrete;1;0;0;0;1;Email;0;0;Method;setMsg;1;0;0;0;0;0;1;1;0;;0;0;0;0;0;0;0;0;0;0;0;0;0;0;0;0.0;0;0;0;0;0;0;0;0;0;0;0;0;0;0;0;0;;0;0;0;0;0;0;0;0;0;0;0;0;0;0;0;0;org.apache.commons.mail.mocks.MockEmailConcrete#public#setMsg(String);
\src\test\org\apache\commons\mail\mocks\MockEmailConcrete.java;org.apache.commons.mail.mocks;org.apache.commons.mail.mocks.MockEmailConcrete;MockEmailConcrete;1;0;0;0;1;Email;0;0;Method;isDebug;1;0;0;0;0;0;1;0;0;;0;0;0;0;0;0;0;0;0;0;0;0;0;0;0;0.0;0;0;0;0;0;0;0;0;0;0;0;0;0;0;0;0;;0;0;0;0;0;0;0;0;0;0;0;0;0;0;0;0;org.apache.commons.mail.mocks.MockEmailConcrete#public#isDebug();
\src\test\org\apache\commons\mail\mocks\MockEmailConcrete.java;org.apache.commons.mail.mocks;org.apache.commons.mail.mocks.MockEmailConcrete;MockEmailConcrete;1;0;0;0;1;Email;0;0;Method;getAuthenticator;1;0;0;0;0;0;1;0;0;;0;0;0;0;0;0;0;0;0;0;0;0;0;0;0;0.0;0;0;0;0;0;0;0;0;0;0;0;0;0;0;0;0;;0;0;0;0;0;0;0;0;0;0;0;0;0;0;0;0;org.apache.commons.mail.mocks.MockEmailConcrete#public#getAuthenticator();
\src\test\org\apache\commons\mail\mocks\MockEmailConcrete.java;org.apache.commons.mail.mocks;org.apache.commons.mail.mocks.MockEmailConcrete;MockEmailConcrete;1;0;0;0;1;Email;0;0;Method;getBccList;1;0;0;0;0;0;1;0;0;;0;0;0;0;0;0;0;0;0;0;0;0;0;0;0;0.0;0;0;0;0;0;0;0;0;0;0;0;0;0;0;0;0;;0;0;0;0;0;0;0;0;0;0;0;0;0;0;0;0;org.apache.commons.mail.mocks.MockEmailConcrete#public#getBccList();
\src\test\org\apache\commons\mail\mocks\MockEmailConcrete.java;org.apache.commons.mail.mocks;org.apache.commons.mail.mocks.MockEmailConcrete;MockEmailConcrete;1;0;0;0;1;Email;0;0;Method;getCcList;1;0;0;0;0;0;1;0;0;;0;0;0;0;0;0;0;0;0;0;0;0;0;0;0;0.0;0;0;0;0;0;0;0;0;0;0;0;0;0;0;0;0;;0;0;0;0;0;0;0;0;0;0;0;0;0;0;0;0;org.apache.commons.mail.mocks.MockEmailConcrete#public#getCcList();
\src\test\org\apache\commons\mail\mocks\MockEmailConcrete.java;org.apache.commons.mail.mocks;org.apache.commons.mail.mocks.MockEmailConcrete;MockEmailConcrete;1;0;0;0;1;Email;0;0;Method;getCharset;1;0;0;0;0;0;1;0;0;;0;0;0;0;0;0;0;0;0;0;0;0;0;0;0;0.0;0;0;0;0;0;0;0;0;0;0;0;0;0;0;0;0;;0;0;0;0;0;0;0;0;0;0;0;0;0;0;0;0;org.apache.commons.mail.mocks.MockEmailConcrete#public#getCharset();
\src\test\org\apache\commons\mail\mocks\MockEmailConcrete.java;org.apache.commons.mail.mocks;org.apache.commons.mail.mocks.MockEmailConcrete;MockEmailConcrete;1;0;0;0;1;Email;0;0;Method;getContentObject;1;0;0;0;0;0;1;0;0;;0;0;0;0;0;0;0;0;0;0;0;0;0;0;0;0.0;0;0;0;0;0;0;0;0;0;0;0;0;0;0;0;0;;0;0;0;0;0;0;0;0;0;0;0;0;0;0;0;0;org.apache.commons.mail.mocks.MockEmailConcrete#public#getContentObject();
\src\test\org\apache\commons\mail\mocks\MockEmailConcrete.java;org.apache.commons.mail.mocks;org.apache.commons.mail.mocks.MockEmailConcrete;MockEmailConcrete;1;0;0;0;1;Email;0;0;Method;getContentMimeMultipart;1;0;0;0;0;0;1;0;0;;0;0;0;0;0;0;0;0;0;0;0;0;0;0;0;0.0;0;0;0;0;0;0;0;0;0;0;0;0;0;0;0;0;;0;0;0;0;0;0;0;0;0;0;0;0;0;0;0;0;org.apache.commons.mail.mocks.MockEmailConcrete#public#getContentMimeMultipart();
\src\test\org\apache\commons\mail\mocks\MockEmailConcrete.java;org.apache.commons.mail.mocks;org.apache.commons.mail.mocks.MockEmailConcrete;MockEmailConcrete;1;0;0;0;1;Email;0;0;Method;getEmailBody;1;0;0;0;0;0;1;0;0;;0;0;0;0;0;0;0;0;0;0;0;0;0;0;0;0.0;0;0;0;0;0;0;0;0;0;0;0;0;0;0;0;0;;0;0;0;0;0;0;0;0;0;0;0;0;0;0;0;0;org.apache.commons.mail.mocks.MockEmailConcrete#public#getEmailBody();
\src\test\org\apache\commons\mail\mocks\MockEmailConcrete.java;org.apache.commons.mail.mocks;org.apache.commons.mail.mocks.MockEmailConcrete;MockEmailConcrete;1;0;0;0;1;Email;0;0;Method;getFromAddress;1;0;0;0;0;0;1;0;0;;0;0;0;0;0;0;0;0;0;0;0;0;0;0;0;0.0;0;0;0;0;0;0;0;0;0;0;0;0;0;0;0;0;;0;0;0;0;0;0;0;0;0;0;0;0;0;0;0;0;org.apache.commons.mail.mocks.MockEmailConcrete#public#getFromAddress();
\src\test\org\apache\commons\mail\mocks\MockEmailConcrete.java;org.apache.commons.mail.mocks;org.apache.commons.mail.mocks.MockEmailConcrete;MockEmailConcrete;1;0;0;0;1;Email;0;0;Method;getHeaders;1;0;0;0;0;0;1;0;0;;0;0;0;0;0;0;0;0;0;0;0;0;0;0;0;0.0;0;0;0;0;0;0;0;0;0;0;0;0;0;0;0;0;;0;0;0;0;0;0;0;0;0;0;0;0;0;0;0;0;org.apache.commons.mail.mocks.MockEmailConcrete#public#getHeaders();
\src\test\org\apache\commons\mail\mocks\MockEmailConcrete.java;org.apache.commons.mail.mocks;org.apache.commons.mail.mocks.MockEmailConcrete;MockEmailConcrete;1;0;0;0;1;Email;0;0;Method;getHostName;1;0;0;0;0;0;1;0;0;;0;0;0;0;0;0;0;0;0;0;0;0;0;0;0;0.0;0;0;0;0;0;0;0;0;0;0;0;0;0;0;0;0;;0;0;0;0;0;0;0;0;0;0;0;0;0;0;0;0;org.apache.commons.mail.mocks.MockEmailConcrete#public#getHostName();
\src\test\org\apache\commons\mail\mocks\MockEmailConcrete.java;org.apache.commons.mail.mocks;org.apache.commons.mail.mocks.MockEmailConcrete;MockEmailConcrete;1;0;0;0;1;Email;0;0;Method;getMessage;1;0;0;0;0;0;1;0;0;;0;0;0;0;0;0;0;0;0;0;0;0;0;0;0;0.0;0;0;0;0;0;0;0;0;0;0;0;0;0;0;0;0;;0;0;0;0;0;0;0;0;0;0;0;0;0;0;0;0;org.apache.commons.mail.mocks.MockEmailConcrete#public#getMessage();
\src\test\org\apache\commons\mail\mocks\MockEmailConcrete.java;org.apache.commons.mail.mocks;org.apache.commons.mail.mocks.MockEmailConcrete;MockEmailConcrete;1;0;0;0;1;Email;0;0;Method;getPopHost;1;0;0;0;0;0;1;0;0;;0;0;0;0;0;0;0;0;0;0;0;0;0;0;0;0.0;0;0;0;0;0;0;0;0;0;0;0;0;0;0;0;0;;0;0;0;0;0;0;0;0;0;0;0;0;0;0;0;0;org.apache.commons.mail.mocks.MockEmailConcrete#public#getPopHost();
\src\test\org\apache\commons\mail\mocks\MockEmailConcrete.java;org.apache.commons.mail.mocks;org.apache.commons.mail.mocks.MockEmailConcrete;MockEmailConcrete;1;0;0;0;1;Email;0;0;Method;getPopPassword;1;0;0;0;0;0;1;0;0;;0;0;0;0;0;0;0;0;0;0;0;0;0;0;0;0.0;0;0;0;0;0;0;0;0;0;0;0;0;0;0;0;0;;0;0;0;0;0;0;0;0;0;0;0;0;0;0;0;0;org.apache.commons.mail.mocks.MockEmailConcrete#public#getPopPassword();
\src\test\org\apache\commons\mail\mocks\MockEmailConcrete.java;org.apache.commons.mail.mocks;org.apache.commons.mail.mocks.MockEmailConcrete;MockEmailConcrete;1;0;0;0;1;Email;0;0;Method;getPopUsername;1;0;0;0;0;0;1;0;0;;0;0;0;0;0;0;0;0;0;0;0;0;0;0;0;0.0;0;0;0;0;0;0;0;0;0;0;0;0;0;0;0;0;;0;0;0;0;0;0;0;0;0;0;0;0;0;0;0;0;org.apache.commons.mail.mocks.MockEmailConcrete#public#getPopUsername();
\src\test\org\apache\commons\mail\mocks\MockEmailConcrete.java;org.apache.commons.mail.mocks;org.apache.commons.mail.mocks.MockEmailConcrete;MockEmailConcrete;1;0;0;0;1;Email;0;0;Method;getReplyList;1;0;0;0;0;0;1;0;0;;0;0;0;0;0;0;0;0;0;0;0;0;0;0;0;0.0;0;0;0;0;0;0;0;0;0;0;0;0;0;0;0;0;;0;0;0;0;0;0;0;0;0;0;0;0;0;0;0;0;org.apache.commons.mail.mocks.MockEmailConcrete#public#getReplyList();
\src\test\org\apache\commons\mail\mocks\MockEmailConcrete.java;org.apache.commons.mail.mocks;org.apache.commons.mail.mocks.MockEmailConcrete;MockEmailConcrete;1;0;0;0;1;Email;0;0;Method;getSmtpPort;1;0;0;0;0;0;1;0;0;;0;0;0;0;0;0;0;0;0;0;0;0;0;0;0;0.0;0;0;0;0;0;0;0;0;0;0;0;0;0;0;0;0;;0;0;0;0;0;0;0;0;0;0;0;0;0;0;0;0;org.apache.commons.mail.mocks.MockEmailConcrete#public#getSmtpPort();
\src\test\org\apache\commons\mail\mocks\MockEmailConcrete.java;org.apache.commons.mail.mocks;org.apache.commons.mail.mocks.MockEmailConcrete;MockEmailConcrete;1;0;0;0;1;Email;0;0;Method;getSubject;1;0;0;0;0;0;1;0;0;;0;0;0;0;0;0;0;0;0;0;0;0;0;0;0;0.0;0;0;0;0;0;0;0;0;0;0;0;0;0;0;0;0;;0;0;0;0;0;0;0;0;0;0;0;0;0;0;0;0;org.apache.commons.mail.mocks.MockEmailConcrete#public#getSubject();
\src\test\org\apache\commons\mail\mocks\MockEmailConcrete.java;org.apache.commons.mail.mocks;org.apache.commons.mail.mocks.MockEmailConcrete;MockEmailConcrete;1;0;0;0;1;Email;0;0;Method;getToList;1;0;0;0;0;0;1;0;0;;0;0;0;0;0;0;0;0;0;0;0;0;0;0;0;0.0;0;0;0;0;0;0;0;0;0;0;0;0;0;0;0;0;;0;0;0;0;0;0;0;0;0;0;0;0;0;0;0;0;org.apache.commons.mail.mocks.MockEmailConcrete#public#getToList();
\src\test\org\apache\commons\mail\mocks\MockEmailConcrete.java;org.apache.commons.mail.mocks;org.apache.commons.mail.mocks.MockEmailConcrete;MockEmailConcrete;1;0;0;0;1;Email;0;0;Method;getContentType;1;0;0;0;0;0;1;0;0;;0;0;0;0;0;0;0;0;0;0;0;0;0;0;0;0.0;0;0;0;0;0;0;0;0;0;0;0;0;0;0;0;0;;0;0;0;0;0;0;0;0;0;0;0;0;0;0;0;0;org.apache.commons.mail.mocks.MockEmailConcrete#public#getContentType();
\src\test\org\apache\commons\mail\mocks\MockEmailConcrete.java;org.apache.commons.mail.mocks;org.apache.commons.mail.mocks.MockEmailConcrete;MockEmailConcrete;1;0;0;0;1;Email;0;0;Method;isPopBeforeSmtp;1;0;0;0;0;0;1;0;0;;0;0;0;0;0;0;0;0;0;0;0;0;0;0;0;0.0;0;0;0;0;0;0;0;0;0;0;0;0;0;0;0;0;;0;0;0;0;0;0;0;0;0;0;0;0;0;0;0;0;org.apache.commons.mail.mocks.MockEmailConcrete#public#isPopBeforeSmtp();
\src\test\org\apache\commons\mail\mocks\MockEmailConcrete.java;org.apache.commons.mail.mocks;org.apache.commons.mail.mocks.MockEmailConcrete;MockEmailConcrete;1;0;0;0;1;Email;0;0;Method;getSession;1;0;0;0;0;0;1;0;1;org.apache.commons.mail.EmailException:;0;0;0;0;0;0;0;0;0;0;0;0;0;0;0;0.0;0;0;0;0;0;0;0;0;0;0;0;0;0;0;0;0;;0;0;0;0;0;0;0;0;0;0;0;0;0;0;0;0;org.apache.commons.mail.mocks.MockEmailConcrete#public#getSession()EmailException;
\src\test\org\apache\commons\mail\mocks\MockMultiPartEmailConcrete.java;org.apache.commons.mail.mocks;org.apache.commons.mail.mocks.MockMultiPartEmailConcrete;MockMultiPartEmailConcrete;1;0;0;0;1;MultiPartEmail;0;0;Method;getMsg;1;0;0;0;0;0;1;0;0;;0;0;0;0;0;0;0;0;0;1;0;0;2;2;2;2.0;0;0;2;0;0;0;0;0;0;0;0;0;0;0;2;0;java.io.IOException:javax.mail.MessagingException;0;0;0;0;0;0;0;0;0;0;0;0;0;0;0;0;org.apache.commons.mail.mocks.MockMultiPartEmailConcrete#public#getMsg();
\src\test\org\apache\commons\mail\mocks\MockMultiPartEmailConcrete.java;org.apache.commons.mail.mocks;org.apache.commons.mail.mocks.MockMultiPartEmailConcrete;MockMultiPartEmailConcrete;1;0;0;0;1;MultiPartEmail;0;0;Method;initTest;1;0;0;0;0;0;1;0;0;;0;0;0;0;0;0;0;0;0;0;0;0;0;0;0;0.0;0;0;0;0;0;0;0;0;0;0;0;0;0;0;0;0;;0;0;0;0;0;0;0;0;0;0;0;0;0;0;0;0;org.apache.commons.mail.mocks.MockMultiPartEmailConcrete#public#initTest();
\src\test\org\apache\commons\mail\mocks\MockMultiPartEmailConcrete.java;org.apache.commons.mail.mocks;org.apache.commons.mail.mocks.MockMultiPartEmailConcrete;MockMultiPartEmailConcrete;1;0;0;0;1;MultiPartEmail;0;0;Method;getFromAddress;1;0;0;0;0;0;1;0;0;;0;0;0;0;0;0;0;0;0;0;0;0;0;0;0;0.0;0;0;0;0;0;0;0;0;0;0;0;0;0;0;0;0;;0;0;0;0;0;0;0;0;0;0;0;0;0;0;0;0;org.apache.commons.mail.mocks.MockMultiPartEmailConcrete#public#getFromAddress();
\src\test\org\apache\commons\mail\mocks\MockMultiPartEmailConcrete.java;org.apache.commons.mail.mocks;org.apache.commons.mail.mocks.MockMultiPartEmailConcrete;MockMultiPartEmailConcrete;1;0;0;0;1;MultiPartEmail;0;0;Method;getToList;1;0;0;0;0;0;1;0;0;;0;0;0;0;0;0;0;0;0;0;0;0;0;0;0;0.0;0;0;0;0;0;0;0;0;0;0;0;0;0;0;0;0;;0;0;0;0;0;0;0;0;0;0;0;0;0;0;0;0;org.apache.commons.mail.mocks.MockMultiPartEmailConcrete#public#getToList();
\src\test\org\apache\commons\mail\mocks\MockMultiPartEmailConcrete.java;org.apache.commons.mail.mocks;org.apache.commons.mail.mocks.MockMultiPartEmailConcrete;MockMultiPartEmailConcrete;1;0;0;0;1;MultiPartEmail;0;0;Method;getBccList;1;0;0;0;0;0;1;0;0;;0;0;0;0;0;0;0;0;0;0;0;0;0;0;0;0.0;0;0;0;0;0;0;0;0;0;0;0;0;0;0;0;0;;0;0;0;0;0;0;0;0;0;0;0;0;0;0;0;0;org.apache.commons.mail.mocks.MockMultiPartEmailConcrete#public#getBccList();
\src\test\org\apache\commons\mail\mocks\MockMultiPartEmailConcrete.java;org.apache.commons.mail.mocks;org.apache.commons.mail.mocks.MockMultiPartEmailConcrete;MockMultiPartEmailConcrete;1;0;0;0;1;MultiPartEmail;0;0;Method;getCcList;1;0;0;0;0;0;1;0;0;;0;0;0;0;0;0;0;0;0;0;0;0;0;0;0;0.0;0;0;0;0;0;0;0;0;0;0;0;0;0;0;0;0;;0;0;0;0;0;0;0;0;0;0;0;0;0;0;0;0;org.apache.commons.mail.mocks.MockMultiPartEmailConcrete#public#getCcList();
\src\java\org\apache\commons\mail\DefaultAuthenticator.java;org.apache.commons.mail;org.apache.commons.mail.DefaultAuthenticator;DefaultAuthenticator;1;0;0;0;0;Authenticator;0;0;Constructor;DefaultAuthenticator;1;0;0;0;0;0;0;2;0;;0;0;0;0;0;0;0;0;0;0;0;0;0;0;0;0.0;0;0;0;0;0;0;0;0;0;0;0;0;0;0;0;0;;0;0;0;0;0;0;0;0;0;0;0;0;0;0;0;0;org.apache.commons.mail.DefaultAuthenticator#public#DefaultAuthenticator(String#String);
\src\java\org\apache\commons\mail\DefaultAuthenticator.java;org.apache.commons.mail;org.apache.commons.mail.DefaultAuthenticator;DefaultAuthenticator;1;0;0;0;0;Authenticator;0;0;Method;getPasswordAuthentication;1;0;0;0;0;0;0;0;0;;0;0;0;0;0;0;0;0;0;0;0;0;0;0;0;0.0;0;0;0;0;0;0;0;0;0;0;0;0;0;0;0;0;;0;0;0;0;0;0;0;0;0;0;0;0;0;0;0;0;org.apache.commons.mail.DefaultAuthenticator#public#getPasswordAuthentication();
\src\test\org\apache\commons\mail\SendWithAttachmentsTest.java;org.apache.commons.mail;org.apache.commons.mail.SendWithAttachmentsTest;SendWithAttachmentsTest;1;0;0;0;1;BaseEmailTestCase;0;0;Constructor;SendWithAttachmentsTest;1;0;0;0;0;0;0;1;0;;0;0;0;0;0;0;0;0;0;0;0;0;0;0;0;0.0;0;0;0;0;0;0;0;0;0;0;0;0;0;0;0;0;;0;0;0;0;0;0;0;0;0;0;0;0;0;0;0;0;org.apache.commons.mail.SendWithAttachmentsTest#public#SendWithAttachmentsTest(String);
\src\test\org\apache\commons\mail\SendWithAttachmentsTest.java;org.apache.commons.mail;org.apache.commons.mail.SendWithAttachmentsTest;SendWithAttachmentsTest;1;0;0;0;1;BaseEmailTestCase;0;0;Method;setUp;1;0;0;0;0;0;1;0;0;;0;0;0;0;0;0;0;0;0;0;0;0;0;0;0;0.0;0;0;0;0;0;0;0;0;0;0;0;0;0;0;0;0;;0;0;0;0;0;0;0;0;0;0;0;0;0;0;0;0;org.apache.commons.mail.SendWithAttachmentsTest#public#setUp();
\src\test\org\apache\commons\mail\SendWithAttachmentsTest.java;org.apache.commons.mail;org.apache.commons.mail.SendWithAttachmentsTest;SendWithAttachmentsTest;1;0;0;0;1;BaseEmailTestCase;0;0;Method;testSendNoAttachments;1;0;0;0;0;1;0;0;0;;0;0;0;0;0;0;0;3;0;1;0;0;3;3;3;3.0;0;0;0;0;0;0;0;3;0;0;0;0;3;0;3;0;java.net.MalformedURLException:java.io.IOException:Exception;0;0;0;0;0;0;0;0;0;0;0;0;0;0;0;0;org.apache.commons.mail.SendWithAttachmentsTest#public#testSendNoAttachments();
\src\test\org\apache\commons\mail\SendWithAttachmentsTest.java;org.apache.commons.mail;org.apache.commons.mail.SendWithAttachmentsTest;SendWithAttachmentsTest;1;0;0;0;1;BaseEmailTestCase;0;0;Method;testSendWAttachments;1;0;0;0;0;1;0;0;0;;0;0;0;0;0;0;0;4;0;2;0;0;4;1;3;2.0;0;0;0;0;0;0;0;4;0;0;0;0;4;0;4;0;java.io.IOException:java.net.MalformedURLException:Exception;0;0;0;0;0;0;0;0;0;0;0;0;0;0;0;0;org.apache.commons.mail.SendWithAttachmentsTest#public#testSendWAttachments();
\src\test\org\apache\commons\mail\EmailTest.java;org.apache.commons.mail;org.apache.commons.mail.EmailTest;EmailTest;1;0;0;0;1;BaseEmailTestCase;0;0;Constructor;EmailTest;1;0;0;0;0;0;0;1;0;;0;0;0;0;0;0;0;0;0;0;0;0;0;0;0;0.0;0;0;0;0;0;0;0;0;0;0;0;0;0;0;0;0;;0;0;0;0;0;0;0;0;0;0;0;0;0;0;0;0;org.apache.commons.mail.EmailTest#public#EmailTest(String);
\src\test\org\apache\commons\mail\EmailTest.java;org.apache.commons.mail;org.apache.commons.mail.EmailTest;EmailTest;1;0;0;0;1;BaseEmailTestCase;0;0;Method;setUp;1;0;0;0;0;0;1;0;0;;0;0;0;0;0;0;0;0;0;0;0;0;0;0;0;0.0;0;0;0;0;0;0;0;0;0;0;0;0;0;0;0;0;;0;0;0;0;0;0;0;0;0;0;0;0;0;0;0;0;org.apache.commons.mail.EmailTest#public#setUp();
\src\test\org\apache\commons\mail\EmailTest.java;org.apache.commons.mail;org.apache.commons.mail.EmailTest;EmailTest;1;0;0;0;1;BaseEmailTestCase;0;0;Method;testGetSetDebug;1;0;0;0;0;1;0;0;0;;0;0;1;0;0;0;1;0;0;0;0;0;0;0;0;0.0;0;0;0;0;0;0;0;0;0;0;0;0;0;0;0;0;;0;0;0;0;0;0;0;0;0;0;0;0;0;0;0;0;org.apache.commons.mail.EmailTest#public#testGetSetDebug();
\src\test\org\apache\commons\mail\EmailTest.java;org.apache.commons.mail;org.apache.commons.mail.EmailTest;EmailTest;1;0;0;0;1;BaseEmailTestCase;0;0;Method;testGetSetSession;1;0;0;0;0;1;0;0;1;Exception:;0;0;0;0;0;0;1;0;0;0;0;0;0;0;0;0.0;0;0;0;0;0;0;0;0;0;0;0;0;0;0;0;0;;0;0;0;0;0;0;0;0;0;0;0;0;0;0;0;0;org.apache.commons.mail.EmailTest#public#testGetSetSession()Exception;
\src\test\org\apache\commons\mail\EmailTest.java;org.apache.commons.mail;org.apache.commons.mail.EmailTest;EmailTest;1;0;0;0;1;BaseEmailTestCase;0;0;Method;testGetSetAuthentication;1;0;0;0;0;1;0;0;0;;0;0;0;0;0;0;3;0;0;0;0;0;0;0;0;0.0;0;0;0;0;0;0;0;0;0;0;0;0;0;0;0;0;;0;0;0;0;0;0;0;0;0;0;0;0;0;0;0;0;org.apache.commons.mail.EmailTest#public#testGetSetAuthentication();
\src\test\org\apache\commons\mail\EmailTest.java;org.apache.commons.mail;org.apache.commons.mail.EmailTest;EmailTest;1;0;0;0;1;BaseEmailTestCase;0;0;Method;testGetSetAuthenticator;1;0;0;0;0;1;0;0;0;;0;0;0;0;0;0;3;0;0;0;0;0;0;0;0;0.0;0;0;0;0;0;0;0;0;0;0;0;0;0;0;0;0;;0;0;0;0;0;0;0;0;0;0;0;0;0;0;0;0;org.apache.commons.mail.EmailTest#public#testGetSetAuthenticator();
\src\test\org\apache\commons\mail\EmailTest.java;org.apache.commons.mail;org.apache.commons.mail.EmailTest;EmailTest;1;0;0;0;1;BaseEmailTestCase;0;0;Method;testGetSetCharset;1;0;0;0;0;1;0;0;0;;0;0;1;0;0;0;1;0;0;0;0;0;0;0;0;0.0;0;0;0;0;0;0;0;0;0;0;0;0;0;0;0;0;;0;0;0;0;0;0;0;0;0;0;0;0;0;0;0;0;org.apache.commons.mail.EmailTest#public#testGetSetCharset();
\src\test\org\apache\commons\mail\EmailTest.java;org.apache.commons.mail;org.apache.commons.mail.EmailTest;EmailTest;1;0;0;0;1;BaseEmailTestCase;0;0;Method;testSetContentMimeMultipart;1;0;0;0;0;1;0;0;0;;0;0;1;0;0;0;1;0;0;0;0;0;0;0;0;0.0;0;0;0;0;0;0;0;0;0;0;0;0;0;0;0;0;;0;0;0;0;0;0;0;0;0;0;0;0;0;0;0;0;org.apache.commons.mail.EmailTest#public#testSetContentMimeMultipart();
\src\test\org\apache\commons\mail\EmailTest.java;org.apache.commons.mail;org.apache.commons.mail.EmailTest;EmailTest;1;0;0;0;1;BaseEmailTestCase;0;0;Method;testSetContentObject;1;0;0;0;0;1;0;0;0;;0;0;0;0;0;0;8;0;0;0;0;0;0;0;0;0.0;0;0;0;0;0;0;0;0;0;0;0;0;0;0;0;0;;0;0;0;0;0;0;0;0;0;0;0;0;0;0;0;0;org.apache.commons.mail.EmailTest#public#testSetContentObject();
\src\test\org\apache\commons\mail\EmailTest.java;org.apache.commons.mail;org.apache.commons.mail.EmailTest;EmailTest;1;0;0;0;1;BaseEmailTestCase;0;0;Method;testGetSetHostName;1;0;0;0;0;1;0;0;0;;0;0;1;0;0;0;1;0;0;0;0;0;0;0;0;0.0;0;0;0;0;0;0;0;0;0;0;0;0;0;0;0;0;;0;0;0;0;0;0;0;0;0;0;0;0;0;0;0;0;org.apache.commons.mail.EmailTest#public#testGetSetHostName();
\src\test\org\apache\commons\mail\EmailTest.java;org.apache.commons.mail;org.apache.commons.mail.EmailTest;EmailTest;1;0;0;0;1;BaseEmailTestCase;0;0;Method;testGetSetSmtpPort;1;0;0;0;0;1;0;0;0;;0;0;2;0;0;0;2;3;0;2;0;0;3;1;2;1.5;0;0;0;0;0;0;0;2;0;0;0;1;2;0;3;0;IllegalArgumentException:Exception;0;0;0;0;0;0;0;0;0;0;0;0;0;0;0;0;org.apache.commons.mail.EmailTest#public#testGetSetSmtpPort();
\src\test\org\apache\commons\mail\EmailTest.java;org.apache.commons.mail;org.apache.commons.mail.EmailTest;EmailTest;1;0;0;0;1;BaseEmailTestCase;0;0;Method;testSetFrom;1;0;0;0;0;1;0;0;1;Exception:;0;0;1;0;0;0;1;1;0;1;0;0;1;1;1;1.0;0;0;0;0;0;0;0;1;0;0;0;0;1;0;1;0;java.io.UnsupportedEncodingException;0;0;0;0;0;0;0;0;0;0;0;0;0;0;0;0;org.apache.commons.mail.EmailTest#public#testSetFrom()Exception;
\src\test\org\apache\commons\mail\EmailTest.java;org.apache.commons.mail;org.apache.commons.mail.EmailTest;EmailTest;1;0;0;0;1;BaseEmailTestCase;0;0;Method;testSetFromWithEnconding;1;0;0;0;0;1;0;0;1;Exception:;0;0;0;0;0;0;1;0;0;0;0;0;0;0;0;0.0;0;0;0;0;0;0;0;0;0;0;0;0;0;0;0;0;;0;0;0;0;0;0;0;0;0;0;0;0;0;0;0;0;org.apache.commons.mail.EmailTest#public#testSetFromWithEnconding()Exception;
\src\test\org\apache\commons\mail\EmailTest.java;org.apache.commons.mail;org.apache.commons.mail.EmailTest;EmailTest;1;0;0;0;1;BaseEmailTestCase;0;0;Method;testSetFrom2;1;0;0;0;0;1;0;0;1;Exception:;0;0;1;0;0;0;2;3;0;2;0;0;3;1;2;1.5;0;0;0;0;0;0;0;2;0;0;0;1;2;0;3;0;java.io.UnsupportedEncodingException:EmailException:Exception;0;0;0;0;0;0;0;0;0;0;0;0;0;0;0;0;org.apache.commons.mail.EmailTest#public#testSetFrom2()Exception;
\src\test\org\apache\commons\mail\EmailTest.java;org.apache.commons.mail;org.apache.commons.mail.EmailTest;EmailTest;1;0;0;0;1;BaseEmailTestCase;0;0;Method;testAddTo;1;0;0;0;0;1;0;0;0;;0;0;1;0;0;0;2;2;0;2;0;0;2;1;1;1.0;0;0;0;0;0;0;0;2;0;0;0;0;2;0;2;0;java.io.UnsupportedEncodingException:EmailException;0;0;0;0;0;0;0;0;0;0;0;0;0;0;0;0;org.apache.commons.mail.EmailTest#public#testAddTo();
\src\test\org\apache\commons\mail\EmailTest.java;org.apache.commons.mail;org.apache.commons.mail.EmailTest;EmailTest;1;0;0;0;1;BaseEmailTestCase;0;0;Method;testAddToWithEncoding;1;0;0;0;0;1;0;0;0;;0;0;1;0;0;0;2;2;0;2;0;0;2;1;1;1.0;0;0;0;0;0;0;0;2;0;0;0;0;2;0;2;0;java.io.UnsupportedEncodingException:EmailException;0;0;0;0;0;0;0;0;0;0;0;0;0;0;0;0;org.apache.commons.mail.EmailTest#public#testAddToWithEncoding();
\src\test\org\apache\commons\mail\EmailTest.java;org.apache.commons.mail;org.apache.commons.mail.EmailTest;EmailTest;1;0;0;0;1;BaseEmailTestCase;0;0;Method;testAddTo2;1;0;0;0;0;1;0;0;0;;0;0;1;0;0;0;3;4;0;3;0;0;4;1;2;1.3333334;0;0;0;0;0;0;0;3;0;0;0;1;3;0;4;0;java.io.UnsupportedEncodingException:EmailException:Exception;0;0;0;0;0;0;0;0;0;0;0;0;0;0;0;0;org.apache.commons.mail.EmailTest#public#testAddTo2();
\src\test\org\apache\commons\mail\EmailTest.java;org.apache.commons.mail;org.apache.commons.mail.EmailTest;EmailTest;1;0;0;0;1;BaseEmailTestCase;0;0;Method;testSetTo;1;0;0;0;0;1;0;0;0;;0;0;0;0;0;0;4;6;0;4;0;0;6;1;2;1.5;0;0;0;0;0;0;0;4;0;0;0;2;4;0;6;0;java.io.UnsupportedEncodingException:EmailException:Exception;0;0;0;0;0;0;0;0;0;0;0;0;0;0;0;0;org.apache.commons.mail.EmailTest#public#testSetTo();
\src\test\org\apache\commons\mail\EmailTest.java;org.apache.commons.mail;org.apache.commons.mail.EmailTest;EmailTest;1;0;0;0;1;BaseEmailTestCase;0;0;Method;testAddCc;1;0;0;0;0;1;0;0;0;;0;0;1;0;0;0;2;2;0;2;0;0;2;1;1;1.0;0;0;0;0;0;0;0;2;0;0;0;0;2;0;2;0;java.io.UnsupportedEncodingException:EmailException;0;0;0;0;0;0;0;0;0;0;0;0;0;0;0;0;org.apache.commons.mail.EmailTest#public#testAddCc();
\src\test\org\apache\commons\mail\EmailTest.java;org.apache.commons.mail;org.apache.commons.mail.EmailTest;EmailTest;1;0;0;0;1;BaseEmailTestCase;0;0;Method;testAddCcWithEncoding;1;0;0;0;0;1;0;0;0;;0;0;1;0;0;0;2;2;0;2;0;0;2;1;1;1.0;0;0;0;0;0;0;0;2;0;0;0;0;2;0;2;0;java.io.UnsupportedEncodingException:EmailException;0;0;0;0;0;0;0;0;0;0;0;0;0;0;0;0;org.apache.commons.mail.EmailTest#public#testAddCcWithEncoding();
\src\test\org\apache\commons\mail\EmailTest.java;org.apache.commons.mail;org.apache.commons.mail.EmailTest;EmailTest;1;0;0;0;1;BaseEmailTestCase;0;0;Method;testAddCc2;1;0;0;0;0;1;0;0;0;;0;0;1;0;0;0;3;4;0;3;0;0;4;1;2;1.3333334;0;0;0;0;0;0;0;3;0;0;0;1;3;0;4;0;java.io.UnsupportedEncodingException:EmailException:Exception;0;0;0;0;0;0;0;0;0;0;0;0;0;0;0;0;org.apache.commons.mail.EmailTest#public#testAddCc2();
\src\test\org\apache\commons\mail\EmailTest.java;org.apache.commons.mail;org.apache.commons.mail.EmailTest;EmailTest;1;0;0;0;1;BaseEmailTestCase;0;0;Method;testSetCc;1;0;0;0;0;1;0;0;0;;0;0;0;0;0;0;3;5;0;3;0;0;5;1;2;1.6666666;0;0;0;0;0;0;0;3;0;0;0;2;3;0;5;0;EmailException:Exception;0;0;0;0;0;0;0;0;0;0;0;0;0;0;0;0;org.apache.commons.mail.EmailTest#public#testSetCc();
\src\test\org\apache\commons\mail\EmailTest.java;org.apache.commons.mail;org.apache.commons.mail.EmailTest;EmailTest;1;0;0;0;1;BaseEmailTestCase;0;0;Method;testAddBcc;1;0;0;0;0;1;0;0;0;;0;0;1;0;0;0;2;2;0;2;0;0;2;1;1;1.0;0;0;0;0;0;0;0;2;0;0;0;0;2;0;2;0;java.io.UnsupportedEncodingException:EmailException;0;0;0;0;0;0;0;0;0;0;0;0;0;0;0;0;org.apache.commons.mail.EmailTest#public#testAddBcc();
\src\test\org\apache\commons\mail\EmailTest.java;org.apache.commons.mail;org.apache.commons.mail.EmailTest;EmailTest;1;0;0;0;1;BaseEmailTestCase;0;0;Method;testAddBccWithEncoding;1;0;0;0;0;1;0;0;0;;0;0;1;0;0;0;2;2;0;2;0;0;2;1;1;1.0;0;0;0;0;0;0;0;2;0;0;0;0;2;0;2;0;java.io.UnsupportedEncodingException:EmailException;0;0;0;0;0;0;0;0;0;0;0;0;0;0;0;0;org.apache.commons.mail.EmailTest#public#testAddBccWithEncoding();
\src\test\org\apache\commons\mail\EmailTest.java;org.apache.commons.mail;org.apache.commons.mail.EmailTest;EmailTest;1;0;0;0;1;BaseEmailTestCase;0;0;Method;testAddBcc2;1;0;0;0;0;1;0;0;0;;0;0;1;0;0;0;3;4;0;3;0;0;4;1;2;1.3333334;0;0;0;0;0;0;0;3;0;0;0;1;3;0;4;0;java.io.UnsupportedEncodingException:EmailException:Exception;0;0;0;0;0;0;0;0;0;0;0;0;0;0;0;0;org.apache.commons.mail.EmailTest#public#testAddBcc2();
\src\test\org\apache\commons\mail\EmailTest.java;org.apache.commons.mail;org.apache.commons.mail.EmailTest;EmailTest;1;0;0;0;1;BaseEmailTestCase;0;0;Method;testSetBcc;1;0;0;0;0;1;0;0;0;;0;0;0;0;0;0;3;6;0;4;0;0;6;1;2;1.5;0;0;0;0;0;0;0;4;0;0;0;2;4;0;6;0;java.io.UnsupportedEncodingException:EmailException:Exception;0;0;0;0;0;0;0;0;0;0;0;0;0;0;0;0;org.apache.commons.mail.EmailTest#public#testSetBcc();
\src\test\org\apache\commons\mail\EmailTest.java;org.apache.commons.mail;org.apache.commons.mail.EmailTest;EmailTest;1;0;0;0;1;BaseEmailTestCase;0;0;Method;testAddReplyTo;1;0;0;0;0;1;0;0;0;;0;0;1;0;0;0;2;2;0;2;0;0;2;1;1;1.0;0;0;0;0;0;0;0;2;0;0;0;0;2;0;2;0;java.io.UnsupportedEncodingException:EmailException;0;0;0;0;0;0;0;0;0;0;0;0;0;0;0;0;org.apache.commons.mail.EmailTest#public#testAddReplyTo();
\src\test\org\apache\commons\mail\EmailTest.java;org.apache.commons.mail;org.apache.commons.mail.EmailTest;EmailTest;1;0;0;0;1;BaseEmailTestCase;0;0;Method;testAddReplyToWithEncoding;1;0;0;0;0;1;0;0;0;;0;0;1;0;0;0;2;2;0;2;0;0;2;1;1;1.0;0;0;0;0;0;0;0;2;0;0;0;0;2;0;2;0;java.io.UnsupportedEncodingException:EmailException;0;0;0;0;0;0;0;0;0;0;0;0;0;0;0;0;org.apache.commons.mail.EmailTest#public#testAddReplyToWithEncoding();
\src\test\org\apache\commons\mail\EmailTest.java;org.apache.commons.mail;org.apache.commons.mail.EmailTest;EmailTest;1;0;0;0;1;BaseEmailTestCase;0;0;Method;testAddReplyTo2;1;0;0;0;0;1;0;0;0;;0;0;1;0;0;0;3;4;0;3;0;0;4;1;2;1.3333334;0;0;0;0;0;0;0;3;0;0;0;1;3;0;4;0;java.io.UnsupportedEncodingException:EmailException:Exception;0;0;0;0;0;0;0;0;0;0;0;0;0;0;0;0;org.apache.commons.mail.EmailTest#public#testAddReplyTo2();
\src\test\org\apache\commons\mail\EmailTest.java;org.apache.commons.mail;org.apache.commons.mail.EmailTest;EmailTest;1;0;0;0;1;BaseEmailTestCase;0;0;Method;testAddHeader;1;0;0;0;0;1;0;0;0;;0;1;0;0;0;0;2;0;0;0;0;0;0;0;0;0.0;0;0;0;0;0;0;0;0;0;0;0;0;0;0;0;0;;0;0;0;0;0;0;0;0;0;0;0;0;0;0;0;0;org.apache.commons.mail.EmailTest#public#testAddHeader();
\src\test\org\apache\commons\mail\EmailTest.java;org.apache.commons.mail;org.apache.commons.mail.EmailTest;EmailTest;1;0;0;0;1;BaseEmailTestCase;0;0;Method;testAddHeaderEx;1;0;0;0;0;1;0;0;0;;0;1;0;0;0;0;3;1;0;1;0;0;1;1;1;1.0;0;0;0;0;0;0;0;0;0;0;0;1;0;0;1;0;IllegalArgumentException;0;0;0;0;0;0;0;0;0;0;0;0;0;0;0;0;org.apache.commons.mail.EmailTest#public#testAddHeaderEx();
\src\test\org\apache\commons\mail\EmailTest.java;org.apache.commons.mail;org.apache.commons.mail.EmailTest;EmailTest;1;0;0;0;1;BaseEmailTestCase;0;0;Method;testSetHeaders;1;0;0;0;0;1;0;0;0;;0;0;0;0;0;0;2;0;0;0;0;0;0;0;0;0.0;0;0;0;0;0;0;0;0;0;0;0;0;0;0;0;0;;0;0;0;0;0;0;0;0;0;0;0;0;0;0;0;0;org.apache.commons.mail.EmailTest#public#testSetHeaders();
\src\test\org\apache\commons\mail\EmailTest.java;org.apache.commons.mail;org.apache.commons.mail.EmailTest;EmailTest;1;0;0;0;1;BaseEmailTestCase;0;0;Method;testSetHeadersEx;1;0;0;0;0;1;0;0;0;;0;0;0;0;0;0;6;2;0;2;0;0;2;1;1;1.0;0;0;0;0;0;0;0;0;0;0;0;2;0;0;2;0;IllegalArgumentException;0;0;0;0;0;0;0;0;0;0;0;0;0;0;0;0;org.apache.commons.mail.EmailTest#public#testSetHeadersEx();
\src\test\org\apache\commons\mail\EmailTest.java;org.apache.commons.mail;org.apache.commons.mail.EmailTest;EmailTest;1;0;0;0;1;BaseEmailTestCase;0;0;Method;testSetSubject;1;0;0;0;0;1;0;0;0;;0;0;1;0;0;0;1;0;0;0;0;0;0;0;0;0.0;0;0;0;0;0;0;0;0;0;0;0;0;0;0;0;0;;0;0;0;0;0;0;0;0;0;0;0;0;0;0;0;0;org.apache.commons.mail.EmailTest#public#testSetSubject();
\src\test\org\apache\commons\mail\EmailTest.java;org.apache.commons.mail;org.apache.commons.mail.EmailTest;EmailTest;1;0;0;0;1;BaseEmailTestCase;0;0;Method;testSendEx;1;0;0;0;0;1;0;0;0;;0;0;0;0;0;0;6;10;0;5;0;0;10;2;2;2.0;0;0;0;0;0;0;0;5;0;0;0;5;5;0;10;0;EmailException:Exception;0;0;0;0;0;0;0;0;0;0;0;0;0;0;0;0;org.apache.commons.mail.EmailTest#public#testSendEx();
\src\test\org\apache\commons\mail\EmailTest.java;org.apache.commons.mail;org.apache.commons.mail.EmailTest;EmailTest;1;0;0;0;1;BaseEmailTestCase;0;0;Method;testGetSetSentDate;1;0;0;0;0;1;0;0;0;;0;0;0;0;0;0;2;0;0;0;0;0;0;0;0;0.0;0;0;0;0;0;0;0;0;0;0;0;0;0;0;0;0;;0;0;0;0;0;0;0;0;0;0;0;0;0;0;0;0;org.apache.commons.mail.EmailTest#public#testGetSetSentDate();
\src\test\org\apache\commons\mail\EmailTest.java;org.apache.commons.mail;org.apache.commons.mail.EmailTest;EmailTest;1;0;0;0;1;BaseEmailTestCase;0;0;Method;testToInternetAddressArray;1;0;0;0;0;1;0;0;0;;0;0;0;0;0;0;1;2;0;1;0;0;2;2;2;2.0;0;0;0;0;0;0;0;2;0;0;0;0;2;0;2;0;java.io.UnsupportedEncodingException:EmailException;0;0;0;0;0;0;0;0;0;0;0;0;0;0;0;0;org.apache.commons.mail.EmailTest#public#testToInternetAddressArray();
\src\test\org\apache\commons\mail\EmailTest.java;org.apache.commons.mail;org.apache.commons.mail.EmailTest;EmailTest;1;0;0;0;1;BaseEmailTestCase;0;0;Method;testSetPopBeforeSmtp;1;0;0;0;0;1;0;0;0;;0;0;0;0;0;0;4;0;0;0;0;0;0;0;0;0.0;0;0;0;0;0;0;0;0;0;0;0;0;0;0;0;0;;0;0;0;0;0;0;0;0;0;0;0;0;0;0;0;0;org.apache.commons.mail.EmailTest#public#testSetPopBeforeSmtp();
\src\java\org\apache\commons\mail\ByteArrayDataSource.java;org.apache.commons.mail;org.apache.commons.mail.ByteArrayDataSource;ByteArrayDataSource;1;0;0;0;0;null;1;0;Constructor;ByteArrayDataSource;1;0;0;0;0;0;0;2;1;java.io.IOException:;0;0;0;1;0;0;0;0;1;1;0;0;1;1;1;1.0;0;0;0;0;0;0;0;0;0;0;0;0;0;0;1;0;java.io.IOException;0;0;0;1;0;1;0;1;0;0;0;0;0;0;1;0;org.apache.commons.mail.ByteArrayDataSource#public#ByteArrayDataSource(byte[]#String)IOException;
\src\java\org\apache\commons\mail\ByteArrayDataSource.java;org.apache.commons.mail;org.apache.commons.mail.ByteArrayDataSource;ByteArrayDataSource;1;0;0;0;0;null;1;0;Constructor;ByteArrayDataSource;1;0;0;0;0;0;0;2;1;java.io.IOException:;0;0;0;0;0;0;0;0;0;0;0;0;0;0;0;0.0;0;0;0;0;0;0;0;0;0;0;0;0;0;0;0;0;;0;0;0;0;0;0;0;0;0;0;0;0;0;0;0;0;org.apache.commons.mail.ByteArrayDataSource#public#ByteArrayDataSource(InputStream#String)IOException;
\src\java\org\apache\commons\mail\ByteArrayDataSource.java;org.apache.commons.mail;org.apache.commons.mail.ByteArrayDataSource;ByteArrayDataSource;1;0;0;0;0;null;1;0;Constructor;ByteArrayDataSource;1;0;0;0;0;0;0;2;1;java.io.IOException:;0;0;0;1;0;0;0;0;1;1;0;0;1;1;1;1.0;0;0;0;0;0;0;0;0;0;0;0;0;0;0;1;0;java.io.UnsupportedEncodingException;1;0;1;0;0;1;0;1;0;0;0;0;0;0;2;0;org.apache.commons.mail.ByteArrayDataSource#public#ByteArrayDataSource(String#String)IOException;
\src\java\org\apache\commons\mail\ByteArrayDataSource.java;org.apache.commons.mail;org.apache.commons.mail.ByteArrayDataSource;ByteArrayDataSource;1;0;0;0;0;null;1;0;Method;byteArrayDataSource;1;0;0;0;0;0;0;2;1;java.io.IOException:;0;1;0;3;0;0;0;0;1;1;0;0;1;1;1;1.0;0;0;0;0;0;0;0;0;0;0;0;0;0;0;1;0;java.io.IOException;0;0;0;1;0;1;0;1;0;0;0;0;0;0;1;0;org.apache.commons.mail.ByteArrayDataSource#public#byteArrayDataSource(InputStream#String)IOException;
\src\java\org\apache\commons\mail\ByteArrayDataSource.java;org.apache.commons.mail;org.apache.commons.mail.ByteArrayDataSource;ByteArrayDataSource;1;0;0;0;0;null;1;0;Method;getContentType;1;0;0;0;0;0;0;0;0;;0;0;0;0;0;0;0;0;0;0;0;0;0;0;0;0.0;0;0;0;0;0;0;0;0;0;0;0;0;0;0;0;0;;0;0;0;0;0;0;0;0;0;0;0;0;0;0;0;0;org.apache.commons.mail.ByteArrayDataSource#public#getContentType();
\src\java\org\apache\commons\mail\ByteArrayDataSource.java;org.apache.commons.mail;org.apache.commons.mail.ByteArrayDataSource;ByteArrayDataSource;1;0;0;0;0;null;1;0;Method;getInputStream;1;0;0;0;0;0;0;0;1;java.io.IOException:;0;0;0;1;0;0;0;0;1;0;0;0;0;0;0;0.0;0;0;0;0;0;0;0;0;0;0;0;0;0;0;0;0;;0;0;0;0;0;0;0;0;0;0;0;0;0;0;0;0;org.apache.commons.mail.ByteArrayDataSource#public#getInputStream()IOException;
\src\java\org\apache\commons\mail\ByteArrayDataSource.java;org.apache.commons.mail;org.apache.commons.mail.ByteArrayDataSource;ByteArrayDataSource;1;0;0;0;0;null;1;0;Method;getName;1;0;0;0;0;0;0;0;0;;0;0;0;0;0;0;0;0;0;0;0;0;0;0;0;0.0;0;0;0;0;0;0;0;0;0;0;0;0;0;0;0;0;;0;0;0;0;0;0;0;0;0;0;0;0;0;0;0;0;org.apache.commons.mail.ByteArrayDataSource#public#getName();
\src\java\org\apache\commons\mail\ByteArrayDataSource.java;org.apache.commons.mail;org.apache.commons.mail.ByteArrayDataSource;ByteArrayDataSource;1;0;0;0;0;null;1;0;Method;getOutputStream;1;0;0;0;0;0;0;0;0;;0;0;0;0;0;0;0;0;0;0;0;0;0;0;0;0.0;0;0;0;0;0;0;0;0;0;0;0;0;0;0;0;0;;0;0;0;0;0;0;0;0;0;0;0;0;0;0;0;0;org.apache.commons.mail.ByteArrayDataSource#public#getOutputStream();
\src\test\org\apache\commons\mail\EmailAttachmentTest.java;org.apache.commons.mail;org.apache.commons.mail.EmailAttachmentTest;EmailAttachmentTest;1;0;0;0;1;BaseEmailTestCase;0;0;Constructor;EmailAttachmentTest;1;0;0;0;0;0;0;1;0;;0;0;0;0;0;0;0;0;0;0;0;0;0;0;0;0.0;0;0;0;0;0;0;0;0;0;0;0;0;0;0;0;0;;0;0;0;0;0;0;0;0;0;0;0;0;0;0;0;0;org.apache.commons.mail.EmailAttachmentTest#public#EmailAttachmentTest(String);
\src\test\org\apache\commons\mail\EmailAttachmentTest.java;org.apache.commons.mail;org.apache.commons.mail.EmailAttachmentTest;EmailAttachmentTest;1;0;0;0;1;BaseEmailTestCase;0;0;Method;setUp;1;0;0;0;0;0;1;0;0;;0;0;0;0;0;0;0;0;0;0;0;0;0;0;0;0.0;0;0;0;0;0;0;0;0;0;0;0;0;0;0;0;0;;0;0;0;0;0;0;0;0;0;0;0;0;0;0;0;0;org.apache.commons.mail.EmailAttachmentTest#public#setUp();
\src\test\org\apache\commons\mail\EmailAttachmentTest.java;org.apache.commons.mail;org.apache.commons.mail.EmailAttachmentTest;EmailAttachmentTest;1;0;0;0;1;BaseEmailTestCase;0;0;Method;testGetSetDescription;1;0;0;0;0;1;0;0;0;;0;0;1;0;0;0;1;0;0;0;0;0;0;0;0;0.0;0;0;0;0;0;0;0;0;0;0;0;0;0;0;0;0;;0;0;0;0;0;0;0;0;0;0;0;0;0;0;0;0;org.apache.commons.mail.EmailAttachmentTest#public#testGetSetDescription();
\src\test\org\apache\commons\mail\EmailAttachmentTest.java;org.apache.commons.mail;org.apache.commons.mail.EmailAttachmentTest;EmailAttachmentTest;1;0;0;0;1;BaseEmailTestCase;0;0;Method;testGetSetName;1;0;0;0;0;1;0;0;0;;0;0;1;0;0;0;1;0;0;0;0;0;0;0;0;0.0;0;0;0;0;0;0;0;0;0;0;0;0;0;0;0;0;;0;0;0;0;0;0;0;0;0;0;0;0;0;0;0;0;org.apache.commons.mail.EmailAttachmentTest#public#testGetSetName();
\src\test\org\apache\commons\mail\EmailAttachmentTest.java;org.apache.commons.mail;org.apache.commons.mail.EmailAttachmentTest;EmailAttachmentTest;1;0;0;0;1;BaseEmailTestCase;0;0;Method;testGetSetPath;1;0;0;0;0;1;0;0;0;;0;0;1;0;0;0;1;0;0;0;0;0;0;0;0;0.0;0;0;0;0;0;0;0;0;0;0;0;0;0;0;0;0;;0;0;0;0;0;0;0;0;0;0;0;0;0;0;0;0;org.apache.commons.mail.EmailAttachmentTest#public#testGetSetPath();
\src\test\org\apache\commons\mail\EmailAttachmentTest.java;org.apache.commons.mail;org.apache.commons.mail.EmailAttachmentTest;EmailAttachmentTest;1;0;0;0;1;BaseEmailTestCase;0;0;Method;testGetSetURL;1;0;0;0;0;1;0;0;0;;0;0;1;0;0;0;1;0;0;1;0;0;1;1;1;1.0;0;0;0;0;0;0;0;1;0;0;0;0;0;0;1;0;java.net.MalformedURLException;0;0;0;0;0;0;0;0;0;0;0;0;0;0;0;0;org.apache.commons.mail.EmailAttachmentTest#public#testGetSetURL();
\src\test\org\apache\commons\mail\EmailAttachmentTest.java;org.apache.commons.mail;org.apache.commons.mail.EmailAttachmentTest;EmailAttachmentTest;1;0;0;0;1;BaseEmailTestCase;0;0;Method;testGetSetDisposition;1;0;0;0;0;1;0;0;0;;0;0;1;0;0;0;1;0;0;0;0;0;0;0;0;0.0;0;0;0;0;0;0;0;0;0;0;0;0;0;0;0;0;;0;0;0;0;0;0;0;0;0;0;0;0;0;0;0;0;org.apache.commons.mail.EmailAttachmentTest#public#testGetSetDisposition();
\src\java\org\apache\commons\mail\SimpleEmail.java;org.apache.commons.mail;org.apache.commons.mail.SimpleEmail;SimpleEmail;1;0;0;0;0;Email;0;0;Method;setMsg;1;0;0;0;0;0;0;1;1;EmailException:;0;0;0;1;0;0;0;0;1;0;0;0;0;0;0;0.0;0;0;0;0;0;0;0;0;0;0;0;0;0;0;0;0;;0;0;0;0;0;0;0;0;0;0;0;0;0;0;0;0;org.apache.commons.mail.SimpleEmail#public#setMsg(String)EmailException;
\src\test\org\apache\commons\mail\BaseEmailTestCase.java;org.apache.commons.mail;org.apache.commons.mail.BaseEmailTestCase;BaseEmailTestCase;1;0;0;1;1;TestCase;0;0;Method;getMailServerPort;1;0;0;0;0;0;1;0;0;;0;0;0;0;0;0;0;0;0;0;0;0;0;0;0;0.0;0;0;0;0;0;0;0;0;0;0;0;0;0;0;0;0;;0;0;0;0;0;0;0;0;0;0;0;0;0;0;0;0;org.apache.commons.mail.BaseEmailTestCase#public#getMailServerPort();
\src\test\org\apache\commons\mail\BaseEmailTestCase.java;org.apache.commons.mail;org.apache.commons.mail.BaseEmailTestCase;BaseEmailTestCase;1;0;0;1;1;TestCase;0;0;Constructor;BaseEmailTestCase;1;0;0;0;0;0;0;1;0;;0;0;0;1;0;0;0;0;0;0;0;0;0;0;0;0.0;0;0;0;0;0;0;0;0;0;0;0;0;0;0;0;0;;0;0;0;0;0;0;0;0;0;0;0;0;0;0;0;0;org.apache.commons.mail.BaseEmailTestCase#public#BaseEmailTestCase(String);
\src\test\org\apache\commons\mail\BaseEmailTestCase.java;org.apache.commons.mail;org.apache.commons.mail.BaseEmailTestCase;BaseEmailTestCase;1;0;0;1;1;TestCase;0;0;Method;setUp;1;0;0;0;0;0;1;0;0;;0;0;0;0;0;0;0;0;0;0;0;0;0;0;0;0.0;0;0;0;0;0;0;0;0;0;0;0;0;0;0;0;0;;0;0;0;0;0;0;0;0;0;0;0;0;0;0;0;0;org.apache.commons.mail.BaseEmailTestCase#public#setUp();
\src\test\org\apache\commons\mail\BaseEmailTestCase.java;org.apache.commons.mail;org.apache.commons.mail.BaseEmailTestCase;BaseEmailTestCase;1;0;0;1;1;TestCase;0;0;Method;tearDown;1;0;0;0;0;0;1;0;0;;0;0;0;1;0;0;1;0;0;0;0;0;0;0;0;0.0;0;0;0;0;0;0;0;0;0;0;0;0;0;0;0;0;;0;0;0;0;0;0;0;0;0;0;0;0;0;0;0;0;org.apache.commons.mail.BaseEmailTestCase#public#tearDown();
\src\test\org\apache\commons\mail\BaseEmailTestCase.java;org.apache.commons.mail;org.apache.commons.mail.BaseEmailTestCase;BaseEmailTestCase;1;0;0;1;1;TestCase;0;0;Method;saveEmailToFile;1;0;0;0;0;0;1;1;1;java.io.IOException:;0;0;0;0;0;0;0;0;0;0;0;0;0;0;0;0.0;0;0;0;0;0;0;0;0;0;0;0;0;0;0;0;0;;0;0;0;0;0;0;0;0;0;0;0;0;0;0;0;0;org.apache.commons.mail.BaseEmailTestCase#public#saveEmailToFile(SmtpMessage)IOException;
\src\test\org\apache\commons\mail\BaseEmailTestCase.java;org.apache.commons.mail;org.apache.commons.mail.BaseEmailTestCase;BaseEmailTestCase;1;0;0;1;1;TestCase;0;0;Method;getMessageAsString;1;0;0;0;0;0;1;1;0;;0;0;1;1;0;0;1;1;0;0;0;0;0;0;0;0.0;0;0;0;0;0;0;0;0;0;0;0;0;0;0;0;0;;0;0;0;0;0;0;0;0;0;0;0;0;0;0;0;0;org.apache.commons.mail.BaseEmailTestCase#public#getMessageAsString(int);
\src\test\org\apache\commons\mail\BaseEmailTestCase.java;org.apache.commons.mail;org.apache.commons.mail.BaseEmailTestCase;BaseEmailTestCase;1;0;0;1;1;TestCase;0;0;Method;getMailServer;1;0;0;0;0;0;1;0;0;;0;1;0;3;0;0;1;1;0;0;0;0;0;0;0;0.0;0;0;0;0;0;0;0;0;0;0;0;0;0;0;0;0;;0;0;0;0;0;0;0;0;0;0;0;0;0;0;0;0;org.apache.commons.mail.BaseEmailTestCase#public#getMailServer();
\src\test\org\apache\commons\mail\BaseEmailTestCase.java;org.apache.commons.mail;org.apache.commons.mail.BaseEmailTestCase;BaseEmailTestCase;1;0;0;1;1;TestCase;0;0;Method;validateSend;1;0;0;0;0;0;1;7;1;java.io.IOException:;0;0;0;3;0;0;6;0;0;0;0;0;0;0;0;0.0;0;0;0;0;0;0;0;0;0;0;0;0;0;0;0;0;;0;0;0;0;0;0;0;0;0;0;0;0;0;0;0;0;org.apache.commons.mail.BaseEmailTestCase#public#validateSend(SimpleSmtpServer#String#InternetAddress#List#List#List#boolean)IOException;
\src\test\org\apache\commons\mail\BaseEmailTestCase.java;org.apache.commons.mail;org.apache.commons.mail.BaseEmailTestCase;BaseEmailTestCase;1;0;0;1;1;TestCase;0;0;Method;validateSend;1;0;0;0;0;0;1;8;1;java.io.IOException:;0;0;0;0;0;0;1;0;0;0;0;0;0;0;0;0.0;0;0;0;0;0;0;0;0;0;0;0;0;0;0;0;0;;0;0;0;0;0;0;0;0;0;0;0;0;0;0;0;0;org.apache.commons.mail.BaseEmailTestCase#public#validateSend(SimpleSmtpServer#String#Multipart#InternetAddress#List#List#List#boolean)IOException;
\src\test\org\apache\commons\mail\BaseEmailTestCase.java;org.apache.commons.mail;org.apache.commons.mail.BaseEmailTestCase;BaseEmailTestCase;1;0;0;1;1;TestCase;0;0;Method;validateSend;1;0;0;0;0;0;1;8;1;java.io.IOException:;0;0;0;0;0;0;1;0;0;0;0;0;0;0;0;0.0;0;0;0;0;0;0;0;0;0;0;0;0;0;0;0;0;;0;0;0;0;0;0;0;0;0;0;0;0;0;0;0;0;org.apache.commons.mail.BaseEmailTestCase#public#validateSend(SimpleSmtpServer#String#String#InternetAddress#List#List#List#boolean)IOException;
\src\test\org\apache\commons\mail\DefaultAuthenticatorTest.java;org.apache.commons.mail;org.apache.commons.mail.DefaultAuthenticatorTest;DefaultAuthenticatorTest;1;0;0;1;1;TestCase;0;0;Constructor;DefaultAuthenticatorTest;1;0;0;0;0;0;0;1;0;;0;0;0;0;0;0;0;0;0;0;0;0;0;0;0;0.0;0;0;0;0;0;0;0;0;0;0;0;0;0;0;0;0;;0;0;0;0;0;0;0;0;0;0;0;0;0;0;0;0;org.apache.commons.mail.DefaultAuthenticatorTest#public#DefaultAuthenticatorTest(String);
\src\test\org\apache\commons\mail\DefaultAuthenticatorTest.java;org.apache.commons.mail;org.apache.commons.mail.DefaultAuthenticatorTest;DefaultAuthenticatorTest;1;0;0;1;1;TestCase;0;0;Method;testDefaultAuthenticatorConstructor;1;0;0;0;0;1;0;0;0;;0;0;0;0;0;0;3;0;0;0;0;0;0;0;0;0.0;0;0;0;0;0;0;0;0;0;0;0;0;0;0;0;0;;0;0;0;0;0;0;0;0;0;0;0;0;0;0;0;0;org.apache.commons.mail.DefaultAuthenticatorTest#public#testDefaultAuthenticatorConstructor();
\src\java\org\apache\commons\mail\MultiPartEmail.java;org.apache.commons.mail;org.apache.commons.mail.MultiPartEmail;MultiPartEmail;1;0;0;0;0;Email;0;0;Method;setSubType;1;0;0;0;0;0;0;1;0;;0;0;0;0;0;0;0;0;0;0;0;0;0;0;0;0.0;0;0;0;0;0;0;0;0;0;0;0;0;0;0;0;0;;0;0;0;0;0;0;0;0;0;0;0;0;0;0;0;0;org.apache.commons.mail.MultiPartEmail#public#setSubType(String);
\src\java\org\apache\commons\mail\MultiPartEmail.java;org.apache.commons.mail;org.apache.commons.mail.MultiPartEmail;MultiPartEmail;1;0;0;0;0;Email;0;0;Method;getSubType;1;0;0;0;0;0;0;0;0;;0;0;0;0;0;0;0;0;0;0;0;0;0;0;0;0.0;0;0;0;0;0;0;0;0;0;0;0;0;0;0;0;0;;0;0;0;0;0;0;0;0;0;0;0;0;0;0;0;0;org.apache.commons.mail.MultiPartEmail#public#getSubType();
\src\java\org\apache\commons\mail\MultiPartEmail.java;org.apache.commons.mail;org.apache.commons.mail.MultiPartEmail;MultiPartEmail;1;0;0;0;0;Email;0;0;Method;addPart;1;0;0;0;0;0;0;2;1;EmailException:;0;0;0;0;0;0;0;0;1;1;0;0;1;1;1;1.0;0;0;0;0;0;0;0;0;0;0;0;0;0;0;1;0;javax.mail.MessagingException;1;0;1;0;0;0;0;0;0;0;0;0;0;0;2;0;org.apache.commons.mail.MultiPartEmail#public#addPart(String#String)EmailException;
\src\java\org\apache\commons\mail\MultiPartEmail.java;org.apache.commons.mail;org.apache.commons.mail.MultiPartEmail;MultiPartEmail;1;0;0;0;0;Email;0;0;Method;addPart;1;0;0;0;0;0;0;1;1;EmailException:;0;0;0;0;0;0;0;0;1;1;0;0;1;1;1;1.0;0;0;0;0;0;0;0;0;0;0;0;0;0;0;1;0;javax.mail.MessagingException;1;0;1;0;0;0;0;0;0;0;0;0;0;0;2;0;org.apache.commons.mail.MultiPartEmail#public#addPart(MimeMultipart)EmailException;
\src\java\org\apache\commons\mail\MultiPartEmail.java;org.apache.commons.mail;org.apache.commons.mail.MultiPartEmail;MultiPartEmail;1;0;0;0;0;Email;0;0;Method;addPart;1;0;0;0;0;0;0;2;1;EmailException:;0;0;0;0;0;0;0;0;1;1;0;0;1;1;1;1.0;0;0;0;0;0;0;0;0;0;0;0;0;0;0;1;0;javax.mail.MessagingException;1;0;1;0;0;0;0;0;0;0;0;0;0;0;2;0;org.apache.commons.mail.MultiPartEmail#public#addPart(MimeMultipart#int)EmailException;
\src\java\org\apache\commons\mail\MultiPartEmail.java;org.apache.commons.mail;org.apache.commons.mail.MultiPartEmail;MultiPartEmail;1;0;0;0;0;Email;0;0;Method;init;1;0;0;0;0;0;0;0;0;;0;0;0;1;0;0;0;0;1;0;0;0;0;0;0;0.0;0;0;0;0;0;0;0;0;0;0;0;0;0;0;0;0;;0;0;0;0;0;0;0;0;0;0;0;0;0;0;0;0;org.apache.commons.mail.MultiPartEmail#public#init();
\src\java\org\apache\commons\mail\MultiPartEmail.java;org.apache.commons.mail;org.apache.commons.mail.MultiPartEmail;MultiPartEmail;1;0;0;0;0;Email;0;0;Method;setMsg;1;0;0;0;0;0;0;1;1;EmailException:;0;0;0;2;0;0;0;0;2;1;0;0;1;1;1;1.0;0;0;0;0;0;0;0;0;0;0;0;0;0;0;1;0;javax.mail.MessagingException;1;0;1;0;0;0;0;0;0;0;0;0;0;0;2;0;org.apache.commons.mail.MultiPartEmail#public#setMsg(String)EmailException;
\src\java\org\apache\commons\mail\MultiPartEmail.java;org.apache.commons.mail;org.apache.commons.mail.MultiPartEmail;MultiPartEmail;1;0;0;0;0;Email;0;0;Method;buildMimeMessage;1;0;0;0;0;0;0;0;1;EmailException:;0;0;0;2;0;0;0;0;1;2;1;1;2;1;1;1.0;0;0;0;1;1;0;0;0;0;0;0;0;0;0;2;0;javax.mail.MessagingException:java.io.IOException;1;0;1;0;0;0;0;0;0;0;0;0;0;0;2;0;org.apache.commons.mail.MultiPartEmail#public#buildMimeMessage()EmailException;
\src\java\org\apache\commons\mail\MultiPartEmail.java;org.apache.commons.mail;org.apache.commons.mail.MultiPartEmail;MultiPartEmail;1;0;0;0;0;Email;0;0;Method;attach;1;0;0;0;0;0;0;1;1;EmailException:;0;0;0;3;0;0;0;0;3;1;0;0;1;1;1;1.0;0;0;0;0;0;0;0;0;0;0;0;0;0;0;1;0;Exception;1;0;1;0;0;0;0;0;0;0;0;0;0;1;2;0;org.apache.commons.mail.MultiPartEmail#public#attach(EmailAttachment)EmailException;
\src\java\org\apache\commons\mail\MultiPartEmail.java;org.apache.commons.mail;org.apache.commons.mail.MultiPartEmail;MultiPartEmail;1;0;0;0;0;Email;0;0;Method;attach;1;0;0;0;0;0;0;3;1;EmailException:;0;0;0;0;0;0;0;0;0;0;0;0;0;0;0;0.0;0;0;0;0;0;0;0;0;0;0;0;0;0;0;0;0;;0;0;0;0;0;0;0;0;0;0;0;0;0;0;0;0;org.apache.commons.mail.MultiPartEmail#public#attach(URL#String#String)EmailException;
\src\java\org\apache\commons\mail\MultiPartEmail.java;org.apache.commons.mail;org.apache.commons.mail.MultiPartEmail;MultiPartEmail;1;0;0;0;0;Email;0;0;Method;attach;1;0;0;0;0;0;0;4;1;EmailException:;0;0;0;0;0;0;0;0;1;1;0;0;1;1;1;1.0;0;0;0;0;0;0;0;0;0;0;0;0;0;0;1;0;java.io.IOException;1;0;1;0;0;0;0;0;0;0;0;0;0;0;2;0;org.apache.commons.mail.MultiPartEmail#public#attach(URL#String#String#String)EmailException;
\src\java\org\apache\commons\mail\MultiPartEmail.java;org.apache.commons.mail;org.apache.commons.mail.MultiPartEmail;MultiPartEmail;1;0;0;0;0;Email;0;0;Method;attach;1;0;0;0;0;0;0;3;1;EmailException:;0;0;0;1;0;0;0;0;2;1;0;0;1;1;1;1.0;0;0;0;0;0;0;0;0;0;0;0;0;0;0;1;0;java.io.IOException;1;0;1;0;0;0;0;0;0;0;0;0;0;1;2;0;org.apache.commons.mail.MultiPartEmail#public#attach(DataSource#String#String)EmailException;
\src\java\org\apache\commons\mail\MultiPartEmail.java;org.apache.commons.mail;org.apache.commons.mail.MultiPartEmail;MultiPartEmail;1;0;0;0;0;Email;0;0;Method;attach;1;0;0;0;0;0;0;4;1;EmailException:;0;0;0;1;0;0;0;0;1;1;0;0;1;1;1;1.0;0;0;0;0;0;0;0;0;0;0;0;0;0;0;1;0;javax.mail.MessagingException;1;0;1;0;0;0;0;0;0;0;0;0;0;0;2;0;org.apache.commons.mail.MultiPartEmail#public#attach(DataSource#String#String#String)EmailException;
\src\java\org\apache\commons\mail\MultiPartEmail.java;org.apache.commons.mail;org.apache.commons.mail.MultiPartEmail;MultiPartEmail;1;0;0;0;0;Email;0;0;Method;getPrimaryBodyPart;1;0;0;0;0;0;0;0;1;javax.mail.MessagingException:;0;0;0;2;0;0;0;0;0;0;0;0;0;0;0;0.0;0;0;0;0;0;0;0;0;0;0;0;0;0;0;0;0;;0;0;0;0;0;0;0;0;0;0;0;0;0;0;0;0;org.apache.commons.mail.MultiPartEmail#public#getPrimaryBodyPart()MessagingException;
\src\java\org\apache\commons\mail\MultiPartEmail.java;org.apache.commons.mail;org.apache.commons.mail.MultiPartEmail;MultiPartEmail;1;0;0;0;0;Email;0;0;Method;getContainer;1;0;0;0;0;0;0;0;0;;0;0;0;1;0;0;0;0;0;0;0;0;0;0;0;0.0;0;0;0;0;0;0;0;0;0;0;0;0;0;0;0;0;;0;0;0;0;0;0;0;0;0;0;0;0;0;0;0;0;org.apache.commons.mail.MultiPartEmail#public#getContainer();
\src\java\org\apache\commons\mail\MultiPartEmail.java;org.apache.commons.mail;org.apache.commons.mail.MultiPartEmail;MultiPartEmail;1;0;0;0;0;Email;0;0;Method;createBodyPart;1;0;0;0;0;0;0;0;0;;0;0;0;0;0;0;0;0;0;0;0;0;0;0;0;0.0;0;0;0;0;0;0;0;0;0;0;0;0;0;0;0;0;;0;0;0;0;0;0;0;0;0;0;0;0;0;0;0;0;org.apache.commons.mail.MultiPartEmail#public#createBodyPart();
\src\java\org\apache\commons\mail\MultiPartEmail.java;org.apache.commons.mail;org.apache.commons.mail.MultiPartEmail;MultiPartEmail;1;0;0;0;0;Email;0;0;Method;createMimeMultipart;1;0;0;0;0;0;0;0;0;;0;0;0;0;0;0;0;0;0;0;0;0;0;0;0;0.0;0;0;0;0;0;0;0;0;0;0;0;0;0;0;0;0;;0;0;0;0;0;0;0;0;0;0;0;0;0;0;0;0;org.apache.commons.mail.MultiPartEmail#public#createMimeMultipart();
\src\java\org\apache\commons\mail\MultiPartEmail.java;org.apache.commons.mail;org.apache.commons.mail.MultiPartEmail;MultiPartEmail;1;0;0;0;0;Email;0;0;Method;isBoolHasAttachments;1;0;0;0;0;0;0;0;0;;0;0;0;0;0;0;0;0;0;0;0;0;0;0;0;0.0;0;0;0;0;0;0;0;0;0;0;0;0;0;0;0;0;;0;0;0;0;0;0;0;0;0;0;0;0;0;0;0;0;org.apache.commons.mail.MultiPartEmail#public#isBoolHasAttachments();
\src\java\org\apache\commons\mail\MultiPartEmail.java;org.apache.commons.mail;org.apache.commons.mail.MultiPartEmail;MultiPartEmail;1;0;0;0;0;Email;0;0;Method;setBoolHasAttachments;1;0;0;0;0;0;0;1;0;;0;0;0;0;0;0;0;0;0;0;0;0;0;0;0;0.0;0;0;0;0;0;0;0;0;0;0;0;0;0;0;0;0;;0;0;0;0;0;0;0;0;0;0;0;0;0;0;0;0;org.apache.commons.mail.MultiPartEmail#public#setBoolHasAttachments(boolean);
\src\java\org\apache\commons\mail\MultiPartEmail.java;org.apache.commons.mail;org.apache.commons.mail.MultiPartEmail;MultiPartEmail;1;0;0;0;0;Email;0;0;Method;isInitialized;1;0;0;0;0;0;0;0;0;;0;0;0;0;0;0;0;0;0;0;0;0;0;0;0;0.0;0;0;0;0;0;0;0;0;0;0;0;0;0;0;0;0;;0;0;0;0;0;0;0;0;0;0;0;0;0;0;0;0;org.apache.commons.mail.MultiPartEmail#public#isInitialized();
\src\java\org\apache\commons\mail\MultiPartEmail.java;org.apache.commons.mail;org.apache.commons.mail.MultiPartEmail;MultiPartEmail;1;0;0;0;0;Email;0;0;Method;setInitialized;1;0;0;0;0;0;0;1;0;;0;0;0;0;0;0;0;0;0;0;0;0;0;0;0;0.0;0;0;0;0;0;0;0;0;0;0;0;0;0;0;0;0;;0;0;0;0;0;0;0;0;0;0;0;0;0;0;0;0;org.apache.commons.mail.MultiPartEmail#public#setInitialized(boolean);
\src\java\org\apache\commons\mail\Email.java;org.apache.commons.mail;org.apache.commons.mail.Email;Email;1;0;0;0;0;null;0;1;Method;setDebug;1;0;0;0;0;0;0;1;0;;0;0;0;0;0;0;0;0;0;0;0;0;0;0;0;0.0;0;0;0;0;0;0;0;0;0;0;0;0;0;0;0;0;;0;0;0;0;0;0;0;0;0;0;0;0;0;0;0;0;org.apache.commons.mail.Email#public#setDebug(boolean);
\src\java\org\apache\commons\mail\Email.java;org.apache.commons.mail;org.apache.commons.mail.Email;Email;1;0;0;0;0;null;0;1;Method;setAuthentication;1;0;0;0;0;0;0;2;0;;0;0;0;0;0;0;0;0;0;0;0;0;0;0;0;0.0;0;0;0;0;0;0;0;0;0;0;0;0;0;0;0;0;;0;0;0;0;0;0;0;0;0;0;0;0;0;0;0;0;org.apache.commons.mail.Email#public#setAuthentication(String#String);
\src\java\org\apache\commons\mail\Email.java;org.apache.commons.mail;org.apache.commons.mail.Email;Email;1;0;0;0;0;null;0;1;Method;setAuthenticator;1;0;0;0;0;0;0;1;0;;0;0;0;0;0;0;0;0;0;0;0;0;0;0;0;0.0;0;0;0;0;0;0;0;0;0;0;0;0;0;0;0;0;;0;0;0;0;0;0;0;0;0;0;0;0;0;0;0;0;org.apache.commons.mail.Email#public#setAuthenticator(Authenticator);
\src\java\org\apache\commons\mail\Email.java;org.apache.commons.mail;org.apache.commons.mail.Email;Email;1;0;0;0;0;null;0;1;Method;setCharset;1;0;0;0;0;0;0;1;0;;0;0;0;0;0;0;0;0;0;0;0;0;0;0;0;0.0;0;0;0;0;0;0;0;0;0;0;0;0;0;0;0;0;;0;0;0;0;0;0;0;0;0;0;0;0;0;0;0;0;org.apache.commons.mail.Email#public#setCharset(String);
\src\java\org\apache\commons\mail\Email.java;org.apache.commons.mail;org.apache.commons.mail.Email;Email;1;0;0;0;0;null;0;1;Method;setContent;1;0;0;0;0;0;0;1;0;;0;0;0;0;0;0;0;0;0;0;0;0;0;0;0;0.0;0;0;0;0;0;0;0;0;0;0;0;0;0;0;0;0;;0;0;0;0;0;0;0;0;0;0;0;0;0;0;0;0;org.apache.commons.mail.Email#public#setContent(MimeMultipart);
\src\java\org\apache\commons\mail\Email.java;org.apache.commons.mail;org.apache.commons.mail.Email;Email;1;0;0;0;0;null;0;1;Method;setContent;1;0;0;0;0;0;0;2;0;;0;0;0;3;0;0;0;0;0;0;0;0;0;0;0;0.0;0;0;0;0;0;0;0;0;0;0;0;0;0;0;0;0;;0;0;0;0;0;0;0;0;0;0;0;0;0;0;0;0;org.apache.commons.mail.Email#public#setContent(Object#String);
\src\java\org\apache\commons\mail\Email.java;org.apache.commons.mail;org.apache.commons.mail.Email;Email;1;0;0;0;0;null;0;1;Method;setHostName;1;0;0;0;0;0;0;1;0;;0;0;0;0;0;0;0;0;0;0;0;0;0;0;0;0.0;0;0;0;0;0;0;0;0;0;0;0;0;0;0;0;0;;0;0;0;0;0;0;0;0;0;0;0;0;0;0;0;0;org.apache.commons.mail.Email#public#setHostName(String);
\src\java\org\apache\commons\mail\Email.java;org.apache.commons.mail;org.apache.commons.mail.Email;Email;1;0;0;0;0;null;0;1;Method;setSmtpPort;1;0;0;0;0;0;0;1;0;;0;0;0;1;0;0;0;0;1;0;0;0;0;0;0;0.0;0;0;0;0;0;0;0;0;0;0;0;0;0;0;0;0;;0;0;0;0;0;0;0;0;0;0;0;0;0;0;0;0;org.apache.commons.mail.Email#public#setSmtpPort(int);
\src\java\org\apache\commons\mail\Email.java;org.apache.commons.mail;org.apache.commons.mail.Email;Email;1;0;0;0;0;null;0;1;Method;setMailSession;1;0;0;0;0;0;0;1;0;;0;0;0;0;0;0;0;0;0;0;0;0;0;0;0;0.0;0;0;0;0;0;0;0;0;0;0;0;0;0;0;0;0;;0;0;0;0;0;0;0;0;0;0;0;0;0;0;0;0;org.apache.commons.mail.Email#public#setMailSession(Session);
\src\java\org\apache\commons\mail\Email.java;org.apache.commons.mail;org.apache.commons.mail.Email;Email;1;0;0;0;0;null;0;1;Method;getMailSession;1;0;0;0;0;0;0;0;1;EmailException:;0;0;0;5;0;0;0;0;1;0;0;0;0;0;0;0.0;0;0;0;0;0;0;0;0;0;0;0;0;0;0;0;0;;0;0;0;0;0;0;0;0;0;0;0;0;0;0;0;0;org.apache.commons.mail.Email#public#getMailSession()EmailException;
\src\java\org\apache\commons\mail\Email.java;org.apache.commons.mail;org.apache.commons.mail.Email;Email;1;0;0;0;0;null;0;1;Method;createInternetAddress;1;0;0;0;0;0;0;2;1;EmailException:;0;0;0;2;0;0;0;0;1;1;0;0;1;1;1;1.0;0;0;0;0;0;0;0;0;0;0;0;0;0;0;1;0;Exception;1;0;1;0;0;0;0;0;0;0;0;0;0;0;2;0;org.apache.commons.mail.Email#public#createInternetAddress(String#String)EmailException;
\src\java\org\apache\commons\mail\Email.java;org.apache.commons.mail;org.apache.commons.mail.Email;Email;1;0;0;0;0;null;0;1;Method;setFrom;1;0;0;0;0;0;0;1;1;EmailException:;0;0;0;0;0;0;0;0;0;0;0;0;0;0;0;0.0;0;0;0;0;0;0;0;0;0;0;0;0;0;0;0;0;;0;0;0;0;0;0;0;0;0;0;0;0;0;0;0;0;org.apache.commons.mail.Email#public#setFrom(String)EmailException;
\src\java\org\apache\commons\mail\Email.java;org.apache.commons.mail;org.apache.commons.mail.Email;Email;1;0;0;0;0;null;0;1;Method;setFrom;1;0;0;0;0;0;0;2;1;EmailException:;0;0;0;0;0;0;0;0;0;0;0;0;0;0;0;0.0;0;0;0;0;0;0;0;0;0;0;0;0;0;0;0;0;;0;0;0;0;0;0;0;0;0;0;0;0;0;0;0;0;org.apache.commons.mail.Email#public#setFrom(String#String)EmailException;
\src\java\org\apache\commons\mail\Email.java;org.apache.commons.mail;org.apache.commons.mail.Email;Email;1;0;0;0;0;null;0;1;Method;addTo;1;0;0;0;0;0;0;1;1;EmailException:;0;0;0;0;0;0;0;0;0;0;0;0;0;0;0;0.0;0;0;0;0;0;0;0;0;0;0;0;0;0;0;0;0;;0;0;0;0;0;0;0;0;0;0;0;0;0;0;0;0;org.apache.commons.mail.Email#public#addTo(String)EmailException;
\src\java\org\apache\commons\mail\Email.java;org.apache.commons.mail;org.apache.commons.mail.Email;Email;1;0;0;0;0;null;0;1;Method;addTo;1;0;0;0;0;0;0;2;1;EmailException:;0;0;0;0;0;0;0;0;0;0;0;0;0;0;0;0.0;0;0;0;0;0;0;0;0;0;0;0;0;0;0;0;0;;0;0;0;0;0;0;0;0;0;0;0;0;0;0;0;0;org.apache.commons.mail.Email#public#addTo(String#String)EmailException;
\src\java\org\apache\commons\mail\Email.java;org.apache.commons.mail;org.apache.commons.mail.Email;Email;1;0;0;0;0;null;0;1;Method;setTo;1;0;0;0;0;0;0;1;1;EmailException:;0;0;0;1;0;0;0;0;1;0;0;0;0;0;0;0.0;0;0;0;0;0;0;0;0;0;0;0;0;0;0;0;0;;0;0;0;0;0;0;0;0;0;0;0;0;0;0;0;0;org.apache.commons.mail.Email#public#setTo(Collection)EmailException;
\src\java\org\apache\commons\mail\Email.java;org.apache.commons.mail;org.apache.commons.mail.Email;Email;1;0;0;0;0;null;0;1;Method;addCc;1;0;0;0;0;0;0;1;1;EmailException:;0;0;0;0;0;0;0;0;0;0;0;0;0;0;0;0.0;0;0;0;0;0;0;0;0;0;0;0;0;0;0;0;0;;0;0;0;0;0;0;0;0;0;0;0;0;0;0;0;0;org.apache.commons.mail.Email#public#addCc(String)EmailException;
\src\java\org\apache\commons\mail\Email.java;org.apache.commons.mail;org.apache.commons.mail.Email;Email;1;0;0;0;0;null;0;1;Method;addCc;1;0;0;0;0;0;0;2;1;EmailException:;0;0;0;0;0;0;0;0;0;0;0;0;0;0;0;0.0;0;0;0;0;0;0;0;0;0;0;0;0;0;0;0;0;;0;0;0;0;0;0;0;0;0;0;0;0;0;0;0;0;org.apache.commons.mail.Email#public#addCc(String#String)EmailException;
\src\java\org\apache\commons\mail\Email.java;org.apache.commons.mail;org.apache.commons.mail.Email;Email;1;0;0;0;0;null;0;1;Method;setCc;1;0;0;0;0;0;0;1;1;EmailException:;0;0;0;1;0;0;0;0;1;0;0;0;0;0;0;0.0;0;0;0;0;0;0;0;0;0;0;0;0;0;0;0;0;;0;0;0;0;0;0;0;0;0;0;0;0;0;0;0;0;org.apache.commons.mail.Email#public#setCc(Collection)EmailException;
\src\java\org\apache\commons\mail\Email.java;org.apache.commons.mail;org.apache.commons.mail.Email;Email;1;0;0;0;0;null;0;1;Method;addBcc;1;0;0;0;0;0;0;1;1;EmailException:;0;0;0;0;0;0;0;0;0;0;0;0;0;0;0;0.0;0;0;0;0;0;0;0;0;0;0;0;0;0;0;0;0;;0;0;0;0;0;0;0;0;0;0;0;0;0;0;0;0;org.apache.commons.mail.Email#public#addBcc(String)EmailException;
\src\java\org\apache\commons\mail\Email.java;org.apache.commons.mail;org.apache.commons.mail.Email;Email;1;0;0;0;0;null;0;1;Method;addBcc;1;0;0;0;0;0;0;2;1;EmailException:;0;0;0;0;0;0;0;0;0;0;0;0;0;0;0;0.0;0;0;0;0;0;0;0;0;0;0;0;0;0;0;0;0;;0;0;0;0;0;0;0;0;0;0;0;0;0;0;0;0;org.apache.commons.mail.Email#public#addBcc(String#String)EmailException;
\src\java\org\apache\commons\mail\Email.java;org.apache.commons.mail;org.apache.commons.mail.Email;Email;1;0;0;0;0;null;0;1;Method;setBcc;1;0;0;0;0;0;0;1;1;EmailException:;0;0;0;1;0;0;0;0;1;0;0;0;0;0;0;0.0;0;0;0;0;0;0;0;0;0;0;0;0;0;0;0;0;;0;0;0;0;0;0;0;0;0;0;0;0;0;0;0;0;org.apache.commons.mail.Email#public#setBcc(Collection)EmailException;
\src\java\org\apache\commons\mail\Email.java;org.apache.commons.mail;org.apache.commons.mail.Email;Email;1;0;0;0;0;null;0;1;Method;addReplyTo;1;0;0;0;0;0;0;1;1;EmailException:;0;0;0;0;0;0;0;0;0;0;0;0;0;0;0;0.0;0;0;0;0;0;0;0;0;0;0;0;0;0;0;0;0;;0;0;0;0;0;0;0;0;0;0;0;0;0;0;0;0;org.apache.commons.mail.Email#public#addReplyTo(String)EmailException;
\src\java\org\apache\commons\mail\Email.java;org.apache.commons.mail;org.apache.commons.mail.Email;Email;1;0;0;0;0;null;0;1;Method;addReplyTo;1;0;0;0;0;0;0;2;1;EmailException:;0;0;0;0;0;0;0;0;0;0;0;0;0;0;0;0.0;0;0;0;0;0;0;0;0;0;0;0;0;0;0;0;0;;0;0;0;0;0;0;0;0;0;0;0;0;0;0;0;0;org.apache.commons.mail.Email#public#addReplyTo(String#String)EmailException;
\src\java\org\apache\commons\mail\Email.java;org.apache.commons.mail;org.apache.commons.mail.Email;Email;1;0;0;0;0;null;0;1;Method;setHeaders;1;0;0;0;0;0;0;1;0;;0;1;0;2;0;0;0;0;2;0;0;0;0;0;0;0.0;0;0;0;0;0;0;0;0;0;0;0;0;0;0;0;0;;0;0;0;0;0;0;0;0;0;0;0;0;0;0;0;0;org.apache.commons.mail.Email#public#setHeaders(Map);
\src\java\org\apache\commons\mail\Email.java;org.apache.commons.mail;org.apache.commons.mail.Email;Email;1;0;0;0;0;null;0;1;Method;addHeader;1;0;0;0;0;0;0;2;0;;0;0;0;2;0;0;0;0;2;0;0;0;0;0;0;0.0;0;0;0;0;0;0;0;0;0;0;0;0;0;0;0;0;;0;0;0;0;0;0;0;0;0;0;0;0;0;0;0;0;org.apache.commons.mail.Email#public#addHeader(String#String);
\src\java\org\apache\commons\mail\Email.java;org.apache.commons.mail;org.apache.commons.mail.Email;Email;1;0;0;0;0;null;0;1;Method;setSubject;1;0;0;0;0;0;0;1;0;;0;0;0;0;0;0;0;0;0;0;0;0;0;0;0;0.0;0;0;0;0;0;0;0;0;0;0;0;0;0;0;0;0;;0;0;0;0;0;0;0;0;0;0;0;0;0;0;0;0;org.apache.commons.mail.Email#public#setSubject(String);
\src\java\org\apache\commons\mail\Email.java;org.apache.commons.mail;org.apache.commons.mail.Email;Email;1;0;0;0;0;null;0;1;Method;setBounceAddress;1;0;0;0;0;0;0;1;0;;0;0;0;0;0;0;0;0;0;0;0;0;0;0;0;0.0;0;0;0;0;0;0;0;0;0;0;0;0;0;0;0;0;;0;0;0;0;0;0;0;0;0;0;0;0;0;0;0;0;org.apache.commons.mail.Email#public#setBounceAddress(String);
\src\java\org\apache\commons\mail\Email.java;org.apache.commons.mail;org.apache.commons.mail.Email;Email;1;0;0;0;0;null;0;1;Method;buildMimeMessage;1;0;0;0;0;0;0;0;1;EmailException:;0;1;0;13;0;0;0;0;3;1;0;0;1;1;1;1.0;0;0;0;0;0;0;0;0;0;0;0;0;0;0;1;0;javax.mail.MessagingException;1;0;1;0;0;0;0;0;0;0;0;0;0;2;2;0;org.apache.commons.mail.Email#public#buildMimeMessage()EmailException;
\src\java\org\apache\commons\mail\Email.java;org.apache.commons.mail;org.apache.commons.mail.Email;Email;1;0;0;0;0;null;0;1;Method;sendMimeMessage;1;0;0;0;0;0;0;0;1;EmailException:;0;0;0;0;0;0;0;0;1;1;0;0;1;1;1;1.0;0;0;0;0;0;0;0;0;0;0;0;0;0;0;1;0;Throwable;1;0;1;0;0;0;0;0;0;0;0;0;0;0;2;0;org.apache.commons.mail.Email#public#sendMimeMessage()EmailException;
\src\java\org\apache\commons\mail\Email.java;org.apache.commons.mail;org.apache.commons.mail.Email;Email;1;0;0;0;0;null;0;1;Method;getMimeMessage;1;0;0;0;0;0;0;0;0;;0;0;0;0;0;0;0;0;0;0;0;0;0;0;0;0.0;0;0;0;0;0;0;0;0;0;0;0;0;0;0;0;0;;0;0;0;0;0;0;0;0;0;0;0;0;0;0;0;0;org.apache.commons.mail.Email#public#getMimeMessage();
\src\java\org\apache\commons\mail\Email.java;org.apache.commons.mail;org.apache.commons.mail.Email;Email;1;0;0;0;0;null;0;1;Method;send;1;0;0;0;0;0;0;0;1;EmailException:;0;0;0;0;0;0;0;0;0;0;0;0;0;0;0;0.0;0;0;0;0;0;0;0;0;0;0;0;0;0;0;0;0;;0;0;0;0;0;0;0;0;0;0;0;0;0;0;0;0;org.apache.commons.mail.Email#public#send()EmailException;
\src\java\org\apache\commons\mail\Email.java;org.apache.commons.mail;org.apache.commons.mail.Email;Email;1;0;0;0;0;null;0;1;Method;setSentDate;1;0;0;0;0;0;0;1;0;;0;0;0;0;0;0;0;0;0;0;0;0;0;0;0;0.0;0;0;0;0;0;0;0;0;0;0;0;0;0;0;0;0;;0;0;0;0;0;0;0;0;0;0;0;0;0;0;0;0;org.apache.commons.mail.Email#public#setSentDate(Date);
\src\java\org\apache\commons\mail\Email.java;org.apache.commons.mail;org.apache.commons.mail.Email;Email;1;0;0;0;0;null;0;1;Method;getSentDate;1;0;0;0;0;0;0;0;0;;0;0;0;1;0;0;0;0;0;0;0;0;0;0;0;0.0;0;0;0;0;0;0;0;0;0;0;0;0;0;0;0;0;;0;0;0;0;0;0;0;0;0;0;0;0;0;0;0;0;org.apache.commons.mail.Email#public#getSentDate();
\src\java\org\apache\commons\mail\Email.java;org.apache.commons.mail;org.apache.commons.mail.Email;Email;1;0;0;0;0;null;0;1;Method;getSubject;1;0;0;0;0;0;0;0;0;;0;0;0;0;0;0;0;0;0;0;0;0;0;0;0;0.0;0;0;0;0;0;0;0;0;0;0;0;0;0;0;0;0;;0;0;0;0;0;0;0;0;0;0;0;0;0;0;0;0;org.apache.commons.mail.Email#public#getSubject();
\src\java\org\apache\commons\mail\Email.java;org.apache.commons.mail;org.apache.commons.mail.Email;Email;1;0;0;0;0;null;0;1;Method;getFromAddress;1;0;0;0;0;0;0;0;0;;0;0;0;0;0;0;0;0;0;0;0;0;0;0;0;0.0;0;0;0;0;0;0;0;0;0;0;0;0;0;0;0;0;;0;0;0;0;0;0;0;0;0;0;0;0;0;0;0;0;org.apache.commons.mail.Email#public#getFromAddress();
\src\java\org\apache\commons\mail\Email.java;org.apache.commons.mail;org.apache.commons.mail.Email;Email;1;0;0;0;0;null;0;1;Method;getHostName;1;0;0;0;0;0;0;0;0;;0;0;0;0;0;0;0;0;0;0;0;0;0;0;0;0.0;0;0;0;0;0;0;0;0;0;0;0;0;0;0;0;0;;0;0;0;0;0;0;0;0;0;0;0;0;0;0;0;0;org.apache.commons.mail.Email#public#getHostName();
\src\java\org\apache\commons\mail\Email.java;org.apache.commons.mail;org.apache.commons.mail.Email;Email;1;0;0;0;0;null;0;1;Method;getSmtpPort;1;0;0;0;0;0;0;0;0;;0;0;0;0;0;0;0;0;0;0;0;0;0;0;0;0.0;0;0;0;0;0;0;0;0;0;0;0;0;0;0;0;0;;0;0;0;0;0;0;0;0;0;0;0;0;0;0;0;0;org.apache.commons.mail.Email#public#getSmtpPort();
\src\java\org\apache\commons\mail\Email.java;org.apache.commons.mail;org.apache.commons.mail.Email;Email;1;0;0;0;0;null;0;1;Method;toInternetAddressArray;1;0;0;0;0;0;0;1;0;;0;0;0;0;0;0;0;0;0;0;0;0;0;0;0;0.0;0;0;0;0;0;0;0;0;0;0;0;0;0;0;0;0;;0;0;0;0;0;0;0;0;0;0;0;0;0;0;0;0;org.apache.commons.mail.Email#public#toInternetAddressArray(List);
\src\java\org\apache\commons\mail\Email.java;org.apache.commons.mail;org.apache.commons.mail.Email;Email;1;0;0;0;0;null;0;1;Method;setPopBeforeSmtp;1;0;0;0;0;0;0;4;0;;0;0;0;0;0;0;0;0;0;0;0;0;0;0;0;0.0;0;0;0;0;0;0;0;0;0;0;0;0;0;0;0;0;;0;0;0;0;0;0;0;0;0;0;0;0;0;0;0;0;org.apache.commons.mail.Email#public#setPopBeforeSmtp(boolean#String#String#String);
\src\java\org\apache\commons\mail\EmailUtils.java;org.apache.commons.mail;org.apache.commons.mail.EmailUtils;EmailUtils;1;0;0;0;0;null;0;0;Constructor;EmailUtils;1;0;0;0;0;0;0;0;0;;0;0;0;0;0;0;0;0;0;0;0;0;0;0;0;0.0;0;0;0;0;0;0;0;0;0;0;0;0;0;0;0;0;;0;0;0;0;0;0;0;0;0;0;0;0;0;0;0;0;org.apache.commons.mail.EmailUtils#public#EmailUtils();
\src\java\org\apache\commons\mail\EmailUtils.java;org.apache.commons.mail;org.apache.commons.mail.EmailUtils;EmailUtils;1;0;0;0;0;null;0;0;Method;random;1;0;0;0;0;0;0;7;0;;0;1;0;6;0;0;0;0;1;0;0;0;0;0;0;0.0;0;0;0;0;0;0;0;0;0;0;0;0;0;0;0;0;;0;0;0;0;0;0;0;0;0;0;0;0;0;0;0;0;org.apache.commons.mail.EmailUtils#public#random(int#int#int#boolean#boolean#char []#Random);
\src\java\org\apache\commons\mail\EmailUtils.java;org.apache.commons.mail;org.apache.commons.mail.EmailUtils;EmailUtils;1;0;0;0;0;null;0;0;Method;isEmpty;0;0;0;1;0;0;0;1;0;;0;0;0;0;0;0;0;0;0;0;0;0;0;0;0;0.0;0;0;0;0;0;0;0;0;0;0;0;0;0;0;0;0;;0;0;0;0;0;0;0;0;0;0;0;0;0;0;0;0;org.apache.commons.mail.EmailUtils##isEmpty(String);
\src\java\org\apache\commons\mail\EmailUtils.java;org.apache.commons.mail;org.apache.commons.mail.EmailUtils;EmailUtils;1;0;0;0;0;null;0;0;Method;isNotEmpty;0;0;0;1;0;0;0;1;0;;0;0;0;0;0;0;0;0;0;0;0;0;0;0;0;0.0;0;0;0;0;0;0;0;0;0;0;0;0;0;0;0;0;;0;0;0;0;0;0;0;0;0;0;0;0;0;0;0;0;org.apache.commons.mail.EmailUtils##isNotEmpty(String);
\src\java\org\apache\commons\mail\EmailUtils.java;org.apache.commons.mail;org.apache.commons.mail.EmailUtils;EmailUtils;1;0;0;0;0;null;0;0;Method;notNull;0;0;0;1;0;0;0;2;0;;0;0;0;1;0;0;0;0;1;0;0;0;0;0;0;0.0;0;0;0;0;0;0;0;0;0;0;0;0;0;0;0;0;;0;0;0;0;0;0;0;0;0;0;0;0;0;0;0;0;org.apache.commons.mail.EmailUtils##notNull(Object#String);
\src\java\org\apache\commons\mail\EmailUtils.java;org.apache.commons.mail;org.apache.commons.mail.EmailUtils;EmailUtils;1;0;0;0;0;null;0;0;Method;randomAlphabetic;0;0;0;1;0;0;0;1;0;;0;0;0;0;0;0;0;0;0;0;0;0;0;0;0;0.0;0;0;0;0;0;0;0;0;0;0;0;0;0;0;0;0;;0;0;0;0;0;0;0;0;0;0;0;0;0;0;0;0;org.apache.commons.mail.EmailUtils##randomAlphabetic(int);
\src\test\org\apache\commons\mail\SimpleEmailTest.java;org.apache.commons.mail;org.apache.commons.mail.SimpleEmailTest;SimpleEmailTest;1;0;0;0;1;BaseEmailTestCase;0;0;Constructor;SimpleEmailTest;1;0;0;0;0;0;0;1;0;;0;0;0;0;0;0;0;0;0;0;0;0;0;0;0;0.0;0;0;0;0;0;0;0;0;0;0;0;0;0;0;0;0;;0;0;0;0;0;0;0;0;0;0;0;0;0;0;0;0;org.apache.commons.mail.SimpleEmailTest#public#SimpleEmailTest(String);
\src\test\org\apache\commons\mail\SimpleEmailTest.java;org.apache.commons.mail;org.apache.commons.mail.SimpleEmailTest;SimpleEmailTest;1;0;0;0;1;BaseEmailTestCase;0;0;Method;setUp;1;0;0;0;0;0;1;0;0;;0;0;0;0;0;0;0;0;0;0;0;0;0;0;0;0.0;0;0;0;0;0;0;0;0;0;0;0;0;0;0;0;0;;0;0;0;0;0;0;0;0;0;0;0;0;0;0;0;0;org.apache.commons.mail.SimpleEmailTest#public#setUp();
\src\test\org\apache\commons\mail\SimpleEmailTest.java;org.apache.commons.mail;org.apache.commons.mail.SimpleEmailTest;SimpleEmailTest;1;0;0;0;1;BaseEmailTestCase;0;0;Method;testGetSetMsg;1;0;0;0;0;1;0;0;0;;0;0;2;0;0;0;2;3;0;2;0;0;3;1;2;1.5;0;0;0;0;0;0;0;2;0;0;0;1;2;0;3;0;EmailException:Exception;0;0;0;0;0;0;0;0;0;0;0;0;0;0;0;0;org.apache.commons.mail.SimpleEmailTest#public#testGetSetMsg();
\src\test\org\apache\commons\mail\SimpleEmailTest.java;org.apache.commons.mail;org.apache.commons.mail.SimpleEmailTest;SimpleEmailTest;1;0;0;0;1;BaseEmailTestCase;0;0;Method;testSend;1;0;0;0;0;1;0;0;0;;0;0;0;1;0;0;0;2;0;1;0;0;2;2;2;2.0;0;0;0;0;0;0;0;2;0;0;0;0;2;0;2;0;java.io.IOException:Exception;0;0;0;0;0;0;0;0;0;0;0;0;0;0;0;0;org.apache.commons.mail.SimpleEmailTest#public#testSend();
\src\java\org\apache\commons\mail\HtmlEmail.java;org.apache.commons.mail;org.apache.commons.mail.HtmlEmail;HtmlEmail;1;0;0;0;0;MultiPartEmail;0;0;Method;setTextMsg;1;0;0;0;0;0;0;1;1;EmailException:;0;0;0;1;0;0;0;0;1;0;0;0;0;0;0;0.0;0;0;0;0;0;0;0;0;0;0;0;0;0;0;0;0;;0;0;0;0;0;0;0;0;0;0;0;0;0;0;0;0;org.apache.commons.mail.HtmlEmail#public#setTextMsg(String)EmailException;
\src\java\org\apache\commons\mail\HtmlEmail.java;org.apache.commons.mail;org.apache.commons.mail.HtmlEmail;HtmlEmail;1;0;0;0;0;MultiPartEmail;0;0;Method;setHtmlMsg;1;0;0;0;0;0;0;1;1;EmailException:;0;0;0;1;0;0;0;0;1;0;0;0;0;0;0;0.0;0;0;0;0;0;0;0;0;0;0;0;0;0;0;0;0;;0;0;0;0;0;0;0;0;0;0;0;0;0;0;0;0;org.apache.commons.mail.HtmlEmail#public#setHtmlMsg(String)EmailException;
\src\java\org\apache\commons\mail\HtmlEmail.java;org.apache.commons.mail;org.apache.commons.mail.HtmlEmail;HtmlEmail;1;0;0;0;0;MultiPartEmail;0;0;Method;setMsg;1;0;0;0;0;0;0;1;1;EmailException:;0;0;0;1;0;0;0;0;1;0;0;0;0;0;0;0.0;0;0;0;0;0;0;0;0;0;0;0;0;0;0;0;0;;0;0;0;0;0;0;0;0;0;0;0;0;0;0;0;0;org.apache.commons.mail.HtmlEmail#public#setMsg(String)EmailException;
\src\java\org\apache\commons\mail\HtmlEmail.java;org.apache.commons.mail;org.apache.commons.mail.HtmlEmail;HtmlEmail;1;0;0;0;0;MultiPartEmail;0;0;Method;embed;1;0;0;0;0;0;0;2;1;EmailException:;0;0;0;0;0;0;0;0;2;2;0;0;2;1;1;1.0;0;0;0;0;0;0;0;0;0;0;0;0;0;0;2;0;java.io.IOException:javax.mail.MessagingException;2;0;2;0;0;0;0;0;0;0;0;0;0;0;4;0;org.apache.commons.mail.HtmlEmail#public#embed(URL#String)EmailException;
\src\java\org\apache\commons\mail\HtmlEmail.java;org.apache.commons.mail;org.apache.commons.mail.HtmlEmail;HtmlEmail;1;0;0;0;0;MultiPartEmail;0;0;Method;buildMimeMessage;1;0;0;0;0;0;0;0;1;EmailException:;0;0;0;1;0;0;0;0;1;1;0;0;1;1;1;1.0;0;0;0;0;0;0;0;0;0;0;0;0;0;0;1;0;javax.mail.MessagingException;1;0;1;0;0;0;0;0;0;0;0;0;0;0;2;0;org.apache.commons.mail.HtmlEmail#public#buildMimeMessage()EmailException;
\src\java\org\apache\commons\mail\HtmlEmail.java;org.apache.commons.mail;org.apache.commons.mail.HtmlEmail;HtmlEmail;1;0;0;0;0;MultiPartEmail;0;0;Method;buildAttachments;1;0;0;0;0;0;0;0;2;javax.mail.MessagingException:EmailException:;0;1;0;6;0;0;0;0;0;0;0;0;0;0;0;0.0;0;0;0;0;0;0;0;0;0;0;0;0;0;0;0;0;;0;0;0;0;0;0;0;0;0;0;0;0;0;0;0;0;org.apache.commons.mail.HtmlEmail#public#buildAttachments()MessagingException#EmailException;
\src\java\org\apache\commons\mail\HtmlEmail.java;org.apache.commons.mail;org.apache.commons.mail.HtmlEmail;HtmlEmail;1;0;0;0;0;MultiPartEmail;0;0;Method;buildNoAttachments;1;0;0;0;0;0;0;0;2;javax.mail.MessagingException:EmailException:;0;1;0;7;0;0;0;0;0;0;0;0;0;0;0;0.0;0;0;0;0;0;0;0;0;0;0;0;0;0;0;0;0;;0;0;0;0;0;0;0;0;0;0;0;0;0;0;0;0;org.apache.commons.mail.HtmlEmail#public#buildNoAttachments()MessagingException#EmailException;
\src\test\org\apache\commons\mail\MultiPartEmailTest.java;org.apache.commons.mail;org.apache.commons.mail.MultiPartEmailTest;MultiPartEmailTest;1;0;0;0;1;BaseEmailTestCase;0;0;Constructor;MultiPartEmailTest;1;0;0;0;0;0;0;1;0;;0;0;0;0;0;0;0;0;0;0;0;0;0;0;0;0.0;0;0;0;0;0;0;0;0;0;0;0;0;0;0;0;0;;0;0;0;0;0;0;0;0;0;0;0;0;0;0;0;0;org.apache.commons.mail.MultiPartEmailTest#public#MultiPartEmailTest(String);
\src\test\org\apache\commons\mail\MultiPartEmailTest.java;org.apache.commons.mail;org.apache.commons.mail.MultiPartEmailTest;MultiPartEmailTest;1;0;0;0;1;BaseEmailTestCase;0;0;Method;setUp;1;0;0;0;0;0;1;0;0;;0;0;0;0;0;0;0;1;0;1;0;0;1;1;1;1.0;0;0;0;0;0;0;0;0;0;0;0;0;1;0;1;0;java.io.IOException;0;0;0;0;0;0;0;0;0;0;0;0;0;0;0;0;org.apache.commons.mail.MultiPartEmailTest#public#setUp();
\src\test\org\apache\commons\mail\MultiPartEmailTest.java;org.apache.commons.mail;org.apache.commons.mail.MultiPartEmailTest;MultiPartEmailTest;1;0;0;0;1;BaseEmailTestCase;0;0;Method;testSetMsg;1;0;0;0;0;1;0;0;0;;0;0;3;0;0;0;3;4;0;3;0;0;4;1;2;1.3333334;0;0;0;0;0;0;0;1;0;0;0;1;3;0;4;0;EmailException:Exception;0;0;0;0;0;0;0;0;0;0;0;0;0;0;0;0;org.apache.commons.mail.MultiPartEmailTest#public#testSetMsg();
\src\test\org\apache\commons\mail\MultiPartEmailTest.java;org.apache.commons.mail;org.apache.commons.mail.MultiPartEmailTest;MultiPartEmailTest;1;0;0;0;1;BaseEmailTestCase;0;0;Method;testSend;1;0;0;0;0;1;0;0;0;;0;0;0;1;0;0;1;4;0;2;0;0;4;2;2;2.0;0;0;0;0;0;0;0;3;0;0;0;1;3;0;4;0;java.io.IOException:Exception:EmailException;0;0;0;0;0;0;0;0;0;0;0;0;0;0;0;0;org.apache.commons.mail.MultiPartEmailTest#public#testSend();
\src\test\org\apache\commons\mail\MultiPartEmailTest.java;org.apache.commons.mail;org.apache.commons.mail.MultiPartEmailTest;MultiPartEmailTest;1;0;0;0;1;BaseEmailTestCase;0;0;Method;testAttach;1;0;0;0;0;1;0;0;0;;0;0;0;0;0;0;3;9;0;5;0;0;9;1;2;1.8;0;0;0;0;0;0;0;5;0;0;0;3;6;0;9;0;EmailException:Exception;0;0;0;0;0;0;0;0;0;0;0;0;0;0;0;0;org.apache.commons.mail.MultiPartEmailTest#public#testAttach();
\src\test\org\apache\commons\mail\MultiPartEmailTest.java;org.apache.commons.mail;org.apache.commons.mail.MultiPartEmailTest;MultiPartEmailTest;1;0;0;0;1;BaseEmailTestCase;0;0;Method;testAttach2;1;0;0;0;0;1;0;0;0;;0;0;0;0;0;0;0;4;0;2;0;0;4;2;2;2.0;0;0;0;0;0;0;0;4;0;0;0;0;4;0;4;0;EmailException:java.net.MalformedURLException;0;0;0;0;0;0;0;0;0;0;0;0;0;0;0;0;org.apache.commons.mail.MultiPartEmailTest#public#testAttach2();
\src\test\org\apache\commons\mail\MultiPartEmailTest.java;org.apache.commons.mail;org.apache.commons.mail.MultiPartEmailTest;MultiPartEmailTest;1;0;0;0;1;BaseEmailTestCase;0;0;Method;testAttach3;1;0;0;0;0;1;0;0;0;;0;0;0;0;0;0;2;6;0;3;0;0;6;2;2;2.0;0;0;0;0;0;0;0;4;0;0;0;2;4;0;6;0;EmailException:java.net.MalformedURLException:Exception;0;0;0;0;0;0;0;0;0;0;0;0;0;0;0;0;org.apache.commons.mail.MultiPartEmailTest#public#testAttach3();
\src\test\org\apache\commons\mail\MultiPartEmailTest.java;org.apache.commons.mail;org.apache.commons.mail.MultiPartEmailTest;MultiPartEmailTest;1;0;0;0;1;BaseEmailTestCase;0;0;Method;testAddPart;1;0;0;0;0;1;0;0;1;Exception:;0;0;0;0;0;0;2;0;0;0;0;0;0;0;0;0.0;0;0;0;0;0;0;0;0;0;0;0;0;0;0;0;0;;0;0;0;0;0;0;0;0;0;0;0;0;0;0;0;0;org.apache.commons.mail.MultiPartEmailTest#public#testAddPart()Exception;
\src\test\org\apache\commons\mail\MultiPartEmailTest.java;org.apache.commons.mail;org.apache.commons.mail.MultiPartEmailTest;MultiPartEmailTest;1;0;0;0;1;BaseEmailTestCase;0;0;Method;testAddPart2;1;0;0;0;0;1;0;0;1;Exception:;0;0;0;0;0;0;1;0;0;0;0;0;0;0;0;0.0;0;0;0;0;0;0;0;0;0;0;0;0;0;0;0;0;;0;0;0;0;0;0;0;0;0;0;0;0;0;0;0;0;org.apache.commons.mail.MultiPartEmailTest#public#testAddPart2()Exception;
\src\test\org\apache\commons\mail\MultiPartEmailTest.java;org.apache.commons.mail;org.apache.commons.mail.MultiPartEmailTest;MultiPartEmailTest;1;0;0;0;1;BaseEmailTestCase;0;0;Method;testGetContainer;1;0;0;0;0;1;0;0;0;;0;0;0;0;0;0;1;0;0;0;0;0;0;0;0;0.0;0;0;0;0;0;0;0;0;0;0;0;0;0;0;0;0;;0;0;0;0;0;0;0;0;0;0;0;0;0;0;0;0;org.apache.commons.mail.MultiPartEmailTest#public#testGetContainer();
\src\test\org\apache\commons\mail\MultiPartEmailTest.java;org.apache.commons.mail;org.apache.commons.mail.MultiPartEmailTest;MultiPartEmailTest;1;0;0;0;1;BaseEmailTestCase;0;0;Method;testInit;1;0;0;0;0;1;0;0;0;;0;0;0;0;0;0;1;2;0;1;0;0;2;2;2;2.0;0;0;0;0;0;0;0;1;0;0;0;1;1;0;2;0;IllegalStateException:Exception;0;0;0;0;0;0;0;0;0;0;0;0;0;0;0;0;org.apache.commons.mail.MultiPartEmailTest#public#testInit();
\src\test\org\apache\commons\mail\MultiPartEmailTest.java;org.apache.commons.mail;org.apache.commons.mail.MultiPartEmailTest;MultiPartEmailTest;1;0;0;0;1;BaseEmailTestCase;0;0;Method;testGetSetSubType;1;0;0;0;0;1;0;0;0;;0;0;1;0;0;0;1;0;0;0;0;0;0;0;0;0.0;0;0;0;0;0;0;0;0;0;0;0;0;0;0;0;0;;0;0;0;0;0;0;0;0;0;0;0;0;0;0;0;0;org.apache.commons.mail.MultiPartEmailTest#public#testGetSetSubType();
\src\test\org\apache\commons\mail\InvalidInternetAddressTest.java;org.apache.commons.mail;org.apache.commons.mail.InvalidInternetAddressTest;InvalidInternetAddressTest;1;0;0;0;1;BaseEmailTestCase;0;0;Constructor;InvalidInternetAddressTest;1;0;0;0;0;0;0;1;0;;0;0;0;0;0;0;0;0;0;0;0;0;0;0;0;0.0;0;0;0;0;0;0;0;0;0;0;0;0;0;0;0;0;;0;0;0;0;0;0;0;0;0;0;0;0;0;0;0;0;org.apache.commons.mail.InvalidInternetAddressTest#public#InvalidInternetAddressTest(String);
\src\test\org\apache\commons\mail\InvalidInternetAddressTest.java;org.apache.commons.mail;org.apache.commons.mail.InvalidInternetAddressTest;InvalidInternetAddressTest;1;0;0;0;1;BaseEmailTestCase;0;0;Method;setUp;1;0;0;0;0;0;1;0;0;;0;0;0;0;0;0;1;0;0;1;0;0;1;1;1;1.0;0;0;0;0;0;0;0;0;0;0;0;1;0;0;1;0;Exception;0;0;0;0;0;0;0;0;0;0;0;0;0;0;0;0;org.apache.commons.mail.InvalidInternetAddressTest#public#setUp();
\src\test\org\apache\commons\mail\InvalidInternetAddressTest.java;org.apache.commons.mail;org.apache.commons.mail.InvalidInternetAddressTest;InvalidInternetAddressTest;1;0;0;0;1;BaseEmailTestCase;0;0;Method;testStrictConstructor;1;0;0;0;0;1;0;0;1;Exception:;0;0;1;0;0;0;0;2;0;2;0;0;2;1;1;1.0;0;0;0;1;1;0;0;0;0;0;0;0;1;0;2;0;Exception;0;0;0;0;0;0;0;0;0;0;0;0;0;0;0;0;org.apache.commons.mail.InvalidInternetAddressTest#public#testStrictConstructor()Exception;
\src\test\org\apache\commons\mail\InvalidInternetAddressTest.java;org.apache.commons.mail;org.apache.commons.mail.InvalidInternetAddressTest;InvalidInternetAddressTest;1;0;0;0;1;BaseEmailTestCase;0;0;Method;testValidateMethod;1;0;0;0;0;1;0;0;1;Exception:;0;0;1;3;0;0;0;3;0;2;0;0;2;1;1;1.0;0;0;0;0;0;0;0;0;0;1;0;0;2;0;2;0;Exception;0;0;0;0;0;0;0;0;0;0;0;0;0;0;0;0;org.apache.commons.mail.InvalidInternetAddressTest#public#testValidateMethod()Exception;
\src\test\org\apache\commons\mail\InvalidInternetAddressTest.java;org.apache.commons.mail;org.apache.commons.mail.InvalidInternetAddressTest;InvalidInternetAddressTest;1;0;0;0;1;BaseEmailTestCase;0;0;Method;testValidateMethodCharset;1;0;0;0;0;1;0;0;1;Exception:;0;0;1;3;0;0;0;3;0;2;0;0;2;1;1;1.0;0;0;0;0;0;0;0;0;0;1;0;0;2;0;2;0;Exception;0;0;0;0;0;0;0;0;0;0;0;0;0;0;0;0;org.apache.commons.mail.InvalidInternetAddressTest#public#testValidateMethodCharset()Exception;
\src\test\org\apache\commons\mail\InvalidAddressTest.java;org.apache.commons.mail;org.apache.commons.mail.InvalidAddressTest;InvalidAddressTest;1;0;0;0;1;BaseEmailTestCase;0;0;Constructor;InvalidAddressTest;1;0;0;0;0;0;0;1;0;;0;0;0;0;0;0;0;0;0;0;0;0;0;0;0;0.0;0;0;0;0;0;0;0;0;0;0;0;0;0;0;0;0;;0;0;0;0;0;0;0;0;0;0;0;0;0;0;0;0;org.apache.commons.mail.InvalidAddressTest#public#InvalidAddressTest(String);
\src\test\org\apache\commons\mail\InvalidAddressTest.java;org.apache.commons.mail;org.apache.commons.mail.InvalidAddressTest;InvalidAddressTest;1;0;0;0;1;BaseEmailTestCase;0;0;Method;setUp;1;0;0;0;0;0;1;0;0;;0;0;0;0;0;0;0;0;0;0;0;0;0;0;0;0.0;0;0;0;0;0;0;0;0;0;0;0;0;0;0;0;0;;0;0;0;0;0;0;0;0;0;0;0;0;0;0;0;0;org.apache.commons.mail.InvalidAddressTest#public#setUp();
\src\test\org\apache\commons\mail\InvalidAddressTest.java;org.apache.commons.mail;org.apache.commons.mail.InvalidAddressTest;InvalidAddressTest;1;0;0;0;1;BaseEmailTestCase;0;0;Method;testSetInvalidFrom;1;0;0;0;0;1;0;0;1;Exception:;0;0;1;0;0;0;0;1;0;1;0;0;1;1;1;1.0;0;0;0;1;1;0;0;0;0;0;0;0;0;0;1;0;EmailException;0;0;0;0;0;0;0;0;0;0;0;0;0;0;0;0;org.apache.commons.mail.InvalidAddressTest#public#testSetInvalidFrom()Exception;
\src\test\org\apache\commons\mail\InvalidAddressTest.java;org.apache.commons.mail;org.apache.commons.mail.InvalidAddressTest;InvalidAddressTest;1;0;0;0;1;BaseEmailTestCase;0;0;Method;testAddInvalidTo;1;0;0;0;0;1;0;0;1;Exception:;0;0;1;0;0;0;0;1;0;1;0;0;1;1;1;1.0;0;0;0;1;1;0;0;0;0;0;0;0;0;0;1;0;EmailException;0;0;0;0;0;0;0;0;0;0;0;0;0;0;0;0;org.apache.commons.mail.InvalidAddressTest#public#testAddInvalidTo()Exception;
\src\test\org\apache\commons\mail\InvalidAddressTest.java;org.apache.commons.mail;org.apache.commons.mail.InvalidAddressTest;InvalidAddressTest;1;0;0;0;1;BaseEmailTestCase;0;0;Method;testAddInvalidCc;1;0;0;0;0;1;0;0;1;Exception:;0;0;1;0;0;0;0;1;0;1;0;0;1;1;1;1.0;0;0;0;1;1;0;0;0;0;0;0;0;0;0;1;0;EmailException;0;0;0;0;0;0;0;0;0;0;0;0;0;0;0;0;org.apache.commons.mail.InvalidAddressTest#public#testAddInvalidCc()Exception;
\src\test\org\apache\commons\mail\InvalidAddressTest.java;org.apache.commons.mail;org.apache.commons.mail.InvalidAddressTest;InvalidAddressTest;1;0;0;0;1;BaseEmailTestCase;0;0;Method;testAddInvalidBcc;1;0;0;0;0;1;0;0;1;Exception:;0;0;1;0;0;0;0;1;0;1;0;0;1;1;1;1.0;0;0;0;1;1;0;0;0;0;0;0;0;0;0;1;0;EmailException;0;0;0;0;0;0;0;0;0;0;0;0;0;0;0;0;org.apache.commons.mail.InvalidAddressTest#public#testAddInvalidBcc()Exception;
