filename;package;fullname;name;isClass;isInterface;isEnum;extends_TestCase;inTestCaseFolder;parentclass;#interfaces;isAbstractClass;method_type;method_name;method_isPublic;method_isProtected;method_isPrivate;method_isNoModifier;isOverridenMethod;isTestMethod;isHelperMethodInTestClass;#method_arguments;#method_exceptions_list;method_exceptions;#do_statements;#while_statements;#for_statements;#if_statements;#switch_statements;#empty_blocks;#assert_statements;#fail_statements;#throw;#try_blocks;#try_with_nested_try;#big_try_nested;#catches;catches_min;catches_max;catches_avg;#catches_return_statement;#catches_return_expression;#catches_return_null;#catches_empty;#catches_empty_withcomments;#catches_system_exit;#catches_system_ouputerrconsole;#catches_callprintstacktrace;#catches_with_decision_loop_structures;#catches_with_decision_structures;#catches_with_loop_structures;#catches_with_asserts;#catches_with_fail;#catches_with_nested_try;#catches_1_param;#catches_n_param;catch_exceptions;#catches_throws_new;#catches_throws_newSameDesc;#catches_throws_newDiffDesc;#catches_throws_same;#catches_throws_different;#finally;#finally_with_decision_loop_structures;#finally_with_decision_structures;#finally_with_loop_structures;#finally_with_asserts;#finally_with_fail;#finally_with_nestedtry;#finally_with_empty_blocks;#throw_inTry;#throw_inCatch;#throw_inFinally;member_signature;
\discovery\src\java\org\apache\commons\discovery\resource\ClassLoaders.java;org.apache.commons.discovery.resource;org.apache.commons.discovery.resource.ClassLoaders;ClassLoaders;1;0;0;0;0;null;0;0;Constructor;ClassLoaders;1;0;0;0;0;0;0;0;0;;0;0;0;0;0;0;0;0;0;0;0;0;0;0;0;0.0;0;0;0;0;0;0;0;0;0;0;0;0;0;0;0;0;;0;0;0;0;0;0;0;0;0;0;0;0;0;0;0;0;org.apache.commons.discovery.resource.ClassLoaders#public#ClassLoaders();
\discovery\src\java\org\apache\commons\discovery\resource\ClassLoaders.java;org.apache.commons.discovery.resource;org.apache.commons.discovery.resource.ClassLoaders;ClassLoaders;1;0;0;0;0;null;0;0;Method;size;1;0;0;0;0;0;0;0;0;;0;0;0;0;0;0;0;0;0;0;0;0;0;0;0;0.0;0;0;0;0;0;0;0;0;0;0;0;0;0;0;0;0;;0;0;0;0;0;0;0;0;0;0;0;0;0;0;0;0;org.apache.commons.discovery.resource.ClassLoaders#public#size();
\discovery\src\java\org\apache\commons\discovery\resource\ClassLoaders.java;org.apache.commons.discovery.resource;org.apache.commons.discovery.resource.ClassLoaders;ClassLoaders;1;0;0;0;0;null;0;0;Method;get;1;0;0;0;0;0;0;1;0;;0;0;0;0;0;0;0;0;0;0;0;0;0;0;0;0.0;0;0;0;0;0;0;0;0;0;0;0;0;0;0;0;0;;0;0;0;0;0;0;0;0;0;0;0;0;0;0;0;0;org.apache.commons.discovery.resource.ClassLoaders#public#get(int);
\discovery\src\java\org\apache\commons\discovery\resource\ClassLoaders.java;org.apache.commons.discovery.resource;org.apache.commons.discovery.resource.ClassLoaders;ClassLoaders;1;0;0;0;0;null;0;0;Method;put;1;0;0;0;0;0;0;1;0;;0;0;0;1;0;0;0;0;0;0;0;0;0;0;0;0.0;0;0;0;0;0;0;0;0;0;0;0;0;0;0;0;0;;0;0;0;0;0;0;0;0;0;0;0;0;0;0;0;0;org.apache.commons.discovery.resource.ClassLoaders#public#put(ClassLoader);
\discovery\src\java\org\apache\commons\discovery\resource\ClassLoaders.java;org.apache.commons.discovery.resource;org.apache.commons.discovery.resource.ClassLoaders;ClassLoaders;1;0;0;0;0;null;0;0;Method;put;1;0;0;0;0;0;0;2;0;;0;0;0;1;0;0;0;0;0;0;0;0;0;0;0;0.0;0;0;0;0;0;0;0;0;0;0;0;0;0;0;0;0;;0;0;0;0;0;0;0;0;0;0;0;0;0;0;0;0;org.apache.commons.discovery.resource.ClassLoaders#public#put(ClassLoader#boolean);
\discovery\src\java\org\apache\commons\discovery\resource\ClassLoaders.java;org.apache.commons.discovery.resource;org.apache.commons.discovery.resource.ClassLoaders;ClassLoaders;1;0;0;0;0;null;0;0;Method;isAncestor;1;0;0;0;0;0;0;1;0;;0;0;2;2;0;0;0;0;0;0;0;0;0;0;0;0.0;0;0;0;0;0;0;0;0;0;0;0;0;0;0;0;0;;0;0;0;0;0;0;0;0;0;0;0;0;0;0;0;0;org.apache.commons.discovery.resource.ClassLoaders#public#isAncestor(ClassLoader);
\discovery\src\java\org\apache\commons\discovery\resource\ClassLoaders.java;org.apache.commons.discovery.resource;org.apache.commons.discovery.resource.ClassLoaders;ClassLoaders;1;0;0;0;0;null;0;0;Method;getLibLoaders;1;0;0;0;0;0;0;3;0;;0;0;0;0;0;0;0;0;0;0;0;0;0;0;0;0.0;0;0;0;0;0;0;0;0;0;0;0;0;0;0;0;0;;0;0;0;0;0;0;0;0;0;0;0;0;0;0;0;0;org.apache.commons.discovery.resource.ClassLoaders#public#getLibLoaders(Class#Class#boolean);
\discovery\src\java\org\apache\commons\discovery\resource\ClassLoaders.java;org.apache.commons.discovery.resource;org.apache.commons.discovery.resource.ClassLoaders;ClassLoaders;1;0;0;0;0;null;0;0;Method;getAppLoaders;1;0;0;0;0;0;0;3;0;;0;0;0;0;0;0;0;0;0;0;0;0;0;0;0;0.0;0;0;0;0;0;0;0;0;0;0;0;0;0;0;0;0;;0;0;0;0;0;0;0;0;0;0;0;0;0;0;0;0;org.apache.commons.discovery.resource.ClassLoaders#public#getAppLoaders(Class#Class#boolean);
\discovery\src\test\org\apache\commons\discovery\test\TestAll.java;org.apache.commons.discovery.test;org.apache.commons.discovery.test.TestAll;TestAll;1;0;0;1;1;TestCase;0;0;Constructor;TestAll;1;0;0;0;0;0;0;1;0;;0;0;0;0;0;0;0;0;0;0;0;0;0;0;0;0.0;0;0;0;0;0;0;0;0;0;0;0;0;0;0;0;0;;0;0;0;0;0;0;0;0;0;0;0;0;0;0;0;0;org.apache.commons.discovery.test.TestAll#public#TestAll(String);
\discovery\src\test\org\apache\commons\discovery\test\TestAll.java;org.apache.commons.discovery.test;org.apache.commons.discovery.test.TestAll;TestAll;1;0;0;1;1;TestCase;0;0;Method;suite;1;0;0;0;0;0;1;0;0;;0;0;0;0;0;0;0;0;0;0;0;0;0;0;0;0.0;0;0;0;0;0;0;0;0;0;0;0;0;0;0;0;0;;0;0;0;0;0;0;0;0;0;0;0;0;0;0;0;0;org.apache.commons.discovery.test.TestAll#public#suite();
\discovery\src\test\org\apache\commons\discovery\test\TestAll.java;org.apache.commons.discovery.test;org.apache.commons.discovery.test.TestAll;TestAll;1;0;0;1;1;TestCase;0;0;Method;testFindDefaultImpl_1;1;0;0;0;0;1;0;0;0;;0;0;0;0;0;0;1;0;0;1;0;0;0;0;0;0.0;0;0;0;0;0;0;0;0;0;0;0;0;0;0;0;0;;0;0;0;0;0;0;0;0;0;0;0;0;0;0;0;0;org.apache.commons.discovery.test.TestAll#public#testFindDefaultImpl_1();
\discovery\src\test\org\apache\commons\discovery\test\TestAll.java;org.apache.commons.discovery.test;org.apache.commons.discovery.test.TestAll;TestAll;1;0;0;1;1;TestCase;0;0;Method;testFindDefaultImpl_2;1;0;0;0;0;1;0;0;0;;0;0;0;0;0;0;1;0;0;1;0;0;0;0;0;0.0;0;0;0;0;0;0;0;0;0;0;0;0;0;0;0;0;;0;0;0;0;0;0;0;0;0;0;0;0;0;0;0;0;org.apache.commons.discovery.test.TestAll#public#testFindDefaultImpl_2();
\discovery\src\test\org\apache\commons\discovery\test\TestAll.java;org.apache.commons.discovery.test;org.apache.commons.discovery.test.TestAll;TestAll;1;0;0;1;1;TestCase;0;0;Method;testCache;1;0;0;0;0;1;0;0;0;;0;0;0;0;0;0;2;0;0;1;0;0;0;0;0;0.0;0;0;0;0;0;0;0;0;0;0;0;0;0;0;0;0;;0;0;0;0;0;0;0;0;0;0;0;0;0;0;0;0;org.apache.commons.discovery.test.TestAll#public#testCache();
\discovery\src\test\org\apache\commons\discovery\test\TestAll.java;org.apache.commons.discovery.test;org.apache.commons.discovery.test.TestAll;TestAll;1;0;0;1;1;TestCase;0;0;Method;testRelease;1;0;0;0;0;1;0;0;0;;0;0;0;0;0;0;2;0;0;1;0;0;0;0;0;0.0;0;0;0;0;0;0;0;0;0;0;0;0;0;0;0;0;;0;0;0;0;0;0;0;0;0;0;0;0;0;0;0;0;org.apache.commons.discovery.test.TestAll#public#testRelease();
\discovery\src\test\org\apache\commons\discovery\test\TestAll.java;org.apache.commons.discovery.test;org.apache.commons.discovery.test.TestAll;TestAll;1;0;0;1;1;TestCase;0;0;Method;testFindPropertyImpl_1;1;0;0;0;0;1;0;0;0;;0;0;0;0;0;0;1;0;0;1;0;0;0;0;0;0.0;0;0;0;0;0;0;0;0;0;0;0;0;0;0;0;0;;0;0;0;0;0;0;0;0;0;0;0;0;0;0;0;0;org.apache.commons.discovery.test.TestAll#public#testFindPropertyImpl_1();
\discovery\src\test\org\apache\commons\discovery\test\TestAll.java;org.apache.commons.discovery.test;org.apache.commons.discovery.test.TestAll;TestAll;1;0;0;1;1;TestCase;0;0;Method;testMyFactoryManagedProperty;1;0;0;0;0;1;0;0;0;;0;0;0;0;0;0;1;0;0;1;0;0;0;0;0;0.0;0;0;0;0;0;0;0;0;0;0;0;0;0;0;0;0;;0;0;0;0;0;0;0;0;0;0;0;0;0;0;0;0;org.apache.commons.discovery.test.TestAll#public#testMyFactoryManagedProperty();
\discovery\src\test\org\apache\commons\discovery\test\TestAll.java;org.apache.commons.discovery.test;org.apache.commons.discovery.test.TestAll;TestAll;1;0;0;1;1;TestCase;0;0;Method;testFindPropFileDefault;1;0;0;0;0;1;0;0;0;;0;0;0;0;0;0;1;0;0;1;0;0;0;0;0;0.0;0;0;0;0;0;0;0;0;0;0;0;0;0;0;0;0;;0;0;0;0;0;0;0;0;0;0;0;0;0;0;0;0;org.apache.commons.discovery.test.TestAll#public#testFindPropFileDefault();
\discovery\src\test\org\apache\commons\discovery\test\TestAll.java;org.apache.commons.discovery.test;org.apache.commons.discovery.test.TestAll;TestAll;1;0;0;1;1;TestCase;0;0;Method;testFindServiceFileDefault;1;0;0;0;0;1;0;0;0;;0;0;0;0;0;0;1;0;0;1;0;0;0;0;0;0.0;0;0;0;0;0;0;0;0;0;0;0;0;0;0;0;0;;0;0;0;0;0;0;0;0;0;0;0;0;0;0;0;0;org.apache.commons.discovery.test.TestAll#public#testFindServiceFileDefault();
\discovery\src\test\org\apache\commons\discovery\test\TestAll.java;org.apache.commons.discovery.test;org.apache.commons.discovery.test.TestAll;TestAll;1;0;0;1;1;TestCase;0;0;Method;main;1;0;0;0;0;0;1;1;0;;0;0;0;0;0;0;0;0;0;0;0;0;0;0;0;0.0;0;0;0;0;0;0;0;0;0;0;0;0;0;0;0;0;;0;0;0;0;0;0;0;0;0;0;0;0;0;0;0;0;org.apache.commons.discovery.test.TestAll#public#main(String);
\discovery\src\java\org\apache\commons\discovery\log\SimpleLog.java;org.apache.commons.discovery.log;org.apache.commons.discovery.log.SimpleLog;SimpleLog;1;0;0;0;0;null;1;0;Method;setLevel;1;0;0;0;0;0;0;1;0;;0;0;0;0;0;0;0;0;0;0;0;0;0;0;0;0.0;0;0;0;0;0;0;0;0;0;0;0;0;0;0;0;0;;0;0;0;0;0;0;0;0;0;0;0;0;0;0;0;0;org.apache.commons.discovery.log.SimpleLog#public#setLevel(int);
\discovery\src\java\org\apache\commons\discovery\log\SimpleLog.java;org.apache.commons.discovery.log;org.apache.commons.discovery.log.SimpleLog;SimpleLog;1;0;0;0;0;null;1;0;Method;getLevel;1;0;0;0;0;0;0;0;0;;0;0;0;0;0;0;0;0;0;0;0;0;0;0;0;0.0;0;0;0;0;0;0;0;0;0;0;0;0;0;0;0;0;;0;0;0;0;0;0;0;0;0;0;0;0;0;0;0;0;org.apache.commons.discovery.log.SimpleLog#public#getLevel();
\discovery\src\java\org\apache\commons\discovery\log\SimpleLog.java;org.apache.commons.discovery.log;org.apache.commons.discovery.log.SimpleLog;SimpleLog;1;0;0;0;0;null;1;0;Method;isLevelEnabled;1;0;0;0;0;0;0;1;0;;0;0;0;0;0;0;0;0;0;0;0;0;0;0;0;0.0;0;0;0;0;0;0;0;0;0;0;0;0;0;0;0;0;;0;0;0;0;0;0;0;0;0;0;0;0;0;0;0;0;org.apache.commons.discovery.log.SimpleLog#public#isLevelEnabled(int);
\discovery\src\java\org\apache\commons\discovery\log\SimpleLog.java;org.apache.commons.discovery.log;org.apache.commons.discovery.log.SimpleLog;SimpleLog;1;0;0;0;0;null;1;0;Constructor;SimpleLog;1;0;0;0;0;0;0;1;0;;0;0;0;0;0;0;0;0;0;0;0;0;0;0;0;0.0;0;0;0;0;0;0;0;0;0;0;0;0;0;0;0;0;;0;0;0;0;0;0;0;0;0;0;0;0;0;0;0;0;org.apache.commons.discovery.log.SimpleLog#public#SimpleLog(String);
\discovery\src\java\org\apache\commons\discovery\log\SimpleLog.java;org.apache.commons.discovery.log;org.apache.commons.discovery.log.SimpleLog;SimpleLog;1;0;0;0;0;null;1;0;Method;log;1;0;0;0;0;0;0;3;0;;0;0;0;6;1;0;0;0;0;0;0;0;0;0;0;0.0;0;0;0;0;0;0;0;0;0;0;0;0;0;0;0;0;;0;0;0;0;0;0;0;0;0;0;0;0;0;0;0;0;org.apache.commons.discovery.log.SimpleLog#public#log(int#Object#Throwable);
\discovery\src\java\org\apache\commons\discovery\log\SimpleLog.java;org.apache.commons.discovery.log;org.apache.commons.discovery.log.SimpleLog;SimpleLog;1;0;0;0;0;null;1;0;Method;debug;1;0;0;0;0;0;0;1;0;;0;0;0;1;0;0;0;0;0;0;0;0;0;0;0;0.0;0;0;0;0;0;0;0;0;0;0;0;0;0;0;0;0;;0;0;0;0;0;0;0;0;0;0;0;0;0;0;0;0;org.apache.commons.discovery.log.SimpleLog#public#debug(Object);
\discovery\src\java\org\apache\commons\discovery\log\SimpleLog.java;org.apache.commons.discovery.log;org.apache.commons.discovery.log.SimpleLog;SimpleLog;1;0;0;0;0;null;1;0;Method;debug;1;0;0;0;0;0;0;2;0;;0;0;0;1;0;0;0;0;0;0;0;0;0;0;0;0.0;0;0;0;0;0;0;0;0;0;0;0;0;0;0;0;0;;0;0;0;0;0;0;0;0;0;0;0;0;0;0;0;0;org.apache.commons.discovery.log.SimpleLog#public#debug(Object#Throwable);
\discovery\src\java\org\apache\commons\discovery\log\SimpleLog.java;org.apache.commons.discovery.log;org.apache.commons.discovery.log.SimpleLog;SimpleLog;1;0;0;0;0;null;1;0;Method;trace;1;0;0;0;0;0;0;1;0;;0;0;0;1;0;0;0;0;0;0;0;0;0;0;0;0.0;0;0;0;0;0;0;0;0;0;0;0;0;0;0;0;0;;0;0;0;0;0;0;0;0;0;0;0;0;0;0;0;0;org.apache.commons.discovery.log.SimpleLog#public#trace(Object);
\discovery\src\java\org\apache\commons\discovery\log\SimpleLog.java;org.apache.commons.discovery.log;org.apache.commons.discovery.log.SimpleLog;SimpleLog;1;0;0;0;0;null;1;0;Method;trace;1;0;0;0;0;0;0;2;0;;0;0;0;1;0;0;0;0;0;0;0;0;0;0;0;0.0;0;0;0;0;0;0;0;0;0;0;0;0;0;0;0;0;;0;0;0;0;0;0;0;0;0;0;0;0;0;0;0;0;org.apache.commons.discovery.log.SimpleLog#public#trace(Object#Throwable);
\discovery\src\java\org\apache\commons\discovery\log\SimpleLog.java;org.apache.commons.discovery.log;org.apache.commons.discovery.log.SimpleLog;SimpleLog;1;0;0;0;0;null;1;0;Method;info;1;0;0;0;0;0;0;1;0;;0;0;0;1;0;0;0;0;0;0;0;0;0;0;0;0.0;0;0;0;0;0;0;0;0;0;0;0;0;0;0;0;0;;0;0;0;0;0;0;0;0;0;0;0;0;0;0;0;0;org.apache.commons.discovery.log.SimpleLog#public#info(Object);
\discovery\src\java\org\apache\commons\discovery\log\SimpleLog.java;org.apache.commons.discovery.log;org.apache.commons.discovery.log.SimpleLog;SimpleLog;1;0;0;0;0;null;1;0;Method;info;1;0;0;0;0;0;0;2;0;;0;0;0;1;0;0;0;0;0;0;0;0;0;0;0;0.0;0;0;0;0;0;0;0;0;0;0;0;0;0;0;0;0;;0;0;0;0;0;0;0;0;0;0;0;0;0;0;0;0;org.apache.commons.discovery.log.SimpleLog#public#info(Object#Throwable);
\discovery\src\java\org\apache\commons\discovery\log\SimpleLog.java;org.apache.commons.discovery.log;org.apache.commons.discovery.log.SimpleLog;SimpleLog;1;0;0;0;0;null;1;0;Method;warn;1;0;0;0;0;0;0;1;0;;0;0;0;1;0;0;0;0;0;0;0;0;0;0;0;0.0;0;0;0;0;0;0;0;0;0;0;0;0;0;0;0;0;;0;0;0;0;0;0;0;0;0;0;0;0;0;0;0;0;org.apache.commons.discovery.log.SimpleLog#public#warn(Object);
\discovery\src\java\org\apache\commons\discovery\log\SimpleLog.java;org.apache.commons.discovery.log;org.apache.commons.discovery.log.SimpleLog;SimpleLog;1;0;0;0;0;null;1;0;Method;warn;1;0;0;0;0;0;0;2;0;;0;0;0;1;0;0;0;0;0;0;0;0;0;0;0;0.0;0;0;0;0;0;0;0;0;0;0;0;0;0;0;0;0;;0;0;0;0;0;0;0;0;0;0;0;0;0;0;0;0;org.apache.commons.discovery.log.SimpleLog#public#warn(Object#Throwable);
\discovery\src\java\org\apache\commons\discovery\log\SimpleLog.java;org.apache.commons.discovery.log;org.apache.commons.discovery.log.SimpleLog;SimpleLog;1;0;0;0;0;null;1;0;Method;error;1;0;0;0;0;0;0;1;0;;0;0;0;1;0;0;0;0;0;0;0;0;0;0;0;0.0;0;0;0;0;0;0;0;0;0;0;0;0;0;0;0;0;;0;0;0;0;0;0;0;0;0;0;0;0;0;0;0;0;org.apache.commons.discovery.log.SimpleLog#public#error(Object);
\discovery\src\java\org\apache\commons\discovery\log\SimpleLog.java;org.apache.commons.discovery.log;org.apache.commons.discovery.log.SimpleLog;SimpleLog;1;0;0;0;0;null;1;0;Method;error;1;0;0;0;0;0;0;2;0;;0;0;0;1;0;0;0;0;0;0;0;0;0;0;0;0.0;0;0;0;0;0;0;0;0;0;0;0;0;0;0;0;0;;0;0;0;0;0;0;0;0;0;0;0;0;0;0;0;0;org.apache.commons.discovery.log.SimpleLog#public#error(Object#Throwable);
\discovery\src\java\org\apache\commons\discovery\log\SimpleLog.java;org.apache.commons.discovery.log;org.apache.commons.discovery.log.SimpleLog;SimpleLog;1;0;0;0;0;null;1;0;Method;fatal;1;0;0;0;0;0;0;1;0;;0;0;0;1;0;0;0;0;0;0;0;0;0;0;0;0.0;0;0;0;0;0;0;0;0;0;0;0;0;0;0;0;0;;0;0;0;0;0;0;0;0;0;0;0;0;0;0;0;0;org.apache.commons.discovery.log.SimpleLog#public#fatal(Object);
\discovery\src\java\org\apache\commons\discovery\log\SimpleLog.java;org.apache.commons.discovery.log;org.apache.commons.discovery.log.SimpleLog;SimpleLog;1;0;0;0;0;null;1;0;Method;fatal;1;0;0;0;0;0;0;2;0;;0;0;0;1;0;0;0;0;0;0;0;0;0;0;0;0.0;0;0;0;0;0;0;0;0;0;0;0;0;0;0;0;0;;0;0;0;0;0;0;0;0;0;0;0;0;0;0;0;0;org.apache.commons.discovery.log.SimpleLog#public#fatal(Object#Throwable);
\discovery\src\java\org\apache\commons\discovery\log\SimpleLog.java;org.apache.commons.discovery.log;org.apache.commons.discovery.log.SimpleLog;SimpleLog;1;0;0;0;0;null;1;0;Method;isDebugEnabled;1;0;0;0;0;0;0;0;0;;0;0;0;0;0;0;0;0;0;0;0;0;0;0;0;0.0;0;0;0;0;0;0;0;0;0;0;0;0;0;0;0;0;;0;0;0;0;0;0;0;0;0;0;0;0;0;0;0;0;org.apache.commons.discovery.log.SimpleLog#public#isDebugEnabled();
\discovery\src\java\org\apache\commons\discovery\log\SimpleLog.java;org.apache.commons.discovery.log;org.apache.commons.discovery.log.SimpleLog;SimpleLog;1;0;0;0;0;null;1;0;Method;isErrorEnabled;1;0;0;0;0;0;0;0;0;;0;0;0;0;0;0;0;0;0;0;0;0;0;0;0;0.0;0;0;0;0;0;0;0;0;0;0;0;0;0;0;0;0;;0;0;0;0;0;0;0;0;0;0;0;0;0;0;0;0;org.apache.commons.discovery.log.SimpleLog#public#isErrorEnabled();
\discovery\src\java\org\apache\commons\discovery\log\SimpleLog.java;org.apache.commons.discovery.log;org.apache.commons.discovery.log.SimpleLog;SimpleLog;1;0;0;0;0;null;1;0;Method;isFatalEnabled;1;0;0;0;0;0;0;0;0;;0;0;0;0;0;0;0;0;0;0;0;0;0;0;0;0.0;0;0;0;0;0;0;0;0;0;0;0;0;0;0;0;0;;0;0;0;0;0;0;0;0;0;0;0;0;0;0;0;0;org.apache.commons.discovery.log.SimpleLog#public#isFatalEnabled();
\discovery\src\java\org\apache\commons\discovery\log\SimpleLog.java;org.apache.commons.discovery.log;org.apache.commons.discovery.log.SimpleLog;SimpleLog;1;0;0;0;0;null;1;0;Method;isInfoEnabled;1;0;0;0;0;0;0;0;0;;0;0;0;0;0;0;0;0;0;0;0;0;0;0;0;0.0;0;0;0;0;0;0;0;0;0;0;0;0;0;0;0;0;;0;0;0;0;0;0;0;0;0;0;0;0;0;0;0;0;org.apache.commons.discovery.log.SimpleLog#public#isInfoEnabled();
\discovery\src\java\org\apache\commons\discovery\log\SimpleLog.java;org.apache.commons.discovery.log;org.apache.commons.discovery.log.SimpleLog;SimpleLog;1;0;0;0;0;null;1;0;Method;isTraceEnabled;1;0;0;0;0;0;0;0;0;;0;0;0;0;0;0;0;0;0;0;0;0;0;0;0;0.0;0;0;0;0;0;0;0;0;0;0;0;0;0;0;0;0;;0;0;0;0;0;0;0;0;0;0;0;0;0;0;0;0;org.apache.commons.discovery.log.SimpleLog#public#isTraceEnabled();
\discovery\src\java\org\apache\commons\discovery\log\SimpleLog.java;org.apache.commons.discovery.log;org.apache.commons.discovery.log.SimpleLog;SimpleLog;1;0;0;0;0;null;1;0;Method;isWarnEnabled;1;0;0;0;0;0;0;0;0;;0;0;0;0;0;0;0;0;0;0;0;0;0;0;0;0.0;0;0;0;0;0;0;0;0;0;0;0;0;0;0;0;0;;0;0;0;0;0;0;0;0;0;0;0;0;0;0;0;0;org.apache.commons.discovery.log.SimpleLog#public#isWarnEnabled();
\discovery\src\java\org\apache\commons\discovery\jdk\PsuedoSystemClassLoader.java;org.apache.commons.discovery.jdk;org.apache.commons.discovery.jdk.PsuedoSystemClassLoader;PsuedoSystemClassLoader;1;0;0;0;0;ClassLoader;0;0;Method;loadClass;1;0;0;0;0;0;0;2;1;ClassNotFoundException:;0;0;0;0;0;0;0;0;0;0;0;0;0;0;0;0.0;0;0;0;0;0;0;0;0;0;0;0;0;0;0;0;0;;0;0;0;0;0;0;0;0;0;0;0;0;0;0;0;0;org.apache.commons.discovery.jdk.PsuedoSystemClassLoader#public#loadClass(String#boolean)ClassNotFoundException;
\discovery\src\java\org\apache\commons\discovery\jdk\PsuedoSystemClassLoader.java;org.apache.commons.discovery.jdk;org.apache.commons.discovery.jdk.PsuedoSystemClassLoader;PsuedoSystemClassLoader;1;0;0;0;0;ClassLoader;0;0;Method;getResource;1;0;0;0;0;0;0;1;0;;0;0;0;0;0;0;0;0;0;0;0;0;0;0;0;0.0;0;0;0;0;0;0;0;0;0;0;0;0;0;0;0;0;;0;0;0;0;0;0;0;0;0;0;0;0;0;0;0;0;org.apache.commons.discovery.jdk.PsuedoSystemClassLoader#public#getResource(String);
\discovery\src\java\org\apache\commons\discovery\jdk\PsuedoSystemClassLoader.java;org.apache.commons.discovery.jdk;org.apache.commons.discovery.jdk.PsuedoSystemClassLoader;PsuedoSystemClassLoader;1;0;0;0;0;ClassLoader;0;0;Method;getResourceAsStream;1;0;0;0;0;0;0;1;0;;0;0;0;0;0;0;0;0;0;0;0;0;0;0;0;0.0;0;0;0;0;0;0;0;0;0;0;0;0;0;0;0;0;;0;0;0;0;0;0;0;0;0;0;0;0;0;0;0;0;org.apache.commons.discovery.jdk.PsuedoSystemClassLoader#public#getResourceAsStream(String);
\discovery\src\java\org\apache\commons\discovery\ResourceClass.java;org.apache.commons.discovery;org.apache.commons.discovery.ResourceClass;ResourceClass;1;0;0;0;0;Resource;0;0;Method;setLog;1;0;0;0;0;0;0;1;0;;0;0;0;0;0;0;0;0;0;0;0;0;0;0;0;0.0;0;0;0;0;0;0;0;0;0;0;0;0;0;0;0;0;;0;0;0;0;0;0;0;0;0;0;0;0;0;0;0;0;org.apache.commons.discovery.ResourceClass#public#setLog(Log);
\discovery\src\java\org\apache\commons\discovery\ResourceClass.java;org.apache.commons.discovery;org.apache.commons.discovery.ResourceClass;ResourceClass;1;0;0;0;0;Resource;0;0;Constructor;ResourceClass;1;0;0;0;0;0;0;2;0;;0;0;0;0;0;0;0;0;0;0;0;0;0;0;0;0.0;0;0;0;0;0;0;0;0;0;0;0;0;0;0;0;0;;0;0;0;0;0;0;0;0;0;0;0;0;0;0;0;0;org.apache.commons.discovery.ResourceClass#public#ResourceClass(Class#URL);
\discovery\src\java\org\apache\commons\discovery\ResourceClass.java;org.apache.commons.discovery;org.apache.commons.discovery.ResourceClass;ResourceClass;1;0;0;0;0;Resource;0;0;Constructor;ResourceClass;1;0;0;0;0;0;0;3;0;;0;0;0;0;0;0;0;0;0;0;0;0;0;0;0;0.0;0;0;0;0;0;0;0;0;0;0;0;0;0;0;0;0;;0;0;0;0;0;0;0;0;0;0;0;0;0;0;0;0;org.apache.commons.discovery.ResourceClass#public#ResourceClass(String#URL#ClassLoader);
\discovery\src\java\org\apache\commons\discovery\ResourceClass.java;org.apache.commons.discovery;org.apache.commons.discovery.ResourceClass;ResourceClass;1;0;0;0;0;Resource;0;0;Method;loadClass;1;0;0;0;0;0;0;0;0;;0;0;0;2;0;0;0;0;0;1;0;0;1;1;1;1.0;0;0;0;0;0;0;0;0;0;0;0;0;0;0;1;0;ClassNotFoundException;0;0;0;0;0;0;0;0;0;0;0;0;0;0;0;0;org.apache.commons.discovery.ResourceClass#public#loadClass();
\discovery\src\java\org\apache\commons\discovery\ResourceClass.java;org.apache.commons.discovery;org.apache.commons.discovery.ResourceClass;ResourceClass;1;0;0;0;0;Resource;0;0;Method;toString;1;0;0;0;0;0;0;0;0;;0;0;0;0;0;0;0;0;0;0;0;0;0;0;0;0.0;0;0;0;0;0;0;0;0;0;0;0;0;0;0;0;0;;0;0;0;0;0;0;0;0;0;0;0;0;0;0;0;0;org.apache.commons.discovery.ResourceClass#public#toString();
\discovery\src\java\org\apache\commons\discovery\jdk\JDK11Hooks.java;org.apache.commons.discovery.jdk;org.apache.commons.discovery.jdk.JDK11Hooks;JDK11Hooks;1;0;0;0;0;JDKHooks;0;0;Method;getThreadContextClassLoader;1;0;0;0;0;0;0;0;0;;0;0;0;0;0;0;0;0;0;0;0;0;0;0;0;0.0;0;0;0;0;0;0;0;0;0;0;0;0;0;0;0;0;;0;0;0;0;0;0;0;0;0;0;0;0;0;0;0;0;org.apache.commons.discovery.jdk.JDK11Hooks#public#getThreadContextClassLoader();
\discovery\src\java\org\apache\commons\discovery\jdk\JDK11Hooks.java;org.apache.commons.discovery.jdk;org.apache.commons.discovery.jdk.JDK11Hooks;JDK11Hooks;1;0;0;0;0;JDKHooks;0;0;Method;getSystemClassLoader;1;0;0;0;0;0;0;0;0;;0;0;0;0;0;0;0;0;0;0;0;0;0;0;0;0.0;0;0;0;0;0;0;0;0;0;0;0;0;0;0;0;0;;0;0;0;0;0;0;0;0;0;0;0;0;0;0;0;0;org.apache.commons.discovery.jdk.JDK11Hooks#public#getSystemClassLoader();
\discovery\src\java\org\apache\commons\discovery\jdk\JDK11Hooks.java;org.apache.commons.discovery.jdk;org.apache.commons.discovery.jdk.JDK11Hooks;JDK11Hooks;1;0;0;0;0;JDKHooks;0;0;Method;getResources;1;0;0;0;0;0;0;2;1;java.io.IOException:;0;0;0;0;0;0;0;0;0;0;0;0;0;0;0;0.0;0;0;0;0;0;0;0;0;0;0;0;0;0;0;0;0;;0;0;0;0;0;0;0;0;0;0;0;0;0;0;0;0;org.apache.commons.discovery.jdk.JDK11Hooks#public#getResources(ClassLoader#String)IOException;
\discovery\src\java\org\apache\commons\discovery\resource\names\DiscoverNamesInFile.java;org.apache.commons.discovery.resource.names;org.apache.commons.discovery.resource.names.DiscoverNamesInFile;DiscoverNamesInFile;1;0;0;0;0;ResourceNameDiscoverImpl;1;0;Method;setLog;1;0;0;0;0;0;0;1;0;;0;0;0;0;0;0;0;0;0;0;0;0;0;0;0;0.0;0;0;0;0;0;0;0;0;0;0;0;0;0;0;0;0;;0;0;0;0;0;0;0;0;0;0;0;0;0;0;0;0;org.apache.commons.discovery.resource.names.DiscoverNamesInFile#public#setLog(Log);
\discovery\src\java\org\apache\commons\discovery\resource\names\DiscoverNamesInFile.java;org.apache.commons.discovery.resource.names;org.apache.commons.discovery.resource.names.DiscoverNamesInFile;DiscoverNamesInFile;1;0;0;0;0;ResourceNameDiscoverImpl;1;0;Constructor;DiscoverNamesInFile;1;0;0;0;0;0;0;0;0;;0;0;0;0;0;0;0;0;0;0;0;0;0;0;0;0.0;0;0;0;0;0;0;0;0;0;0;0;0;0;0;0;0;;0;0;0;0;0;0;0;0;0;0;0;0;0;0;0;0;org.apache.commons.discovery.resource.names.DiscoverNamesInFile#public#DiscoverNamesInFile();
\discovery\src\java\org\apache\commons\discovery\resource\names\DiscoverNamesInFile.java;org.apache.commons.discovery.resource.names;org.apache.commons.discovery.resource.names.DiscoverNamesInFile;DiscoverNamesInFile;1;0;0;0;0;ResourceNameDiscoverImpl;1;0;Constructor;DiscoverNamesInFile;1;0;0;0;0;0;0;1;0;;0;0;0;0;0;0;0;0;0;0;0;0;0;0;0;0.0;0;0;0;0;0;0;0;0;0;0;0;0;0;0;0;0;;0;0;0;0;0;0;0;0;0;0;0;0;0;0;0;0;org.apache.commons.discovery.resource.names.DiscoverNamesInFile#public#DiscoverNamesInFile(ClassLoaders);
\discovery\src\java\org\apache\commons\discovery\resource\names\DiscoverNamesInFile.java;org.apache.commons.discovery.resource.names;org.apache.commons.discovery.resource.names.DiscoverNamesInFile;DiscoverNamesInFile;1;0;0;0;0;ResourceNameDiscoverImpl;1;0;Constructor;DiscoverNamesInFile;1;0;0;0;0;0;0;1;0;;0;0;0;0;0;0;0;0;0;0;0;0;0;0;0;0.0;0;0;0;0;0;0;0;0;0;0;0;0;0;0;0;0;;0;0;0;0;0;0;0;0;0;0;0;0;0;0;0;0;org.apache.commons.discovery.resource.names.DiscoverNamesInFile#public#DiscoverNamesInFile(ResourceDiscover);
\discovery\src\java\org\apache\commons\discovery\resource\names\DiscoverNamesInFile.java;org.apache.commons.discovery.resource.names;org.apache.commons.discovery.resource.names.DiscoverNamesInFile;DiscoverNamesInFile;1;0;0;0;0;ResourceNameDiscoverImpl;1;0;Method;setDiscoverer;1;0;0;0;0;0;0;1;0;;0;0;0;0;0;0;0;0;0;0;0;0;0;0;0;0.0;0;0;0;0;0;0;0;0;0;0;0;0;0;0;0;0;;0;0;0;0;0;0;0;0;0;0;0;0;0;0;0;0;org.apache.commons.discovery.resource.names.DiscoverNamesInFile#public#setDiscoverer(ResourceDiscover);
\discovery\src\java\org\apache\commons\discovery\resource\names\DiscoverNamesInFile.java;org.apache.commons.discovery.resource.names;org.apache.commons.discovery.resource.names.DiscoverNamesInFile;DiscoverNamesInFile;1;0;0;0;0;ResourceNameDiscoverImpl;1;0;Method;getDiscover;1;0;0;0;0;0;0;0;0;;0;0;0;0;0;0;0;0;0;0;0;0;0;0;0;0.0;0;0;0;0;0;0;0;0;0;0;0;0;0;0;0;0;;0;0;0;0;0;0;0;0;0;0;0;0;0;0;0;0;org.apache.commons.discovery.resource.names.DiscoverNamesInFile#public#getDiscover();
\discovery\src\java\org\apache\commons\discovery\resource\names\DiscoverNamesInFile.java;org.apache.commons.discovery.resource.names;org.apache.commons.discovery.resource.names.DiscoverNamesInFile;DiscoverNamesInFile;1;0;0;0;0;ResourceNameDiscoverImpl;1;0;Method;findResourceNames;1;0;0;0;0;0;0;1;0;;0;1;0;6;0;0;0;0;0;0;0;0;0;0;0;0.0;0;0;0;0;0;0;0;0;0;0;0;0;0;0;0;0;;0;0;0;0;0;0;0;0;0;0;0;0;0;0;0;0;org.apache.commons.discovery.resource.names.DiscoverNamesInFile#public#findResourceNames(String);
\discovery\src\java\org\apache\commons\discovery\resource\names\DiscoverNamesInFile.java;org.apache.commons.discovery.resource.names;org.apache.commons.discovery.resource.names.DiscoverNamesInFile;DiscoverNamesInFile;1;0;0;0;0;ResourceNameDiscoverImpl;1;0;Method;readServices;1;0;0;0;0;0;0;1;0;;0;1;0;3;0;0;0;0;0;4;2;3;2;0;1;0.5;0;0;0;1;1;0;0;0;0;0;0;0;0;0;2;0;java.io.IOException:java.io.UnsupportedEncodingException;0;0;0;0;0;0;0;0;0;0;0;0;0;0;0;0;org.apache.commons.discovery.resource.names.DiscoverNamesInFile#public#readServices(Resource);
\discovery\src\java\org\apache\commons\discovery\tools\ResourceUtils.java;org.apache.commons.discovery.tools;org.apache.commons.discovery.tools.ResourceUtils;ResourceUtils;1;0;0;0;0;null;0;0;Method;getPackageName;1;0;0;0;0;0;0;1;0;;0;0;0;1;0;0;0;0;0;0;0;0;0;0;0;0.0;0;0;0;0;0;0;0;0;0;0;0;0;0;0;0;0;;0;0;0;0;0;0;0;0;0;0;0;0;0;0;0;0;org.apache.commons.discovery.tools.ResourceUtils#public#getPackageName(Class);
\discovery\src\java\org\apache\commons\discovery\tools\ResourceUtils.java;org.apache.commons.discovery.tools;org.apache.commons.discovery.tools.ResourceUtils;ResourceUtils;1;0;0;0;0;null;0;0;Method;getResource;1;0;0;0;0;0;0;3;1;org.apache.commons.discovery.DiscoveryException:;0;0;0;1;0;0;0;0;0;0;0;0;0;0;0;0.0;0;0;0;0;0;0;0;0;0;0;0;0;0;0;0;0;;0;0;0;0;0;0;0;0;0;0;0;0;0;0;0;0;org.apache.commons.discovery.tools.ResourceUtils#public#getResource(Class#String#ClassLoaders)DiscoveryException;
\discovery\src\java\org\apache\commons\discovery\tools\ResourceUtils.java;org.apache.commons.discovery.tools;org.apache.commons.discovery.tools.ResourceUtils;ResourceUtils;1;0;0;0;0;null;0;0;Method;loadProperties;1;0;0;0;0;0;0;3;1;org.apache.commons.discovery.DiscoveryException:;0;0;0;3;0;2;0;0;0;2;1;1;2;0;2;1.0;0;0;0;2;2;0;0;0;0;0;0;0;0;0;2;0;java.io.IOException:SecurityException;0;0;0;0;0;0;0;0;0;0;0;0;0;0;0;0;org.apache.commons.discovery.tools.ResourceUtils#public#loadProperties(Class#String#ClassLoaders)DiscoveryException;
\discovery\src\java\org\apache\commons\discovery\resource\names\DiscoverNamesInManagedProperties.java;org.apache.commons.discovery.resource.names;org.apache.commons.discovery.resource.names.DiscoverNamesInManagedProperties;DiscoverNamesInManagedProperties;1;0;0;0;0;ResourceNameDiscoverImpl;1;0;Method;setLog;1;0;0;0;0;0;0;1;0;;0;0;0;0;0;0;0;0;0;0;0;0;0;0;0;0.0;0;0;0;0;0;0;0;0;0;0;0;0;0;0;0;0;;0;0;0;0;0;0;0;0;0;0;0;0;0;0;0;0;org.apache.commons.discovery.resource.names.DiscoverNamesInManagedProperties#public#setLog(Log);
\discovery\src\java\org\apache\commons\discovery\resource\names\DiscoverNamesInManagedProperties.java;org.apache.commons.discovery.resource.names;org.apache.commons.discovery.resource.names.DiscoverNamesInManagedProperties;DiscoverNamesInManagedProperties;1;0;0;0;0;ResourceNameDiscoverImpl;1;0;Constructor;DiscoverNamesInManagedProperties;1;0;0;0;0;0;0;0;0;;0;0;0;0;0;0;0;0;0;0;0;0;0;0;0;0.0;0;0;0;0;0;0;0;0;0;0;0;0;0;0;0;0;;0;0;0;0;0;0;0;0;0;0;0;0;0;0;0;0;org.apache.commons.discovery.resource.names.DiscoverNamesInManagedProperties#public#DiscoverNamesInManagedProperties();
\discovery\src\java\org\apache\commons\discovery\resource\names\DiscoverNamesInManagedProperties.java;org.apache.commons.discovery.resource.names;org.apache.commons.discovery.resource.names.DiscoverNamesInManagedProperties;DiscoverNamesInManagedProperties;1;0;0;0;0;ResourceNameDiscoverImpl;1;0;Method;findResourceNames;1;0;0;0;0;0;0;1;0;;0;0;0;1;0;0;0;0;0;0;0;0;0;0;0;0.0;0;0;0;0;0;0;0;0;0;0;0;0;0;0;0;0;;0;0;0;0;0;0;0;0;0;0;0;0;0;0;0;0;org.apache.commons.discovery.resource.names.DiscoverNamesInManagedProperties#public#findResourceNames(String);
\discovery\src\java\org\apache\commons\discovery\ant\ServiceDiscoveryTask.java;org.apache.commons.discovery.ant;org.apache.commons.discovery.ant.ServiceDiscoveryTask;ServiceDiscoveryTask;1;0;0;0;0;null;0;0;Method;setServiceName;1;0;0;0;0;0;0;1;0;;0;0;0;0;0;0;0;0;0;0;0;0;0;0;0;0.0;0;0;0;0;0;0;0;0;0;0;0;0;0;0;0;0;;0;0;0;0;0;0;0;0;0;0;0;0;0;0;0;0;org.apache.commons.discovery.ant.ServiceDiscoveryTask#public#setServiceName(String);
\discovery\src\java\org\apache\commons\discovery\ant\ServiceDiscoveryTask.java;org.apache.commons.discovery.ant;org.apache.commons.discovery.ant.ServiceDiscoveryTask;ServiceDiscoveryTask;1;0;0;0;0;null;0;0;Method;setDebug;1;0;0;0;0;0;0;1;0;;0;0;0;0;0;0;0;0;0;0;0;0;0;0;0;0.0;0;0;0;0;0;0;0;0;0;0;0;0;0;0;0;0;;0;0;0;0;0;0;0;0;0;0;0;0;0;0;0;0;org.apache.commons.discovery.ant.ServiceDiscoveryTask#public#setDebug(int);
\discovery\src\java\org\apache\commons\discovery\ant\ServiceDiscoveryTask.java;org.apache.commons.discovery.ant;org.apache.commons.discovery.ant.ServiceDiscoveryTask;ServiceDiscoveryTask;1;0;0;0;0;null;0;0;Method;getServiceInfo;1;0;0;0;0;0;0;0;0;;0;0;0;0;0;0;0;0;0;0;0;0;0;0;0;0.0;0;0;0;0;0;0;0;0;0;0;0;0;0;0;0;0;;0;0;0;0;0;0;0;0;0;0;0;0;0;0;0;0;org.apache.commons.discovery.ant.ServiceDiscoveryTask#public#getServiceInfo();
\discovery\src\java\org\apache\commons\discovery\ant\ServiceDiscoveryTask.java;org.apache.commons.discovery.ant;org.apache.commons.discovery.ant.ServiceDiscoveryTask;ServiceDiscoveryTask;1;0;0;0;0;null;0;0;Method;execute;1;0;0;0;0;0;0;0;1;Exception:;0;1;0;1;0;0;0;0;0;0;0;0;0;0;0;0.0;0;0;0;0;0;0;0;0;0;0;0;0;0;0;0;0;;0;0;0;0;0;0;0;0;0;0;0;0;0;0;0;0;org.apache.commons.discovery.ant.ServiceDiscoveryTask#public#execute()Exception;
\discovery\src\java\org\apache\commons\discovery\tools\ClassUtils.java;org.apache.commons.discovery.tools;org.apache.commons.discovery.tools.ClassUtils;ClassUtils;1;0;0;0;0;null;0;0;Method;setLog;1;0;0;0;0;0;0;1;0;;0;0;0;0;0;0;0;0;0;0;0;0;0;0;0;0.0;0;0;0;0;0;0;0;0;0;0;0;0;0;0;0;0;;0;0;0;0;0;0;0;0;0;0;0;0;0;0;0;0;org.apache.commons.discovery.tools.ClassUtils#public#setLog(Log);
\discovery\src\java\org\apache\commons\discovery\tools\ClassUtils.java;org.apache.commons.discovery.tools;org.apache.commons.discovery.tools.ClassUtils;ClassUtils;1;0;0;0;0;null;0;0;Method;getPackageName;1;0;0;0;0;0;0;1;0;;0;0;0;1;0;0;0;0;0;0;0;0;0;0;0;0.0;0;0;0;0;0;0;0;0;0;0;0;0;0;0;0;0;;0;0;0;0;0;0;0;0;0;0;0;0;0;0;0;0;org.apache.commons.discovery.tools.ClassUtils#public#getPackageName(Class);
\discovery\src\java\org\apache\commons\discovery\tools\ClassUtils.java;org.apache.commons.discovery.tools;org.apache.commons.discovery.tools.ClassUtils;ClassUtils;1;0;0;0;0;null;0;0;Method;findPublicStaticMethod;1;0;0;0;0;0;0;4;0;;0;0;0;5;0;0;0;0;0;1;0;0;1;1;1;1.0;0;0;0;0;0;0;0;0;0;0;0;0;0;0;1;0;NoSuchMethodException;0;0;0;0;0;0;0;0;0;0;0;0;0;0;0;0;org.apache.commons.discovery.tools.ClassUtils#public#findPublicStaticMethod(Class#Class#String#Class[]);
\discovery\src\java\org\apache\commons\discovery\resource\names\ResourceNameDiscoverImpl.java;org.apache.commons.discovery.resource.names;org.apache.commons.discovery.resource.names.ResourceNameDiscoverImpl;ResourceNameDiscoverImpl;1;0;0;0;0;null;1;1;Method;findResourceNames;1;0;0;0;0;0;0;1;0;;0;1;0;1;0;0;0;0;0;0;0;0;0;0;0;0.0;0;0;0;0;0;0;0;0;0;0;0;0;0;0;0;0;;0;0;0;0;0;0;0;0;0;0;0;0;0;0;0;0;org.apache.commons.discovery.resource.names.ResourceNameDiscoverImpl#public#findResourceNames(ResourceNameIterator);
\discovery\src\java\org\apache\commons\discovery\ResourceClassIterator.java;org.apache.commons.discovery;org.apache.commons.discovery.ResourceClassIterator;ResourceClassIterator;1;0;0;0;0;ResourceIterator;0;1;Method;nextResource;1;0;0;0;0;0;0;0;0;;0;0;0;0;0;0;0;0;0;0;0;0;0;0;0;0.0;0;0;0;0;0;0;0;0;0;0;0;0;0;0;0;0;;0;0;0;0;0;0;0;0;0;0;0;0;0;0;0;0;org.apache.commons.discovery.ResourceClassIterator#public#nextResource();
\discovery\src\java\org\apache\commons\discovery\ResourceClassIterator.java;org.apache.commons.discovery;org.apache.commons.discovery.ResourceClassIterator;ResourceClassIterator;1;0;0;0;0;ResourceIterator;0;1;Method;nextResourceName;1;0;0;0;0;0;0;0;0;;0;0;0;0;0;0;0;0;0;0;0;0;0;0;0;0.0;0;0;0;0;0;0;0;0;0;0;0;0;0;0;0;0;;0;0;0;0;0;0;0;0;0;0;0;0;0;0;0;0;org.apache.commons.discovery.ResourceClassIterator#public#nextResourceName();
\discovery\src\java\org\apache\commons\discovery\log\DiscoveryLogFactory.java;org.apache.commons.discovery.log;org.apache.commons.discovery.log.DiscoveryLogFactory;DiscoveryLogFactory;1;0;0;0;0;null;0;0;Method;newLog;1;0;0;0;0;0;0;1;0;;0;0;0;2;0;0;0;0;2;1;0;0;1;1;1;1.0;0;0;0;0;0;0;0;0;0;0;0;0;0;0;1;0;SecurityException;1;0;1;0;0;0;0;0;0;0;0;0;0;1;2;0;org.apache.commons.discovery.log.DiscoveryLogFactory#public#newLog(Class);
\discovery\src\java\org\apache\commons\discovery\log\DiscoveryLogFactory.java;org.apache.commons.discovery.log;org.apache.commons.discovery.log.DiscoveryLogFactory;DiscoveryLogFactory;1;0;0;0;0;null;0;0;Method;_newLog;1;0;0;0;0;0;0;1;0;;0;0;0;0;0;0;0;0;0;0;0;0;0;0;0;0.0;0;0;0;0;0;0;0;0;0;0;0;0;0;0;0;0;;0;0;0;0;0;0;0;0;0;0;0;0;0;0;0;0;org.apache.commons.discovery.log.DiscoveryLogFactory#public#_newLog(Class);
\discovery\src\java\org\apache\commons\discovery\log\DiscoveryLogFactory.java;org.apache.commons.discovery.log;org.apache.commons.discovery.log.DiscoveryLogFactory;DiscoveryLogFactory;1;0;0;0;0;null;0;0;Method;setLog;1;0;0;0;0;0;0;1;0;;0;0;0;0;0;0;0;0;0;0;0;0;0;0;0;0.0;0;0;0;0;0;0;0;0;0;0;0;0;0;0;0;0;;0;0;0;0;0;0;0;0;0;0;0;0;0;0;0;0;org.apache.commons.discovery.log.DiscoveryLogFactory#public#setLog(Log);
\discovery\src\java\org\apache\commons\discovery\log\DiscoveryLogFactory.java;org.apache.commons.discovery.log;org.apache.commons.discovery.log.DiscoveryLogFactory;DiscoveryLogFactory;1;0;0;0;0;null;0;0;Method;setFactory;1;0;0;0;0;0;0;1;0;;0;1;0;2;0;0;0;0;2;2;0;0;2;1;1;1.0;0;0;0;0;0;0;0;0;0;0;0;0;0;0;2;0;Exception;2;0;2;0;0;0;0;0;0;0;0;0;0;0;4;0;org.apache.commons.discovery.log.DiscoveryLogFactory#public#setFactory(LogFactory);
\discovery\src\java\org\apache\commons\discovery\resource\classes\DiscoverClasses.java;org.apache.commons.discovery.resource.classes;org.apache.commons.discovery.resource.classes.DiscoverClasses;DiscoverClasses;1;0;0;0;0;ResourceClassDiscoverImpl;1;0;Method;setLog;1;0;0;0;0;0;0;1;0;;0;0;0;0;0;0;0;0;0;0;0;0;0;0;0;0.0;0;0;0;0;0;0;0;0;0;0;0;0;0;0;0;0;;0;0;0;0;0;0;0;0;0;0;0;0;0;0;0;0;org.apache.commons.discovery.resource.classes.DiscoverClasses#public#setLog(Log);
\discovery\src\java\org\apache\commons\discovery\resource\classes\DiscoverClasses.java;org.apache.commons.discovery.resource.classes;org.apache.commons.discovery.resource.classes.DiscoverClasses;DiscoverClasses;1;0;0;0;0;ResourceClassDiscoverImpl;1;0;Constructor;DiscoverClasses;1;0;0;0;0;0;0;0;0;;0;0;0;0;0;0;0;0;0;0;0;0;0;0;0;0.0;0;0;0;0;0;0;0;0;0;0;0;0;0;0;0;0;;0;0;0;0;0;0;0;0;0;0;0;0;0;0;0;0;org.apache.commons.discovery.resource.classes.DiscoverClasses#public#DiscoverClasses();
\discovery\src\java\org\apache\commons\discovery\resource\classes\DiscoverClasses.java;org.apache.commons.discovery.resource.classes;org.apache.commons.discovery.resource.classes.DiscoverClasses;DiscoverClasses;1;0;0;0;0;ResourceClassDiscoverImpl;1;0;Constructor;DiscoverClasses;1;0;0;0;0;0;0;1;0;;0;0;0;0;0;0;0;0;0;0;0;0;0;0;0;0.0;0;0;0;0;0;0;0;0;0;0;0;0;0;0;0;0;;0;0;0;0;0;0;0;0;0;0;0;0;0;0;0;0;org.apache.commons.discovery.resource.classes.DiscoverClasses#public#DiscoverClasses(ClassLoaders);
\discovery\src\java\org\apache\commons\discovery\resource\classes\DiscoverClasses.java;org.apache.commons.discovery.resource.classes;org.apache.commons.discovery.resource.classes.DiscoverClasses;DiscoverClasses;1;0;0;0;0;ResourceClassDiscoverImpl;1;0;Method;findResourceClasses;1;0;0;0;0;0;0;1;0;;0;1;0;7;0;0;0;0;0;0;0;0;0;0;0;0.0;0;0;0;0;0;0;0;0;0;0;0;0;0;0;0;0;;0;0;0;0;0;0;0;0;0;0;0;0;0;0;0;0;org.apache.commons.discovery.resource.classes.DiscoverClasses#public#findResourceClasses(String);
\discovery\src\test\org\apache\commons\discovery\test\TestImpl2_1.java;org.apache.commons.discovery.test;org.apache.commons.discovery.test.TestImpl2_1;TestImpl2_1;1;0;0;0;1;null;1;0;Constructor;TestImpl2_1;1;0;0;0;0;0;0;0;0;;0;0;0;0;0;0;0;0;0;0;0;0;0;0;0;0.0;0;0;0;0;0;0;0;0;0;0;0;0;0;0;0;0;;0;0;0;0;0;0;0;0;0;0;0;0;0;0;0;0;org.apache.commons.discovery.test.TestImpl2_1#public#TestImpl2_1();
\discovery\src\test\org\apache\commons\discovery\test\TestImpl2_1.java;org.apache.commons.discovery.test;org.apache.commons.discovery.test.TestImpl2_1;TestImpl2_1;1;0;0;0;1;null;1;0;Method;method;1;0;0;0;0;0;1;0;0;;0;0;0;0;0;0;0;0;0;0;0;0;0;0;0;0.0;0;0;0;0;0;0;0;0;0;0;0;0;0;0;0;0;;0;0;0;0;0;0;0;0;0;0;0;0;0;0;0;0;org.apache.commons.discovery.test.TestImpl2_1#public#method();
\discovery\src\java\org\apache\commons\discovery\resource\names\NameDiscoverers.java;org.apache.commons.discovery.resource.names;org.apache.commons.discovery.resource.names.NameDiscoverers;NameDiscoverers;1;0;0;0;0;ResourceNameDiscoverImpl;1;0;Method;setLog;1;0;0;0;0;0;0;1;0;;0;0;0;0;0;0;0;0;0;0;0;0;0;0;0;0.0;0;0;0;0;0;0;0;0;0;0;0;0;0;0;0;0;;0;0;0;0;0;0;0;0;0;0;0;0;0;0;0;0;org.apache.commons.discovery.resource.names.NameDiscoverers#public#setLog(Log);
\discovery\src\java\org\apache\commons\discovery\resource\names\NameDiscoverers.java;org.apache.commons.discovery.resource.names;org.apache.commons.discovery.resource.names.NameDiscoverers;NameDiscoverers;1;0;0;0;0;ResourceNameDiscoverImpl;1;0;Constructor;NameDiscoverers;1;0;0;0;0;0;0;0;0;;0;0;0;0;0;0;0;0;0;0;0;0;0;0;0;0.0;0;0;0;0;0;0;0;0;0;0;0;0;0;0;0;0;;0;0;0;0;0;0;0;0;0;0;0;0;0;0;0;0;org.apache.commons.discovery.resource.names.NameDiscoverers#public#NameDiscoverers();
\discovery\src\java\org\apache\commons\discovery\resource\names\NameDiscoverers.java;org.apache.commons.discovery.resource.names;org.apache.commons.discovery.resource.names.NameDiscoverers;NameDiscoverers;1;0;0;0;0;ResourceNameDiscoverImpl;1;0;Method;addResourceNameDiscover;1;0;0;0;0;0;0;1;0;;0;0;0;1;0;0;0;0;0;0;0;0;0;0;0;0.0;0;0;0;0;0;0;0;0;0;0;0;0;0;0;0;0;;0;0;0;0;0;0;0;0;0;0;0;0;0;0;0;0;org.apache.commons.discovery.resource.names.NameDiscoverers#public#addResourceNameDiscover(ResourceNameDiscover);
\discovery\src\java\org\apache\commons\discovery\resource\names\NameDiscoverers.java;org.apache.commons.discovery.resource.names;org.apache.commons.discovery.resource.names.NameDiscoverers;NameDiscoverers;1;0;0;0;0;ResourceNameDiscoverImpl;1;0;Method;getResourceNameDiscover;1;0;0;0;0;0;0;1;0;;0;0;0;0;0;0;0;0;0;0;0;0;0;0;0;0.0;0;0;0;0;0;0;0;0;0;0;0;0;0;0;0;0;;0;0;0;0;0;0;0;0;0;0;0;0;0;0;0;0;org.apache.commons.discovery.resource.names.NameDiscoverers#public#getResourceNameDiscover(int);
\discovery\src\java\org\apache\commons\discovery\resource\names\NameDiscoverers.java;org.apache.commons.discovery.resource.names;org.apache.commons.discovery.resource.names.NameDiscoverers;NameDiscoverers;1;0;0;0;0;ResourceNameDiscoverImpl;1;0;Method;size;1;0;0;0;0;0;0;0;0;;0;0;0;0;0;0;0;0;0;0;0;0;0;0;0;0.0;0;0;0;0;0;0;0;0;0;0;0;0;0;0;0;0;;0;0;0;0;0;0;0;0;0;0;0;0;0;0;0;0;org.apache.commons.discovery.resource.names.NameDiscoverers#public#size();
\discovery\src\java\org\apache\commons\discovery\resource\names\NameDiscoverers.java;org.apache.commons.discovery.resource.names;org.apache.commons.discovery.resource.names.NameDiscoverers;NameDiscoverers;1;0;0;0;0;ResourceNameDiscoverImpl;1;0;Method;findResourceNames;1;0;0;0;0;0;0;1;0;;0;1;0;4;0;0;0;0;0;0;0;0;0;0;0;0.0;0;0;0;0;0;0;0;0;0;0;0;0;0;0;0;0;;0;0;0;0;0;0;0;0;0;0;0;0;0;0;0;0;org.apache.commons.discovery.resource.names.NameDiscoverers#public#findResourceNames(String);
\discovery\src\test\org\apache\commons\discovery\test\TestImpl2_2.java;org.apache.commons.discovery.test;org.apache.commons.discovery.test.TestImpl2_2;TestImpl2_2;1;0;0;0;1;null;1;0;Constructor;TestImpl2_2;1;0;0;0;0;0;0;0;0;;0;0;0;0;0;0;0;0;0;0;0;0;0;0;0;0.0;0;0;0;0;0;0;0;0;0;0;0;0;0;0;0;0;;0;0;0;0;0;0;0;0;0;0;0;0;0;0;0;0;org.apache.commons.discovery.test.TestImpl2_2#public#TestImpl2_2();
\discovery\src\test\org\apache\commons\discovery\test\TestImpl2_2.java;org.apache.commons.discovery.test;org.apache.commons.discovery.test.TestImpl2_2;TestImpl2_2;1;0;0;0;1;null;1;0;Method;method;1;0;0;0;0;0;1;0;0;;0;0;0;0;0;0;0;0;0;0;0;0;0;0;0;0.0;0;0;0;0;0;0;0;0;0;0;0;0;0;0;0;0;;0;0;0;0;0;0;0;0;0;0;0;0;0;0;0;0;org.apache.commons.discovery.test.TestImpl2_2#public#method();
\discovery\src\java\org\apache\commons\discovery\tools\Service.java;org.apache.commons.discovery.tools;org.apache.commons.discovery.tools.Service;Service;1;0;0;0;0;null;0;0;Constructor;Service;1;0;0;0;0;0;0;0;0;;0;0;0;0;0;0;0;0;0;0;0;0;0;0;0;0.0;0;0;0;0;0;0;0;0;0;0;0;0;0;0;0;0;;0;0;0;0;0;0;0;0;0;0;0;0;0;0;0;0;org.apache.commons.discovery.tools.Service#public#Service();
\discovery\src\java\org\apache\commons\discovery\tools\Service.java;org.apache.commons.discovery.tools;org.apache.commons.discovery.tools.Service;Service;1;0;0;0;0;null;0;0;Method;providers;1;0;0;0;0;0;0;1;0;;0;0;0;0;0;0;0;0;0;0;0;0;0;0;0;0.0;0;0;0;0;0;0;0;0;0;0;0;0;0;0;0;0;;0;0;0;0;0;0;0;0;0;0;0;0;0;0;0;0;org.apache.commons.discovery.tools.Service#public#providers(Class);
\discovery\src\java\org\apache\commons\discovery\tools\Service.java;org.apache.commons.discovery.tools;org.apache.commons.discovery.tools.Service;Service;1;0;0;0;0;null;0;0;Method;providers;1;0;0;0;0;0;0;2;0;;0;1;0;2;0;0;0;0;0;1;0;0;1;1;1;1.0;0;0;0;1;1;0;0;0;0;0;0;0;0;0;1;0;Exception;0;0;0;0;0;0;0;0;0;0;0;0;0;0;0;0;org.apache.commons.discovery.tools.Service#public#providers(SPInterface#ClassLoaders);
\discovery\src\java\org\apache\commons\discovery\resource\DiscoverResources.java;org.apache.commons.discovery.resource;org.apache.commons.discovery.resource.DiscoverResources;DiscoverResources;1;0;0;0;0;ResourceDiscoverImpl;1;0;Method;setLog;1;0;0;0;0;0;0;1;0;;0;0;0;0;0;0;0;0;0;0;0;0;0;0;0;0.0;0;0;0;0;0;0;0;0;0;0;0;0;0;0;0;0;;0;0;0;0;0;0;0;0;0;0;0;0;0;0;0;0;org.apache.commons.discovery.resource.DiscoverResources#public#setLog(Log);
\discovery\src\java\org\apache\commons\discovery\resource\DiscoverResources.java;org.apache.commons.discovery.resource;org.apache.commons.discovery.resource.DiscoverResources;DiscoverResources;1;0;0;0;0;ResourceDiscoverImpl;1;0;Constructor;DiscoverResources;1;0;0;0;0;0;0;0;0;;0;0;0;0;0;0;0;0;0;0;0;0;0;0;0;0.0;0;0;0;0;0;0;0;0;0;0;0;0;0;0;0;0;;0;0;0;0;0;0;0;0;0;0;0;0;0;0;0;0;org.apache.commons.discovery.resource.DiscoverResources#public#DiscoverResources();
\discovery\src\java\org\apache\commons\discovery\resource\DiscoverResources.java;org.apache.commons.discovery.resource;org.apache.commons.discovery.resource.DiscoverResources;DiscoverResources;1;0;0;0;0;ResourceDiscoverImpl;1;0;Constructor;DiscoverResources;1;0;0;0;0;0;0;1;0;;0;0;0;0;0;0;0;0;0;0;0;0;0;0;0;0.0;0;0;0;0;0;0;0;0;0;0;0;0;0;0;0;0;;0;0;0;0;0;0;0;0;0;0;0;0;0;0;0;0;org.apache.commons.discovery.resource.DiscoverResources#public#DiscoverResources(ClassLoaders);
\discovery\src\java\org\apache\commons\discovery\resource\DiscoverResources.java;org.apache.commons.discovery.resource;org.apache.commons.discovery.resource.DiscoverResources;DiscoverResources;1;0;0;0;0;ResourceDiscoverImpl;1;0;Method;findResources;1;0;0;0;0;0;0;1;0;;0;1;0;7;0;0;0;0;0;1;0;0;1;1;1;1.0;0;0;0;0;0;0;0;0;0;0;0;0;0;0;1;0;java.io.IOException;0;0;0;0;0;0;0;0;0;0;0;0;0;0;0;0;org.apache.commons.discovery.resource.DiscoverResources#public#findResources(String);
\discovery\src\java\org\apache\commons\discovery\tools\DiscoverSingleton.java;org.apache.commons.discovery.tools;org.apache.commons.discovery.tools.DiscoverSingleton;DiscoverSingleton;1;0;0;0;0;null;0;0;Method;find;1;0;0;0;0;0;0;1;1;org.apache.commons.discovery.DiscoveryException:;0;0;0;0;0;0;0;0;0;0;0;0;0;0;0;0.0;0;0;0;0;0;0;0;0;0;0;0;0;0;0;0;0;;0;0;0;0;0;0;0;0;0;0;0;0;0;0;0;0;org.apache.commons.discovery.tools.DiscoverSingleton#public#find(Class)DiscoveryException;
\discovery\src\java\org\apache\commons\discovery\tools\DiscoverSingleton.java;org.apache.commons.discovery.tools;org.apache.commons.discovery.tools.DiscoverSingleton;DiscoverSingleton;1;0;0;0;0;null;0;0;Method;find;1;0;0;0;0;0;0;2;1;org.apache.commons.discovery.DiscoveryException:;0;0;0;0;0;0;0;0;0;0;0;0;0;0;0;0.0;0;0;0;0;0;0;0;0;0;0;0;0;0;0;0;0;;0;0;0;0;0;0;0;0;0;0;0;0;0;0;0;0;org.apache.commons.discovery.tools.DiscoverSingleton#public#find(Class#Properties)DiscoveryException;
\discovery\src\java\org\apache\commons\discovery\tools\DiscoverSingleton.java;org.apache.commons.discovery.tools;org.apache.commons.discovery.tools.DiscoverSingleton;DiscoverSingleton;1;0;0;0;0;null;0;0;Method;find;1;0;0;0;0;0;0;2;1;org.apache.commons.discovery.DiscoveryException:;0;0;0;0;0;0;0;0;0;0;0;0;0;0;0;0.0;0;0;0;0;0;0;0;0;0;0;0;0;0;0;0;0;;0;0;0;0;0;0;0;0;0;0;0;0;0;0;0;0;org.apache.commons.discovery.tools.DiscoverSingleton#public#find(Class#String)DiscoveryException;
\discovery\src\java\org\apache\commons\discovery\tools\DiscoverSingleton.java;org.apache.commons.discovery.tools;org.apache.commons.discovery.tools.DiscoverSingleton;DiscoverSingleton;1;0;0;0;0;null;0;0;Method;find;1;0;0;0;0;0;0;3;1;org.apache.commons.discovery.DiscoveryException:;0;0;0;0;0;0;0;0;0;0;0;0;0;0;0;0.0;0;0;0;0;0;0;0;0;0;0;0;0;0;0;0;0;;0;0;0;0;0;0;0;0;0;0;0;0;0;0;0;0;org.apache.commons.discovery.tools.DiscoverSingleton#public#find(Class#Properties#String)DiscoveryException;
\discovery\src\java\org\apache\commons\discovery\tools\DiscoverSingleton.java;org.apache.commons.discovery.tools;org.apache.commons.discovery.tools.DiscoverSingleton;DiscoverSingleton;1;0;0;0;0;null;0;0;Method;find;1;0;0;0;0;0;0;3;1;org.apache.commons.discovery.DiscoveryException:;0;0;0;0;0;0;0;0;0;0;0;0;0;0;0;0.0;0;0;0;0;0;0;0;0;0;0;0;0;0;0;0;0;;0;0;0;0;0;0;0;0;0;0;0;0;0;0;0;0;org.apache.commons.discovery.tools.DiscoverSingleton#public#find(Class#String#String)DiscoveryException;
\discovery\src\java\org\apache\commons\discovery\tools\DiscoverSingleton.java;org.apache.commons.discovery.tools;org.apache.commons.discovery.tools.DiscoverSingleton;DiscoverSingleton;1;0;0;0;0;null;0;0;Method;find;1;0;0;0;0;0;0;4;1;org.apache.commons.discovery.DiscoveryException:;0;0;0;2;0;0;0;0;2;1;0;0;2;2;2;2.0;0;0;0;0;0;0;0;0;0;0;0;0;0;0;2;0;org.apache.commons.discovery.DiscoveryException:Exception;1;0;1;1;0;0;0;0;0;0;0;0;0;0;3;0;org.apache.commons.discovery.tools.DiscoverSingleton#public#find(ClassLoaders#SPInterface#PropertiesHolder#DefaultClassHolder)DiscoveryException;
\discovery\src\java\org\apache\commons\discovery\tools\DiscoverSingleton.java;org.apache.commons.discovery.tools;org.apache.commons.discovery.tools.DiscoverSingleton;DiscoverSingleton;1;0;0;0;0;null;0;0;Method;release;1;0;0;0;0;0;0;0;0;;0;0;0;0;0;0;0;0;0;0;0;0;0;0;0;0.0;0;0;0;0;0;0;0;0;0;0;0;0;0;0;0;0;;0;0;0;0;0;0;0;0;0;0;0;0;0;0;0;0;org.apache.commons.discovery.tools.DiscoverSingleton#public#release();
\discovery\src\java\org\apache\commons\discovery\tools\DiscoverSingleton.java;org.apache.commons.discovery.tools;org.apache.commons.discovery.tools.DiscoverSingleton;DiscoverSingleton;1;0;0;0;0;null;0;0;Method;release;1;0;0;0;0;0;0;1;0;;0;0;0;1;0;0;0;0;0;0;0;0;0;0;0;0.0;0;0;0;0;0;0;0;0;0;0;0;0;0;0;0;0;;0;0;0;0;0;0;0;0;0;0;0;0;0;0;0;0;org.apache.commons.discovery.tools.DiscoverSingleton#public#release(Class);
\discovery\src\java\org\apache\commons\discovery\tools\DiscoverSingleton.java;org.apache.commons.discovery.tools;org.apache.commons.discovery.tools.DiscoverSingleton;DiscoverSingleton;1;0;0;0;0;null;0;0;Method;get;1;0;0;0;0;0;0;2;0;;0;0;0;0;0;0;0;0;0;0;0;0;0;0;0;0.0;0;0;0;0;0;0;0;0;0;0;0;0;0;0;0;0;;0;0;0;0;0;0;0;0;0;0;0;0;0;0;0;0;org.apache.commons.discovery.tools.DiscoverSingleton#public#get(ClassLoader#String);
\discovery\src\java\org\apache\commons\discovery\tools\DiscoverSingleton.java;org.apache.commons.discovery.tools;org.apache.commons.discovery.tools.DiscoverSingleton;DiscoverSingleton;1;0;0;0;0;null;0;0;Method;put;1;0;0;0;0;0;0;3;0;;0;0;0;2;0;0;0;0;0;0;0;0;0;0;0;0.0;0;0;0;0;0;0;0;0;0;0;0;0;0;0;0;0;;0;0;0;0;0;0;0;0;0;0;0;0;0;0;0;0;org.apache.commons.discovery.tools.DiscoverSingleton#public#put(ClassLoader#String#Object);
\discovery\src\java\org\apache\commons\discovery\tools\EnvironmentCache.java;org.apache.commons.discovery.tools;org.apache.commons.discovery.tools.EnvironmentCache;EnvironmentCache;1;0;0;0;0;null;0;0;Method;get;1;0;0;0;0;0;0;1;0;;0;0;0;0;0;0;0;0;0;0;0;0;0;0;0;0.0;0;0;0;0;0;0;0;0;0;0;0;0;0;0;0;0;;0;0;0;0;0;0;0;0;0;0;0;0;0;0;0;0;org.apache.commons.discovery.tools.EnvironmentCache#public#get(ClassLoader);
\discovery\src\java\org\apache\commons\discovery\tools\EnvironmentCache.java;org.apache.commons.discovery.tools;org.apache.commons.discovery.tools.EnvironmentCache;EnvironmentCache;1;0;0;0;0;null;0;0;Method;put;1;0;0;0;0;0;0;2;0;;0;0;0;1;0;0;0;0;0;0;0;0;0;0;0;0.0;0;0;0;0;0;0;0;0;0;0;0;0;0;0;0;0;;0;0;0;0;0;0;0;0;0;0;0;0;0;0;0;0;org.apache.commons.discovery.tools.EnvironmentCache#public#put(ClassLoader#Object);
\discovery\src\java\org\apache\commons\discovery\tools\EnvironmentCache.java;org.apache.commons.discovery.tools;org.apache.commons.discovery.tools.EnvironmentCache;EnvironmentCache;1;0;0;0;0;null;0;0;Method;release;1;0;0;0;0;0;0;0;0;;0;0;0;0;0;0;0;0;0;0;0;0;0;0;0;0.0;0;0;0;0;0;0;0;0;0;0;0;0;0;0;0;0;;0;0;0;0;0;0;0;0;0;0;0;0;0;0;0;0;org.apache.commons.discovery.tools.EnvironmentCache#public#release();
\discovery\src\java\org\apache\commons\discovery\tools\EnvironmentCache.java;org.apache.commons.discovery.tools;org.apache.commons.discovery.tools.EnvironmentCache;EnvironmentCache;1;0;0;0;0;null;0;0;Method;release;1;0;0;0;0;0;0;1;0;;0;0;0;0;0;0;0;0;0;0;0;0;0;0;0;0.0;0;0;0;0;0;0;0;0;0;0;0;0;0;0;0;0;;0;0;0;0;0;0;0;0;0;0;0;0;0;0;0;0;org.apache.commons.discovery.tools.EnvironmentCache#public#release(ClassLoader);
\discovery\src\java\org\apache\commons\discovery\tools\SPInterface.java;org.apache.commons.discovery.tools;org.apache.commons.discovery.tools.SPInterface;SPInterface;1;0;0;0;0;null;0;0;Constructor;SPInterface;1;0;0;0;0;0;0;1;0;;0;0;0;0;0;0;0;0;0;0;0;0;0;0;0;0.0;0;0;0;0;0;0;0;0;0;0;0;0;0;0;0;0;;0;0;0;0;0;0;0;0;0;0;0;0;0;0;0;0;org.apache.commons.discovery.tools.SPInterface#public#SPInterface(Class);
\discovery\src\java\org\apache\commons\discovery\tools\SPInterface.java;org.apache.commons.discovery.tools;org.apache.commons.discovery.tools.SPInterface;SPInterface;1;0;0;0;0;null;0;0;Constructor;SPInterface;1;0;0;0;0;0;0;2;0;;0;0;0;0;0;0;0;0;0;0;0;0;0;0;0;0.0;0;0;0;0;0;0;0;0;0;0;0;0;0;0;0;0;;0;0;0;0;0;0;0;0;0;0;0;0;0;0;0;0;org.apache.commons.discovery.tools.SPInterface#public#SPInterface(Class#String);
\discovery\src\java\org\apache\commons\discovery\tools\SPInterface.java;org.apache.commons.discovery.tools;org.apache.commons.discovery.tools.SPInterface;SPInterface;1;0;0;0;0;null;0;0;Constructor;SPInterface;1;0;0;0;0;0;0;3;0;;0;0;0;0;0;0;0;0;0;0;0;0;0;0;0;0.0;0;0;0;0;0;0;0;0;0;0;0;0;0;0;0;0;;0;0;0;0;0;0;0;0;0;0;0;0;0;0;0;0;org.apache.commons.discovery.tools.SPInterface#public#SPInterface(Class#Class#Object);
\discovery\src\java\org\apache\commons\discovery\tools\SPInterface.java;org.apache.commons.discovery.tools;org.apache.commons.discovery.tools.SPInterface;SPInterface;1;0;0;0;0;null;0;0;Constructor;SPInterface;1;0;0;0;0;0;0;4;0;;0;0;0;0;0;0;0;0;0;0;0;0;0;0;0;0.0;0;0;0;0;0;0;0;0;0;0;0;0;0;0;0;0;;0;0;0;0;0;0;0;0;0;0;0;0;0;0;0;0;org.apache.commons.discovery.tools.SPInterface#public#SPInterface(Class#String#Class#Object);
\discovery\src\java\org\apache\commons\discovery\tools\SPInterface.java;org.apache.commons.discovery.tools;org.apache.commons.discovery.tools.SPInterface;SPInterface;1;0;0;0;0;null;0;0;Method;getSPName;1;0;0;0;0;0;0;0;0;;0;0;0;0;0;0;0;0;0;0;0;0;0;0;0;0.0;0;0;0;0;0;0;0;0;0;0;0;0;0;0;0;0;;0;0;0;0;0;0;0;0;0;0;0;0;0;0;0;0;org.apache.commons.discovery.tools.SPInterface#public#getSPName();
\discovery\src\java\org\apache\commons\discovery\tools\SPInterface.java;org.apache.commons.discovery.tools;org.apache.commons.discovery.tools.SPInterface;SPInterface;1;0;0;0;0;null;0;0;Method;getSPClass;1;0;0;0;0;0;0;0;0;;0;0;0;0;0;0;0;0;0;0;0;0;0;0;0;0.0;0;0;0;0;0;0;0;0;0;0;0;0;0;0;0;0;;0;0;0;0;0;0;0;0;0;0;0;0;0;0;0;0;org.apache.commons.discovery.tools.SPInterface#public#getSPClass();
\discovery\src\java\org\apache\commons\discovery\tools\SPInterface.java;org.apache.commons.discovery.tools;org.apache.commons.discovery.tools.SPInterface;SPInterface;1;0;0;0;0;null;0;0;Method;getPropertyName;1;0;0;0;0;0;0;0;0;;0;0;0;0;0;0;0;0;0;0;0;0;0;0;0;0.0;0;0;0;0;0;0;0;0;0;0;0;0;0;0;0;0;;0;0;0;0;0;0;0;0;0;0;0;0;0;0;0;0;org.apache.commons.discovery.tools.SPInterface#public#getPropertyName();
\discovery\src\java\org\apache\commons\discovery\tools\SPInterface.java;org.apache.commons.discovery.tools;org.apache.commons.discovery.tools.SPInterface;SPInterface;1;0;0;0;0;null;0;0;Method;newInstance;1;0;0;0;0;0;0;1;5;org.apache.commons.discovery.DiscoveryException:InstantiationException:IllegalAccessException:NoSuchMethodException:java.lang.reflect.InvocationTargetException:;0;0;0;2;0;0;0;0;1;0;0;0;0;0;0;0.0;0;0;0;0;0;0;0;0;0;0;0;0;0;0;0;0;;0;0;0;0;0;0;0;0;0;0;0;0;0;0;0;0;org.apache.commons.discovery.tools.SPInterface#public#newInstance(Class)DiscoveryException#InstantiationException#IllegalAccessException#NoSuchMethodException#InvocationTargetException;
\discovery\src\java\org\apache\commons\discovery\tools\SPInterface.java;org.apache.commons.discovery.tools;org.apache.commons.discovery.tools.SPInterface;SPInterface;1;0;0;0;0;null;0;0;Method;verifyAncestory;1;0;0;0;0;0;0;1;0;;0;0;0;1;0;0;0;0;1;0;0;0;0;0;0;0.0;0;0;0;0;0;0;0;0;0;0;0;0;0;0;0;0;;0;0;0;0;0;0;0;0;0;0;0;0;0;0;0;0;org.apache.commons.discovery.tools.SPInterface#public#verifyAncestory(Class);
\discovery\src\java\org\apache\commons\discovery\Resource.java;org.apache.commons.discovery;org.apache.commons.discovery.Resource;Resource;1;0;0;0;0;null;0;0;Constructor;Resource;1;0;0;0;0;0;0;3;0;;0;0;0;0;0;0;0;0;0;0;0;0;0;0;0;0.0;0;0;0;0;0;0;0;0;0;0;0;0;0;0;0;0;;0;0;0;0;0;0;0;0;0;0;0;0;0;0;0;0;org.apache.commons.discovery.Resource#public#Resource(String#URL#ClassLoader);
\discovery\src\java\org\apache\commons\discovery\Resource.java;org.apache.commons.discovery;org.apache.commons.discovery.Resource;Resource;1;0;0;0;0;null;0;0;Method;getName;1;0;0;0;0;0;0;0;0;;0;0;0;0;0;0;0;0;0;0;0;0;0;0;0;0.0;0;0;0;0;0;0;0;0;0;0;0;0;0;0;0;0;;0;0;0;0;0;0;0;0;0;0;0;0;0;0;0;0;org.apache.commons.discovery.Resource#public#getName();
\discovery\src\java\org\apache\commons\discovery\Resource.java;org.apache.commons.discovery;org.apache.commons.discovery.Resource;Resource;1;0;0;0;0;null;0;0;Method;getResource;1;0;0;0;0;0;0;0;0;;0;0;0;0;0;0;0;0;0;0;0;0;0;0;0;0.0;0;0;0;0;0;0;0;0;0;0;0;0;0;0;0;0;;0;0;0;0;0;0;0;0;0;0;0;0;0;0;0;0;org.apache.commons.discovery.Resource#public#getResource();
\discovery\src\java\org\apache\commons\discovery\Resource.java;org.apache.commons.discovery;org.apache.commons.discovery.Resource;Resource;1;0;0;0;0;null;0;0;Method;getResourceAsStream;1;0;0;0;0;0;0;0;0;;0;0;0;0;0;0;0;0;0;1;0;0;1;1;1;1.0;0;0;1;0;0;0;0;0;0;0;0;0;0;0;1;0;java.io.IOException;0;0;0;0;0;0;0;0;0;0;0;0;0;0;0;0;org.apache.commons.discovery.Resource#public#getResourceAsStream();
\discovery\src\java\org\apache\commons\discovery\Resource.java;org.apache.commons.discovery;org.apache.commons.discovery.Resource;Resource;1;0;0;0;0;null;0;0;Method;getClassLoader;1;0;0;0;0;0;0;0;0;;0;0;0;0;0;0;0;0;0;0;0;0;0;0;0;0.0;0;0;0;0;0;0;0;0;0;0;0;0;0;0;0;0;;0;0;0;0;0;0;0;0;0;0;0;0;0;0;0;0;org.apache.commons.discovery.Resource#public#getClassLoader();
\discovery\src\java\org\apache\commons\discovery\Resource.java;org.apache.commons.discovery;org.apache.commons.discovery.Resource;Resource;1;0;0;0;0;null;0;0;Method;toString;1;0;0;0;0;0;0;0;0;;0;0;0;0;0;0;0;0;0;0;0;0;0;0;0;0.0;0;0;0;0;0;0;0;0;0;0;0;0;0;0;0;0;;0;0;0;0;0;0;0;0;0;0;0;0;0;0;0;0;org.apache.commons.discovery.Resource#public#toString();
\discovery\src\java\org\apache\commons\discovery\Resource.java;org.apache.commons.discovery;org.apache.commons.discovery.Resource;Resource;1;0;0;0;0;null;0;0;Method;toArray;1;0;0;0;0;0;0;1;0;;0;1;0;0;0;0;0;0;0;0;0;0;0;0;0;0.0;0;0;0;0;0;0;0;0;0;0;0;0;0;0;0;0;;0;0;0;0;0;0;0;0;0;0;0;0;0;0;0;0;org.apache.commons.discovery.Resource#public#toArray(ResourceIterator);
\discovery\src\java\org\apache\commons\discovery\tools\PropertiesHolder.java;org.apache.commons.discovery.tools;org.apache.commons.discovery.tools.PropertiesHolder;PropertiesHolder;1;0;0;0;0;null;0;0;Constructor;PropertiesHolder;1;0;0;0;0;0;0;1;0;;0;0;0;0;0;0;0;0;0;0;0;0;0;0;0;0.0;0;0;0;0;0;0;0;0;0;0;0;0;0;0;0;0;;0;0;0;0;0;0;0;0;0;0;0;0;0;0;0;0;org.apache.commons.discovery.tools.PropertiesHolder#public#PropertiesHolder(Properties);
\discovery\src\java\org\apache\commons\discovery\tools\PropertiesHolder.java;org.apache.commons.discovery.tools;org.apache.commons.discovery.tools.PropertiesHolder;PropertiesHolder;1;0;0;0;0;null;0;0;Constructor;PropertiesHolder;1;0;0;0;0;0;0;1;0;;0;0;0;0;0;0;0;0;0;0;0;0;0;0;0;0.0;0;0;0;0;0;0;0;0;0;0;0;0;0;0;0;0;;0;0;0;0;0;0;0;0;0;0;0;0;0;0;0;0;org.apache.commons.discovery.tools.PropertiesHolder#public#PropertiesHolder(String);
\discovery\src\java\org\apache\commons\discovery\tools\PropertiesHolder.java;org.apache.commons.discovery.tools;org.apache.commons.discovery.tools.PropertiesHolder;PropertiesHolder;1;0;0;0;0;null;0;0;Method;getProperties;1;0;0;0;0;0;0;2;0;;0;0;0;1;0;0;0;0;0;0;0;0;0;0;0;0.0;0;0;0;0;0;0;0;0;0;0;0;0;0;0;0;0;;0;0;0;0;0;0;0;0;0;0;0;0;0;0;0;0;org.apache.commons.discovery.tools.PropertiesHolder#public#getProperties(SPInterface#ClassLoaders);
\discovery\src\java\org\apache\commons\discovery\tools\PropertiesHolder.java;org.apache.commons.discovery.tools;org.apache.commons.discovery.tools.PropertiesHolder;PropertiesHolder;1;0;0;0;0;null;0;0;Method;getPropertiesFileName;1;0;0;0;0;0;0;0;0;;0;0;0;0;0;0;0;0;0;0;0;0;0;0;0;0.0;0;0;0;0;0;0;0;0;0;0;0;0;0;0;0;0;;0;0;0;0;0;0;0;0;0;0;0;0;0;0;0;0;org.apache.commons.discovery.tools.PropertiesHolder#public#getPropertiesFileName();
\discovery\src\java\org\apache\commons\discovery\resource\names\DiscoverNamesInSystemProperties.java;org.apache.commons.discovery.resource.names;org.apache.commons.discovery.resource.names.DiscoverNamesInSystemProperties;DiscoverNamesInSystemProperties;1;0;0;0;0;ResourceNameDiscoverImpl;1;0;Method;setLog;1;0;0;0;0;0;0;1;0;;0;0;0;0;0;0;0;0;0;0;0;0;0;0;0;0.0;0;0;0;0;0;0;0;0;0;0;0;0;0;0;0;0;;0;0;0;0;0;0;0;0;0;0;0;0;0;0;0;0;org.apache.commons.discovery.resource.names.DiscoverNamesInSystemProperties#public#setLog(Log);
\discovery\src\java\org\apache\commons\discovery\resource\names\DiscoverNamesInSystemProperties.java;org.apache.commons.discovery.resource.names;org.apache.commons.discovery.resource.names.DiscoverNamesInSystemProperties;DiscoverNamesInSystemProperties;1;0;0;0;0;ResourceNameDiscoverImpl;1;0;Constructor;DiscoverNamesInSystemProperties;1;0;0;0;0;0;0;0;0;;0;0;0;0;0;0;0;0;0;0;0;0;0;0;0;0.0;0;0;0;0;0;0;0;0;0;0;0;0;0;0;0;0;;0;0;0;0;0;0;0;0;0;0;0;0;0;0;0;0;org.apache.commons.discovery.resource.names.DiscoverNamesInSystemProperties#public#DiscoverNamesInSystemProperties();
\discovery\src\java\org\apache\commons\discovery\resource\names\DiscoverNamesInSystemProperties.java;org.apache.commons.discovery.resource.names;org.apache.commons.discovery.resource.names.DiscoverNamesInSystemProperties;DiscoverNamesInSystemProperties;1;0;0;0;0;ResourceNameDiscoverImpl;1;0;Method;findResourceNames;1;0;0;0;0;0;0;1;0;;0;0;0;1;0;0;0;0;0;0;0;0;0;0;0;0.0;0;0;0;0;0;0;0;0;0;0;0;0;0;0;0;0;;0;0;0;0;0;0;0;0;0;0;0;0;0;0;0;0;org.apache.commons.discovery.resource.names.DiscoverNamesInSystemProperties#public#findResourceNames(String);
\discovery\src\java\org\apache\commons\discovery\resource\ResourceDiscoverImpl.java;org.apache.commons.discovery.resource;org.apache.commons.discovery.resource.ResourceDiscoverImpl;ResourceDiscoverImpl;1;0;0;0;0;ResourceNameDiscoverImpl;1;1;Constructor;ResourceDiscoverImpl;1;0;0;0;0;0;0;0;0;;0;0;0;0;0;0;0;0;0;0;0;0;0;0;0;0.0;0;0;0;0;0;0;0;0;0;0;0;0;0;0;0;0;;0;0;0;0;0;0;0;0;0;0;0;0;0;0;0;0;org.apache.commons.discovery.resource.ResourceDiscoverImpl#public#ResourceDiscoverImpl();
\discovery\src\java\org\apache\commons\discovery\resource\ResourceDiscoverImpl.java;org.apache.commons.discovery.resource;org.apache.commons.discovery.resource.ResourceDiscoverImpl;ResourceDiscoverImpl;1;0;0;0;0;ResourceNameDiscoverImpl;1;1;Constructor;ResourceDiscoverImpl;1;0;0;0;0;0;0;1;0;;0;0;0;0;0;0;0;0;0;0;0;0;0;0;0;0.0;0;0;0;0;0;0;0;0;0;0;0;0;0;0;0;0;;0;0;0;0;0;0;0;0;0;0;0;0;0;0;0;0;org.apache.commons.discovery.resource.ResourceDiscoverImpl#public#ResourceDiscoverImpl(ClassLoaders);
\discovery\src\java\org\apache\commons\discovery\resource\ResourceDiscoverImpl.java;org.apache.commons.discovery.resource;org.apache.commons.discovery.resource.ResourceDiscoverImpl;ResourceDiscoverImpl;1;0;0;0;0;ResourceNameDiscoverImpl;1;1;Method;setClassLoaders;1;0;0;0;0;0;0;1;0;;0;0;0;0;0;0;0;0;0;0;0;0;0;0;0;0.0;0;0;0;0;0;0;0;0;0;0;0;0;0;0;0;0;;0;0;0;0;0;0;0;0;0;0;0;0;0;0;0;0;org.apache.commons.discovery.resource.ResourceDiscoverImpl#public#setClassLoaders(ClassLoaders);
\discovery\src\java\org\apache\commons\discovery\resource\ResourceDiscoverImpl.java;org.apache.commons.discovery.resource;org.apache.commons.discovery.resource.ResourceDiscoverImpl;ResourceDiscoverImpl;1;0;0;0;0;ResourceNameDiscoverImpl;1;1;Method;addClassLoader;1;0;0;0;0;0;0;1;0;;0;0;0;0;0;0;0;0;0;0;0;0;0;0;0;0.0;0;0;0;0;0;0;0;0;0;0;0;0;0;0;0;0;;0;0;0;0;0;0;0;0;0;0;0;0;0;0;0;0;org.apache.commons.discovery.resource.ResourceDiscoverImpl#public#addClassLoader(ClassLoader);
\discovery\src\java\org\apache\commons\discovery\resource\ResourceDiscoverImpl.java;org.apache.commons.discovery.resource;org.apache.commons.discovery.resource.ResourceDiscoverImpl;ResourceDiscoverImpl;1;0;0;0;0;ResourceNameDiscoverImpl;1;1;Method;getClassLoaders;1;0;0;0;0;0;0;0;0;;0;0;0;0;0;0;0;0;0;0;0;0;0;0;0;0.0;0;0;0;0;0;0;0;0;0;0;0;0;0;0;0;0;;0;0;0;0;0;0;0;0;0;0;0;0;0;0;0;0;org.apache.commons.discovery.resource.ResourceDiscoverImpl#public#getClassLoaders();
\discovery\src\java\org\apache\commons\discovery\resource\ResourceDiscoverImpl.java;org.apache.commons.discovery.resource;org.apache.commons.discovery.resource.ResourceDiscoverImpl;ResourceDiscoverImpl;1;0;0;0;0;ResourceNameDiscoverImpl;1;1;Method;findResourceNames;1;0;0;0;0;0;0;1;0;;0;0;0;0;0;0;0;0;0;0;0;0;0;0;0;0.0;0;0;0;0;0;0;0;0;0;0;0;0;0;0;0;0;;0;0;0;0;0;0;0;0;0;0;0;0;0;0;0;0;org.apache.commons.discovery.resource.ResourceDiscoverImpl#public#findResourceNames(String);
\discovery\src\java\org\apache\commons\discovery\resource\ResourceDiscoverImpl.java;org.apache.commons.discovery.resource;org.apache.commons.discovery.resource.ResourceDiscoverImpl;ResourceDiscoverImpl;1;0;0;0;0;ResourceNameDiscoverImpl;1;1;Method;findResourceNames;1;0;0;0;0;0;0;1;0;;0;0;0;0;0;0;0;0;0;0;0;0;0;0;0;0.0;0;0;0;0;0;0;0;0;0;0;0;0;0;0;0;0;;0;0;0;0;0;0;0;0;0;0;0;0;0;0;0;0;org.apache.commons.discovery.resource.ResourceDiscoverImpl#public#findResourceNames(ResourceNameIterator);
\discovery\src\java\org\apache\commons\discovery\resource\ResourceDiscoverImpl.java;org.apache.commons.discovery.resource;org.apache.commons.discovery.resource.ResourceDiscoverImpl;ResourceDiscoverImpl;1;0;0;0;0;ResourceNameDiscoverImpl;1;1;Method;findResources;1;0;0;0;0;0;0;1;0;;0;1;0;1;0;0;0;0;0;0;0;0;0;0;0;0.0;0;0;0;0;0;0;0;0;0;0;0;0;0;0;0;0;;0;0;0;0;0;0;0;0;0;0;0;0;0;0;0;0;org.apache.commons.discovery.resource.ResourceDiscoverImpl#public#findResources(ResourceNameIterator);
\discovery\src\test\org\apache\commons\discovery\test\TestImpl1_2.java;org.apache.commons.discovery.test;org.apache.commons.discovery.test.TestImpl1_2;TestImpl1_2;1;0;0;0;1;null;1;0;Constructor;TestImpl1_2;1;0;0;0;0;0;0;0;0;;0;0;0;0;0;0;0;0;0;0;0;0;0;0;0;0.0;0;0;0;0;0;0;0;0;0;0;0;0;0;0;0;0;;0;0;0;0;0;0;0;0;0;0;0;0;0;0;0;0;org.apache.commons.discovery.test.TestImpl1_2#public#TestImpl1_2();
\discovery\src\test\org\apache\commons\discovery\test\TestImpl1_2.java;org.apache.commons.discovery.test;org.apache.commons.discovery.test.TestImpl1_2;TestImpl1_2;1;0;0;0;1;null;1;0;Method;method;1;0;0;0;0;0;1;0;0;;0;0;0;0;0;0;0;0;0;0;0;0;0;0;0;0.0;0;0;0;0;0;0;0;0;0;0;0;0;0;0;0;0;;0;0;0;0;0;0;0;0;0;0;0;0;0;0;0;0;org.apache.commons.discovery.test.TestImpl1_2#public#method();
\discovery\src\java\org\apache\commons\discovery\DiscoveryException.java;org.apache.commons.discovery;org.apache.commons.discovery.DiscoveryException;DiscoveryException;1;0;0;0;0;RuntimeException;0;0;Constructor;DiscoveryException;1;0;0;0;0;0;0;0;0;;0;0;0;0;0;0;0;0;0;0;0;0;0;0;0;0.0;0;0;0;0;0;0;0;0;0;0;0;0;0;0;0;0;;0;0;0;0;0;0;0;0;0;0;0;0;0;0;0;0;org.apache.commons.discovery.DiscoveryException#public#DiscoveryException();
\discovery\src\java\org\apache\commons\discovery\DiscoveryException.java;org.apache.commons.discovery;org.apache.commons.discovery.DiscoveryException;DiscoveryException;1;0;0;0;0;RuntimeException;0;0;Constructor;DiscoveryException;1;0;0;0;0;0;0;1;0;;0;0;0;0;0;0;0;0;0;0;0;0;0;0;0;0.0;0;0;0;0;0;0;0;0;0;0;0;0;0;0;0;0;;0;0;0;0;0;0;0;0;0;0;0;0;0;0;0;0;org.apache.commons.discovery.DiscoveryException#public#DiscoveryException(String);
\discovery\src\java\org\apache\commons\discovery\DiscoveryException.java;org.apache.commons.discovery;org.apache.commons.discovery.DiscoveryException;DiscoveryException;1;0;0;0;0;RuntimeException;0;0;Constructor;DiscoveryException;1;0;0;0;0;0;0;1;0;;0;0;0;0;0;0;0;0;0;0;0;0;0;0;0;0.0;0;0;0;0;0;0;0;0;0;0;0;0;0;0;0;0;;0;0;0;0;0;0;0;0;0;0;0;0;0;0;0;0;org.apache.commons.discovery.DiscoveryException#public#DiscoveryException(Throwable);
\discovery\src\java\org\apache\commons\discovery\DiscoveryException.java;org.apache.commons.discovery;org.apache.commons.discovery.DiscoveryException;DiscoveryException;1;0;0;0;0;RuntimeException;0;0;Constructor;DiscoveryException;1;0;0;0;0;0;0;2;0;;0;0;0;0;0;0;0;0;0;0;0;0;0;0;0;0.0;0;0;0;0;0;0;0;0;0;0;0;0;0;0;0;0;;0;0;0;0;0;0;0;0;0;0;0;0;0;0;0;0;org.apache.commons.discovery.DiscoveryException#public#DiscoveryException(String#Throwable);
\discovery\src\java\org\apache\commons\discovery\DiscoveryException.java;org.apache.commons.discovery;org.apache.commons.discovery.DiscoveryException;DiscoveryException;1;0;0;0;0;RuntimeException;0;0;Method;getCause;1;0;0;0;0;0;0;0;0;;0;0;0;0;0;0;0;0;0;0;0;0;0;0;0;0.0;0;0;0;0;0;0;0;0;0;0;0;0;0;0;0;0;;0;0;0;0;0;0;0;0;0;0;0;0;0;0;0;0;org.apache.commons.discovery.DiscoveryException#public#getCause();
\discovery\src\java\org\apache\commons\discovery\DiscoveryException.java;org.apache.commons.discovery;org.apache.commons.discovery.DiscoveryException;DiscoveryException;1;0;0;0;0;RuntimeException;0;0;Method;toString;1;0;0;0;0;0;0;0;0;;0;0;0;1;0;0;0;0;0;0;0;0;0;0;0;0.0;0;0;0;0;0;0;0;0;0;0;0;0;0;0;0;0;;0;0;0;0;0;0;0;0;0;0;0;0;0;0;0;0;org.apache.commons.discovery.DiscoveryException#public#toString();
\discovery\src\java\org\apache\commons\discovery\DiscoveryException.java;org.apache.commons.discovery;org.apache.commons.discovery.DiscoveryException;DiscoveryException;1;0;0;0;0;RuntimeException;0;0;Method;stackToString;1;0;0;0;0;0;0;1;0;;0;0;0;0;0;0;0;0;0;0;0;0;0;0;0;0.0;0;0;0;0;0;0;0;0;0;0;0;0;0;0;0;0;;0;0;0;0;0;0;0;0;0;0;0;0;0;0;0;0;org.apache.commons.discovery.DiscoveryException#public#stackToString(Throwable);
\discovery\src\java\org\apache\commons\discovery\resource\classes\ResourceClassDiscoverImpl.java;org.apache.commons.discovery.resource.classes;org.apache.commons.discovery.resource.classes.ResourceClassDiscoverImpl;ResourceClassDiscoverImpl;1;0;0;0;0;ResourceDiscoverImpl;1;1;Constructor;ResourceClassDiscoverImpl;1;0;0;0;0;0;0;0;0;;0;0;0;0;0;0;0;0;0;0;0;0;0;0;0;0.0;0;0;0;0;0;0;0;0;0;0;0;0;0;0;0;0;;0;0;0;0;0;0;0;0;0;0;0;0;0;0;0;0;org.apache.commons.discovery.resource.classes.ResourceClassDiscoverImpl#public#ResourceClassDiscoverImpl();
\discovery\src\java\org\apache\commons\discovery\resource\classes\ResourceClassDiscoverImpl.java;org.apache.commons.discovery.resource.classes;org.apache.commons.discovery.resource.classes.ResourceClassDiscoverImpl;ResourceClassDiscoverImpl;1;0;0;0;0;ResourceDiscoverImpl;1;1;Constructor;ResourceClassDiscoverImpl;1;0;0;0;0;0;0;1;0;;0;0;0;0;0;0;0;0;0;0;0;0;0;0;0;0.0;0;0;0;0;0;0;0;0;0;0;0;0;0;0;0;0;;0;0;0;0;0;0;0;0;0;0;0;0;0;0;0;0;org.apache.commons.discovery.resource.classes.ResourceClassDiscoverImpl#public#ResourceClassDiscoverImpl(ClassLoaders);
\discovery\src\java\org\apache\commons\discovery\resource\classes\ResourceClassDiscoverImpl.java;org.apache.commons.discovery.resource.classes;org.apache.commons.discovery.resource.classes.ResourceClassDiscoverImpl;ResourceClassDiscoverImpl;1;0;0;0;0;ResourceDiscoverImpl;1;1;Method;findResourceNames;1;0;0;0;0;0;0;1;0;;0;0;0;0;0;0;0;0;0;0;0;0;0;0;0;0.0;0;0;0;0;0;0;0;0;0;0;0;0;0;0;0;0;;0;0;0;0;0;0;0;0;0;0;0;0;0;0;0;0;org.apache.commons.discovery.resource.classes.ResourceClassDiscoverImpl#public#findResourceNames(String);
\discovery\src\java\org\apache\commons\discovery\resource\classes\ResourceClassDiscoverImpl.java;org.apache.commons.discovery.resource.classes;org.apache.commons.discovery.resource.classes.ResourceClassDiscoverImpl;ResourceClassDiscoverImpl;1;0;0;0;0;ResourceDiscoverImpl;1;1;Method;findResourceNames;1;0;0;0;0;0;0;1;0;;0;0;0;0;0;0;0;0;0;0;0;0;0;0;0;0.0;0;0;0;0;0;0;0;0;0;0;0;0;0;0;0;0;;0;0;0;0;0;0;0;0;0;0;0;0;0;0;0;0;org.apache.commons.discovery.resource.classes.ResourceClassDiscoverImpl#public#findResourceNames(ResourceNameIterator);
\discovery\src\java\org\apache\commons\discovery\resource\classes\ResourceClassDiscoverImpl.java;org.apache.commons.discovery.resource.classes;org.apache.commons.discovery.resource.classes.ResourceClassDiscoverImpl;ResourceClassDiscoverImpl;1;0;0;0;0;ResourceDiscoverImpl;1;1;Method;findResources;1;0;0;0;0;0;0;1;0;;0;0;0;0;0;0;0;0;0;0;0;0;0;0;0;0.0;0;0;0;0;0;0;0;0;0;0;0;0;0;0;0;0;;0;0;0;0;0;0;0;0;0;0;0;0;0;0;0;0;org.apache.commons.discovery.resource.classes.ResourceClassDiscoverImpl#public#findResources(String);
\discovery\src\java\org\apache\commons\discovery\resource\classes\ResourceClassDiscoverImpl.java;org.apache.commons.discovery.resource.classes;org.apache.commons.discovery.resource.classes.ResourceClassDiscoverImpl;ResourceClassDiscoverImpl;1;0;0;0;0;ResourceDiscoverImpl;1;1;Method;findResources;1;0;0;0;0;0;0;1;0;;0;0;0;0;0;0;0;0;0;0;0;0;0;0;0;0.0;0;0;0;0;0;0;0;0;0;0;0;0;0;0;0;0;;0;0;0;0;0;0;0;0;0;0;0;0;0;0;0;0;org.apache.commons.discovery.resource.classes.ResourceClassDiscoverImpl#public#findResources(ResourceNameIterator);
\discovery\src\java\org\apache\commons\discovery\resource\classes\ResourceClassDiscoverImpl.java;org.apache.commons.discovery.resource.classes;org.apache.commons.discovery.resource.classes.ResourceClassDiscoverImpl;ResourceClassDiscoverImpl;1;0;0;0;0;ResourceDiscoverImpl;1;1;Method;findResourceClasses;1;0;0;0;0;0;0;1;0;;0;1;0;1;0;0;0;0;0;0;0;0;0;0;0;0.0;0;0;0;0;0;0;0;0;0;0;0;0;0;0;0;0;;0;0;0;0;0;0;0;0;0;0;0;0;0;0;0;0;org.apache.commons.discovery.resource.classes.ResourceClassDiscoverImpl#public#findResourceClasses(ResourceNameIterator);
\discovery\src\java\org\apache\commons\discovery\tools\DefaultClassHolder.java;org.apache.commons.discovery.tools;org.apache.commons.discovery.tools.DefaultClassHolder;DefaultClassHolder;1;0;0;0;0;null;0;0;Constructor;DefaultClassHolder;1;0;0;0;0;0;0;1;0;;0;0;0;0;0;0;0;0;0;0;0;0;0;0;0;0.0;0;0;0;0;0;0;0;0;0;0;0;0;0;0;0;0;;0;0;0;0;0;0;0;0;0;0;0;0;0;0;0;0;org.apache.commons.discovery.tools.DefaultClassHolder#public#DefaultClassHolder(Class);
\discovery\src\java\org\apache\commons\discovery\tools\DefaultClassHolder.java;org.apache.commons.discovery.tools;org.apache.commons.discovery.tools.DefaultClassHolder;DefaultClassHolder;1;0;0;0;0;null;0;0;Constructor;DefaultClassHolder;1;0;0;0;0;0;0;1;0;;0;0;0;0;0;0;0;0;0;0;0;0;0;0;0;0.0;0;0;0;0;0;0;0;0;0;0;0;0;0;0;0;0;;0;0;0;0;0;0;0;0;0;0;0;0;0;0;0;0;org.apache.commons.discovery.tools.DefaultClassHolder#public#DefaultClassHolder(String);
\discovery\src\java\org\apache\commons\discovery\tools\DefaultClassHolder.java;org.apache.commons.discovery.tools;org.apache.commons.discovery.tools.DefaultClassHolder;DefaultClassHolder;1;0;0;0;0;null;0;0;Method;getDefaultClass;1;0;0;0;0;0;0;2;0;;0;0;0;3;0;0;0;0;0;1;0;0;1;1;1;1.0;0;0;0;1;1;0;0;0;0;0;0;0;0;0;1;0;Exception;0;0;0;0;0;0;0;0;0;0;0;0;0;0;0;0;org.apache.commons.discovery.tools.DefaultClassHolder#public#getDefaultClass(SPInterface#ClassLoaders);
\discovery\src\java\org\apache\commons\discovery\tools\DefaultClassHolder.java;org.apache.commons.discovery.tools;org.apache.commons.discovery.tools.DefaultClassHolder;DefaultClassHolder;1;0;0;0;0;null;0;0;Method;getDefaultName;1;0;0;0;0;0;0;0;0;;0;0;0;0;0;0;0;0;0;0;0;0;0;0;0;0.0;0;0;0;0;0;0;0;0;0;0;0;0;0;0;0;0;;0;0;0;0;0;0;0;0;0;0;0;0;0;0;0;0;org.apache.commons.discovery.tools.DefaultClassHolder#public#getDefaultName();
\discovery\src\java\org\apache\commons\discovery\jdk\JDK12Hooks.java;org.apache.commons.discovery.jdk;org.apache.commons.discovery.jdk.JDK12Hooks;JDK12Hooks;1;0;0;0;0;JDKHooks;0;0;Method;getThreadContextClassLoader;1;0;0;0;0;0;0;0;0;;0;0;0;0;0;0;0;0;0;1;0;0;1;1;1;1.0;0;0;0;0;0;0;0;0;0;0;0;0;0;0;1;0;SecurityException;0;0;0;0;0;0;0;0;0;0;0;0;0;0;0;0;org.apache.commons.discovery.jdk.JDK12Hooks#public#getThreadContextClassLoader();
\discovery\src\java\org\apache\commons\discovery\jdk\JDK12Hooks.java;org.apache.commons.discovery.jdk;org.apache.commons.discovery.jdk.JDK12Hooks;JDK12Hooks;1;0;0;0;0;JDKHooks;0;0;Method;getSystemClassLoader;1;0;0;0;0;0;0;0;0;;0;0;0;0;0;0;0;0;0;1;0;0;1;1;1;1.0;0;0;0;0;0;0;0;0;0;0;0;0;0;0;1;0;SecurityException;0;0;0;0;0;0;0;0;0;0;0;0;0;0;0;0;org.apache.commons.discovery.jdk.JDK12Hooks#public#getSystemClassLoader();
\discovery\src\java\org\apache\commons\discovery\jdk\JDK12Hooks.java;org.apache.commons.discovery.jdk;org.apache.commons.discovery.jdk.JDK12Hooks;JDK12Hooks;1;0;0;0;0;JDKHooks;0;0;Method;getResources;1;0;0;0;0;0;0;2;1;java.io.IOException:;0;0;0;0;0;0;0;0;0;0;0;0;0;0;0;0.0;0;0;0;0;0;0;0;0;0;0;0;0;0;0;0;0;;0;0;0;0;0;0;0;0;0;0;0;0;0;0;0;0;org.apache.commons.discovery.jdk.JDK12Hooks#public#getResources(ClassLoader#String)IOException;
\discovery\src\java\org\apache\commons\discovery\jdk\JDKHooks.java;org.apache.commons.discovery.jdk;org.apache.commons.discovery.jdk.JDKHooks;JDKHooks;1;0;0;0;0;null;0;1;Constructor;JDKHooks;1;0;0;0;0;0;0;0;0;;0;0;0;0;0;0;0;0;0;0;0;0;0;0;0;0.0;0;0;0;0;0;0;0;0;0;0;0;0;0;0;0;0;;0;0;0;0;0;0;0;0;0;0;0;0;0;0;0;0;org.apache.commons.discovery.jdk.JDKHooks#public#JDKHooks();
\discovery\src\java\org\apache\commons\discovery\jdk\JDKHooks.java;org.apache.commons.discovery.jdk;org.apache.commons.discovery.jdk.JDKHooks;JDKHooks;1;0;0;0;0;null;0;1;Method;getJDKHooks;1;0;0;0;0;0;0;0;0;;0;0;0;0;0;0;0;0;0;0;0;0;0;0;0;0.0;0;0;0;0;0;0;0;0;0;0;0;0;0;0;0;0;;0;0;0;0;0;0;0;0;0;0;0;0;0;0;0;0;org.apache.commons.discovery.jdk.JDKHooks#public#getJDKHooks();
\discovery\src\java\org\apache\commons\discovery\resource\names\DiscoverServiceNames.java;org.apache.commons.discovery.resource.names;org.apache.commons.discovery.resource.names.DiscoverServiceNames;DiscoverServiceNames;1;0;0;0;0;DiscoverNamesInFile;1;0;Constructor;DiscoverServiceNames;1;0;0;0;0;0;0;0;0;;0;0;0;0;0;0;0;0;0;0;0;0;0;0;0;0.0;0;0;0;0;0;0;0;0;0;0;0;0;0;0;0;0;;0;0;0;0;0;0;0;0;0;0;0;0;0;0;0;0;org.apache.commons.discovery.resource.names.DiscoverServiceNames#public#DiscoverServiceNames();
\discovery\src\java\org\apache\commons\discovery\resource\names\DiscoverServiceNames.java;org.apache.commons.discovery.resource.names;org.apache.commons.discovery.resource.names.DiscoverServiceNames;DiscoverServiceNames;1;0;0;0;0;DiscoverNamesInFile;1;0;Constructor;DiscoverServiceNames;1;0;0;0;0;0;0;1;0;;0;0;0;0;0;0;0;0;0;0;0;0;0;0;0;0.0;0;0;0;0;0;0;0;0;0;0;0;0;0;0;0;0;;0;0;0;0;0;0;0;0;0;0;0;0;0;0;0;0;org.apache.commons.discovery.resource.names.DiscoverServiceNames#public#DiscoverServiceNames(ClassLoaders);
\discovery\src\java\org\apache\commons\discovery\resource\names\DiscoverServiceNames.java;org.apache.commons.discovery.resource.names;org.apache.commons.discovery.resource.names.DiscoverServiceNames;DiscoverServiceNames;1;0;0;0;0;DiscoverNamesInFile;1;0;Constructor;DiscoverServiceNames;1;0;0;0;0;0;0;1;0;;0;0;0;0;0;0;0;0;0;0;0;0;0;0;0;0.0;0;0;0;0;0;0;0;0;0;0;0;0;0;0;0;0;;0;0;0;0;0;0;0;0;0;0;0;0;0;0;0;0;org.apache.commons.discovery.resource.names.DiscoverServiceNames#public#DiscoverServiceNames(ResourceDiscover);
\discovery\src\java\org\apache\commons\discovery\resource\names\DiscoverServiceNames.java;org.apache.commons.discovery.resource.names;org.apache.commons.discovery.resource.names.DiscoverServiceNames;DiscoverServiceNames;1;0;0;0;0;DiscoverNamesInFile;1;0;Method;findResourceNames;1;0;0;0;0;0;0;1;0;;0;0;0;0;0;0;0;0;0;0;0;0;0;0;0;0.0;0;0;0;0;0;0;0;0;0;0;0;0;0;0;0;0;;0;0;0;0;0;0;0;0;0;0;0;0;0;0;0;0;org.apache.commons.discovery.resource.names.DiscoverServiceNames#public#findResourceNames(String);
\discovery\src\java\org\apache\commons\discovery\resource\names\DiscoverNamesInDictionary.java;org.apache.commons.discovery.resource.names;org.apache.commons.discovery.resource.names.DiscoverNamesInDictionary;DiscoverNamesInDictionary;1;0;0;0;0;ResourceNameDiscoverImpl;1;0;Method;setLog;1;0;0;0;0;0;0;1;0;;0;0;0;0;0;0;0;0;0;0;0;0;0;0;0;0.0;0;0;0;0;0;0;0;0;0;0;0;0;0;0;0;0;;0;0;0;0;0;0;0;0;0;0;0;0;0;0;0;0;org.apache.commons.discovery.resource.names.DiscoverNamesInDictionary#public#setLog(Log);
\discovery\src\java\org\apache\commons\discovery\resource\names\DiscoverNamesInDictionary.java;org.apache.commons.discovery.resource.names;org.apache.commons.discovery.resource.names.DiscoverNamesInDictionary;DiscoverNamesInDictionary;1;0;0;0;0;ResourceNameDiscoverImpl;1;0;Constructor;DiscoverNamesInDictionary;1;0;0;0;0;0;0;0;0;;0;0;0;0;0;0;0;0;0;0;0;0;0;0;0;0.0;0;0;0;0;0;0;0;0;0;0;0;0;0;0;0;0;;0;0;0;0;0;0;0;0;0;0;0;0;0;0;0;0;org.apache.commons.discovery.resource.names.DiscoverNamesInDictionary#public#DiscoverNamesInDictionary();
\discovery\src\java\org\apache\commons\discovery\resource\names\DiscoverNamesInDictionary.java;org.apache.commons.discovery.resource.names;org.apache.commons.discovery.resource.names.DiscoverNamesInDictionary;DiscoverNamesInDictionary;1;0;0;0;0;ResourceNameDiscoverImpl;1;0;Constructor;DiscoverNamesInDictionary;1;0;0;0;0;0;0;1;0;;0;0;0;0;0;0;0;0;0;0;0;0;0;0;0;0.0;0;0;0;0;0;0;0;0;0;0;0;0;0;0;0;0;;0;0;0;0;0;0;0;0;0;0;0;0;0;0;0;0;org.apache.commons.discovery.resource.names.DiscoverNamesInDictionary#public#DiscoverNamesInDictionary(Dictionary);
\discovery\src\java\org\apache\commons\discovery\resource\names\DiscoverNamesInDictionary.java;org.apache.commons.discovery.resource.names;org.apache.commons.discovery.resource.names.DiscoverNamesInDictionary;DiscoverNamesInDictionary;1;0;0;0;0;ResourceNameDiscoverImpl;1;0;Method;getDictionary;1;0;0;0;0;0;0;0;0;;0;0;0;0;0;0;0;0;0;0;0;0;0;0;0;0.0;0;0;0;0;0;0;0;0;0;0;0;0;0;0;0;0;;0;0;0;0;0;0;0;0;0;0;0;0;0;0;0;0;org.apache.commons.discovery.resource.names.DiscoverNamesInDictionary#public#getDictionary();
\discovery\src\java\org\apache\commons\discovery\resource\names\DiscoverNamesInDictionary.java;org.apache.commons.discovery.resource.names;org.apache.commons.discovery.resource.names.DiscoverNamesInDictionary;DiscoverNamesInDictionary;1;0;0;0;0;ResourceNameDiscoverImpl;1;0;Method;setDictionary;1;0;0;0;0;0;0;1;0;;0;0;0;0;0;0;0;0;0;0;0;0;0;0;0;0.0;0;0;0;0;0;0;0;0;0;0;0;0;0;0;0;0;;0;0;0;0;0;0;0;0;0;0;0;0;0;0;0;0;org.apache.commons.discovery.resource.names.DiscoverNamesInDictionary#public#setDictionary(Dictionary);
\discovery\src\java\org\apache\commons\discovery\resource\names\DiscoverNamesInDictionary.java;org.apache.commons.discovery.resource.names;org.apache.commons.discovery.resource.names.DiscoverNamesInDictionary;DiscoverNamesInDictionary;1;0;0;0;0;ResourceNameDiscoverImpl;1;0;Method;addResource;1;0;0;0;0;0;0;2;0;;0;0;0;0;0;0;0;0;0;0;0;0;0;0;0;0.0;0;0;0;0;0;0;0;0;0;0;0;0;0;0;0;0;;0;0;0;0;0;0;0;0;0;0;0;0;0;0;0;0;org.apache.commons.discovery.resource.names.DiscoverNamesInDictionary#public#addResource(String#String);
\discovery\src\java\org\apache\commons\discovery\resource\names\DiscoverNamesInDictionary.java;org.apache.commons.discovery.resource.names;org.apache.commons.discovery.resource.names.DiscoverNamesInDictionary;DiscoverNamesInDictionary;1;0;0;0;0;ResourceNameDiscoverImpl;1;0;Method;addResource;1;0;0;0;0;0;0;2;0;;0;0;0;0;0;0;0;0;0;0;0;0;0;0;0;0.0;0;0;0;0;0;0;0;0;0;0;0;0;0;0;0;0;;0;0;0;0;0;0;0;0;0;0;0;0;0;0;0;0;org.apache.commons.discovery.resource.names.DiscoverNamesInDictionary#public#addResource(String#String[]);
\discovery\src\java\org\apache\commons\discovery\resource\names\DiscoverNamesInDictionary.java;org.apache.commons.discovery.resource.names;org.apache.commons.discovery.resource.names.DiscoverNamesInDictionary;DiscoverNamesInDictionary;1;0;0;0;0;ResourceNameDiscoverImpl;1;0;Method;findResourceNames;1;0;0;0;0;0;0;1;0;;0;0;0;3;0;0;0;0;0;0;0;0;0;0;0;0.0;0;0;0;0;0;0;0;0;0;0;0;0;0;0;0;0;;0;0;0;0;0;0;0;0;0;0;0;0;0;0;0;0;org.apache.commons.discovery.resource.names.DiscoverNamesInDictionary#public#findResourceNames(String);
\discovery\src\java\org\apache\commons\discovery\tools\DiscoverClass.java;org.apache.commons.discovery.tools;org.apache.commons.discovery.tools.DiscoverClass;DiscoverClass;1;0;0;0;0;null;0;0;Constructor;DiscoverClass;1;0;0;0;0;0;0;0;0;;0;0;0;0;0;0;0;0;0;0;0;0;0;0;0;0.0;0;0;0;0;0;0;0;0;0;0;0;0;0;0;0;0;;0;0;0;0;0;0;0;0;0;0;0;0;0;0;0;0;org.apache.commons.discovery.tools.DiscoverClass#public#DiscoverClass();
\discovery\src\java\org\apache\commons\discovery\tools\DiscoverClass.java;org.apache.commons.discovery.tools;org.apache.commons.discovery.tools.DiscoverClass;DiscoverClass;1;0;0;0;0;null;0;0;Constructor;DiscoverClass;1;0;0;0;0;0;0;1;0;;0;0;0;0;0;0;0;0;0;0;0;0;0;0;0;0.0;0;0;0;0;0;0;0;0;0;0;0;0;0;0;0;0;;0;0;0;0;0;0;0;0;0;0;0;0;0;0;0;0;org.apache.commons.discovery.tools.DiscoverClass#public#DiscoverClass(ClassLoaders);
\discovery\src\java\org\apache\commons\discovery\tools\DiscoverClass.java;org.apache.commons.discovery.tools;org.apache.commons.discovery.tools.DiscoverClass;DiscoverClass;1;0;0;0;0;null;0;0;Method;getClassLoaders;1;0;0;0;0;0;0;1;0;;0;0;0;0;0;0;0;0;0;0;0;0;0;0;0;0.0;0;0;0;0;0;0;0;0;0;0;0;0;0;0;0;0;;0;0;0;0;0;0;0;0;0;0;0;0;0;0;0;0;org.apache.commons.discovery.tools.DiscoverClass#public#getClassLoaders(Class);
\discovery\src\java\org\apache\commons\discovery\tools\DiscoverClass.java;org.apache.commons.discovery.tools;org.apache.commons.discovery.tools.DiscoverClass;DiscoverClass;1;0;0;0;0;null;0;0;Method;find;1;0;0;0;0;0;0;1;1;org.apache.commons.discovery.DiscoveryException:;0;0;0;0;0;0;0;0;0;0;0;0;0;0;0;0.0;0;0;0;0;0;0;0;0;0;0;0;0;0;0;0;0;;0;0;0;0;0;0;0;0;0;0;0;0;0;0;0;0;org.apache.commons.discovery.tools.DiscoverClass#public#find(Class)DiscoveryException;
\discovery\src\java\org\apache\commons\discovery\tools\DiscoverClass.java;org.apache.commons.discovery.tools;org.apache.commons.discovery.tools.DiscoverClass;DiscoverClass;1;0;0;0;0;null;0;0;Method;find;1;0;0;0;0;0;0;2;1;org.apache.commons.discovery.DiscoveryException:;0;0;0;0;0;0;0;0;0;0;0;0;0;0;0;0.0;0;0;0;0;0;0;0;0;0;0;0;0;0;0;0;0;;0;0;0;0;0;0;0;0;0;0;0;0;0;0;0;0;org.apache.commons.discovery.tools.DiscoverClass#public#find(Class#Properties)DiscoveryException;
\discovery\src\java\org\apache\commons\discovery\tools\DiscoverClass.java;org.apache.commons.discovery.tools;org.apache.commons.discovery.tools.DiscoverClass;DiscoverClass;1;0;0;0;0;null;0;0;Method;find;1;0;0;0;0;0;0;2;1;org.apache.commons.discovery.DiscoveryException:;0;0;0;0;0;0;0;0;0;0;0;0;0;0;0;0.0;0;0;0;0;0;0;0;0;0;0;0;0;0;0;0;0;;0;0;0;0;0;0;0;0;0;0;0;0;0;0;0;0;org.apache.commons.discovery.tools.DiscoverClass#public#find(Class#String)DiscoveryException;
\discovery\src\java\org\apache\commons\discovery\tools\DiscoverClass.java;org.apache.commons.discovery.tools;org.apache.commons.discovery.tools.DiscoverClass;DiscoverClass;1;0;0;0;0;null;0;0;Method;find;1;0;0;0;0;0;0;3;1;org.apache.commons.discovery.DiscoveryException:;0;0;0;0;0;0;0;0;0;0;0;0;0;0;0;0.0;0;0;0;0;0;0;0;0;0;0;0;0;0;0;0;0;;0;0;0;0;0;0;0;0;0;0;0;0;0;0;0;0;org.apache.commons.discovery.tools.DiscoverClass#public#find(Class#Properties#String)DiscoveryException;
\discovery\src\java\org\apache\commons\discovery\tools\DiscoverClass.java;org.apache.commons.discovery.tools;org.apache.commons.discovery.tools.DiscoverClass;DiscoverClass;1;0;0;0;0;null;0;0;Method;find;1;0;0;0;0;0;0;3;1;org.apache.commons.discovery.DiscoveryException:;0;0;0;0;0;0;0;0;0;0;0;0;0;0;0;0.0;0;0;0;0;0;0;0;0;0;0;0;0;0;0;0;0;;0;0;0;0;0;0;0;0;0;0;0;0;0;0;0;0;org.apache.commons.discovery.tools.DiscoverClass#public#find(Class#String#String)DiscoveryException;
\discovery\src\java\org\apache\commons\discovery\tools\DiscoverClass.java;org.apache.commons.discovery.tools;org.apache.commons.discovery.tools.DiscoverClass;DiscoverClass;1;0;0;0;0;null;0;0;Method;find;1;0;0;0;0;0;0;4;1;org.apache.commons.discovery.DiscoveryException:;0;1;0;4;0;0;0;0;1;2;0;0;2;1;1;1.0;0;0;0;2;2;0;0;0;0;0;0;0;0;0;2;0;Exception;0;0;0;0;0;0;0;0;0;0;0;0;0;0;0;0;org.apache.commons.discovery.tools.DiscoverClass#public#find(ClassLoaders#SPInterface#PropertiesHolder#DefaultClassHolder)DiscoveryException;
\discovery\src\java\org\apache\commons\discovery\tools\DiscoverClass.java;org.apache.commons.discovery.tools;org.apache.commons.discovery.tools.DiscoverClass;DiscoverClass;1;0;0;0;0;null;0;0;Method;newInstance;1;0;0;0;0;0;0;1;5;org.apache.commons.discovery.DiscoveryException:InstantiationException:IllegalAccessException:NoSuchMethodException:java.lang.reflect.InvocationTargetException:;0;0;0;0;0;0;0;0;0;0;0;0;0;0;0;0.0;0;0;0;0;0;0;0;0;0;0;0;0;0;0;0;0;;0;0;0;0;0;0;0;0;0;0;0;0;0;0;0;0;org.apache.commons.discovery.tools.DiscoverClass#public#newInstance(Class)DiscoveryException#InstantiationException#IllegalAccessException#NoSuchMethodException#InvocationTargetException;
\discovery\src\java\org\apache\commons\discovery\tools\DiscoverClass.java;org.apache.commons.discovery.tools;org.apache.commons.discovery.tools.DiscoverClass;DiscoverClass;1;0;0;0;0;null;0;0;Method;newInstance;1;0;0;0;0;0;0;2;5;org.apache.commons.discovery.DiscoveryException:InstantiationException:IllegalAccessException:NoSuchMethodException:java.lang.reflect.InvocationTargetException:;0;0;0;0;0;0;0;0;0;0;0;0;0;0;0;0.0;0;0;0;0;0;0;0;0;0;0;0;0;0;0;0;0;;0;0;0;0;0;0;0;0;0;0;0;0;0;0;0;0;org.apache.commons.discovery.tools.DiscoverClass#public#newInstance(Class#Properties)DiscoveryException#InstantiationException#IllegalAccessException#NoSuchMethodException#InvocationTargetException;
\discovery\src\java\org\apache\commons\discovery\tools\DiscoverClass.java;org.apache.commons.discovery.tools;org.apache.commons.discovery.tools.DiscoverClass;DiscoverClass;1;0;0;0;0;null;0;0;Method;newInstance;1;0;0;0;0;0;0;2;5;org.apache.commons.discovery.DiscoveryException:InstantiationException:IllegalAccessException:NoSuchMethodException:java.lang.reflect.InvocationTargetException:;0;0;0;0;0;0;0;0;0;0;0;0;0;0;0;0.0;0;0;0;0;0;0;0;0;0;0;0;0;0;0;0;0;;0;0;0;0;0;0;0;0;0;0;0;0;0;0;0;0;org.apache.commons.discovery.tools.DiscoverClass#public#newInstance(Class#String)DiscoveryException#InstantiationException#IllegalAccessException#NoSuchMethodException#InvocationTargetException;
\discovery\src\java\org\apache\commons\discovery\tools\DiscoverClass.java;org.apache.commons.discovery.tools;org.apache.commons.discovery.tools.DiscoverClass;DiscoverClass;1;0;0;0;0;null;0;0;Method;newInstance;1;0;0;0;0;0;0;3;5;org.apache.commons.discovery.DiscoveryException:InstantiationException:IllegalAccessException:NoSuchMethodException:java.lang.reflect.InvocationTargetException:;0;0;0;0;0;0;0;0;0;0;0;0;0;0;0;0.0;0;0;0;0;0;0;0;0;0;0;0;0;0;0;0;0;;0;0;0;0;0;0;0;0;0;0;0;0;0;0;0;0;org.apache.commons.discovery.tools.DiscoverClass#public#newInstance(Class#Properties#String)DiscoveryException#InstantiationException#IllegalAccessException#NoSuchMethodException#InvocationTargetException;
\discovery\src\java\org\apache\commons\discovery\tools\DiscoverClass.java;org.apache.commons.discovery.tools;org.apache.commons.discovery.tools.DiscoverClass;DiscoverClass;1;0;0;0;0;null;0;0;Method;newInstance;1;0;0;0;0;0;0;3;5;org.apache.commons.discovery.DiscoveryException:InstantiationException:IllegalAccessException:NoSuchMethodException:java.lang.reflect.InvocationTargetException:;0;0;0;0;0;0;0;0;0;0;0;0;0;0;0;0.0;0;0;0;0;0;0;0;0;0;0;0;0;0;0;0;0;;0;0;0;0;0;0;0;0;0;0;0;0;0;0;0;0;org.apache.commons.discovery.tools.DiscoverClass#public#newInstance(Class#String#String)DiscoveryException#InstantiationException#IllegalAccessException#NoSuchMethodException#InvocationTargetException;
\discovery\src\java\org\apache\commons\discovery\tools\DiscoverClass.java;org.apache.commons.discovery.tools;org.apache.commons.discovery.tools.DiscoverClass;DiscoverClass;1;0;0;0;0;null;0;0;Method;newInstance;1;0;0;0;0;0;0;4;5;org.apache.commons.discovery.DiscoveryException:InstantiationException:IllegalAccessException:NoSuchMethodException:java.lang.reflect.InvocationTargetException:;0;0;0;0;0;0;0;0;0;0;0;0;0;0;0;0.0;0;0;0;0;0;0;0;0;0;0;0;0;0;0;0;0;;0;0;0;0;0;0;0;0;0;0;0;0;0;0;0;0;org.apache.commons.discovery.tools.DiscoverClass#public#newInstance(ClassLoaders#SPInterface#PropertiesHolder#DefaultClassHolder)DiscoveryException#InstantiationException#IllegalAccessException#NoSuchMethodException#InvocationTargetException;
\discovery\src\java\org\apache\commons\discovery\tools\DiscoverClass.java;org.apache.commons.discovery.tools;org.apache.commons.discovery.tools.DiscoverClass;DiscoverClass;1;0;0;0;0;null;0;0;Method;discoverClassNames;1;0;0;0;0;0;0;2;0;;0;0;0;7;0;0;0;0;0;0;0;0;0;0;0;0.0;0;0;0;0;0;0;0;0;0;0;0;0;0;0;0;0;;0;0;0;0;0;0;0;0;0;0;0;0;0;0;0;0;org.apache.commons.discovery.tools.DiscoverClass#public#discoverClassNames(SPInterface#Properties);
\discovery\src\java\org\apache\commons\discovery\tools\DiscoverClass.java;org.apache.commons.discovery.tools;org.apache.commons.discovery.tools.DiscoverClass;DiscoverClass;1;0;0;0;0;null;0;0;Method;getManagedProperty;1;0;0;0;0;0;0;1;0;;0;0;0;0;0;0;0;0;0;1;0;0;1;1;1;1.0;0;0;0;0;0;0;0;0;0;0;0;0;0;0;1;0;SecurityException;0;0;0;0;0;0;0;0;0;0;0;0;0;0;0;0;org.apache.commons.discovery.tools.DiscoverClass#public#getManagedProperty(String);
\discovery\src\java\org\apache\commons\discovery\tools\ManagedProperties.java;org.apache.commons.discovery.tools;org.apache.commons.discovery.tools.ManagedProperties;ManagedProperties;1;0;0;0;0;null;0;0;Method;getProperty;1;0;0;0;0;0;0;1;0;;0;0;0;0;0;0;0;0;0;0;0;0;0;0;0;0.0;0;0;0;0;0;0;0;0;0;0;0;0;0;0;0;0;;0;0;0;0;0;0;0;0;0;0;0;0;0;0;0;0;org.apache.commons.discovery.tools.ManagedProperties#public#getProperty(String);
\discovery\src\java\org\apache\commons\discovery\tools\ManagedProperties.java;org.apache.commons.discovery.tools;org.apache.commons.discovery.tools.ManagedProperties;ManagedProperties;1;0;0;0;0;null;0;0;Method;getProperty;1;0;0;0;0;0;0;2;0;;0;0;0;0;0;0;0;0;0;0;0;0;0;0;0;0.0;0;0;0;0;0;0;0;0;0;0;0;0;0;0;0;0;;0;0;0;0;0;0;0;0;0;0;0;0;0;0;0;0;org.apache.commons.discovery.tools.ManagedProperties#public#getProperty(String#String);
\discovery\src\java\org\apache\commons\discovery\tools\ManagedProperties.java;org.apache.commons.discovery.tools;org.apache.commons.discovery.tools.ManagedProperties;ManagedProperties;1;0;0;0;0;null;0;0;Method;getProperty;1;0;0;0;0;0;0;2;0;;0;0;0;2;0;0;0;0;0;0;0;0;0;0;0;0.0;0;0;0;0;0;0;0;0;0;0;0;0;0;0;0;0;;0;0;0;0;0;0;0;0;0;0;0;0;0;0;0;0;org.apache.commons.discovery.tools.ManagedProperties#public#getProperty(ClassLoader#String);
\discovery\src\java\org\apache\commons\discovery\tools\ManagedProperties.java;org.apache.commons.discovery.tools;org.apache.commons.discovery.tools.ManagedProperties;ManagedProperties;1;0;0;0;0;null;0;0;Method;getProperty;1;0;0;0;0;0;0;3;0;;0;0;0;0;0;0;0;0;0;0;0;0;0;0;0;0.0;0;0;0;0;0;0;0;0;0;0;0;0;0;0;0;0;;0;0;0;0;0;0;0;0;0;0;0;0;0;0;0;0;org.apache.commons.discovery.tools.ManagedProperties#public#getProperty(ClassLoader#String#String);
\discovery\src\java\org\apache\commons\discovery\tools\ManagedProperties.java;org.apache.commons.discovery.tools;org.apache.commons.discovery.tools.ManagedProperties;ManagedProperties;1;0;0;0;0;null;0;0;Method;setProperty;1;0;0;0;0;0;0;2;0;;0;0;0;0;0;0;0;0;0;0;0;0;0;0;0;0.0;0;0;0;0;0;0;0;0;0;0;0;0;0;0;0;0;;0;0;0;0;0;0;0;0;0;0;0;0;0;0;0;0;org.apache.commons.discovery.tools.ManagedProperties#public#setProperty(String#String);
\discovery\src\java\org\apache\commons\discovery\tools\ManagedProperties.java;org.apache.commons.discovery.tools;org.apache.commons.discovery.tools.ManagedProperties;ManagedProperties;1;0;0;0;0;null;0;0;Method;setProperty;1;0;0;0;0;0;0;3;0;;0;0;0;3;0;0;0;0;0;0;0;0;0;0;0;0.0;0;0;0;0;0;0;0;0;0;0;0;0;0;0;0;0;;0;0;0;0;0;0;0;0;0;0;0;0;0;0;0;0;org.apache.commons.discovery.tools.ManagedProperties#public#setProperty(String#String#boolean);
\discovery\src\java\org\apache\commons\discovery\tools\ManagedProperties.java;org.apache.commons.discovery.tools;org.apache.commons.discovery.tools.ManagedProperties;ManagedProperties;1;0;0;0;0;null;0;0;Method;setProperties;1;0;0;0;0;0;0;1;0;;0;0;0;0;0;0;0;0;0;0;0;0;0;0;0;0.0;0;0;0;0;0;0;0;0;0;0;0;0;0;0;0;0;;0;0;0;0;0;0;0;0;0;0;0;0;0;0;0;0;org.apache.commons.discovery.tools.ManagedProperties#public#setProperties(Map);
\discovery\src\java\org\apache\commons\discovery\tools\ManagedProperties.java;org.apache.commons.discovery.tools;org.apache.commons.discovery.tools.ManagedProperties;ManagedProperties;1;0;0;0;0;null;0;0;Method;setProperties;1;0;0;0;0;0;0;2;0;;0;1;0;0;0;0;0;0;0;0;0;0;0;0;0;0.0;0;0;0;0;0;0;0;0;0;0;0;0;0;0;0;0;;0;0;0;0;0;0;0;0;0;0;0;0;0;0;0;0;org.apache.commons.discovery.tools.ManagedProperties#public#setProperties(Map#boolean);
\discovery\src\java\org\apache\commons\discovery\tools\ManagedProperties.java;org.apache.commons.discovery.tools;org.apache.commons.discovery.tools.ManagedProperties;ManagedProperties;1;0;0;0;0;null;0;0;Method;propertyNames;1;0;0;0;0;0;0;0;0;;0;1;0;2;0;0;0;0;0;0;0;0;0;0;0;0.0;0;0;0;0;0;0;0;0;0;0;0;0;0;0;0;0;;0;0;0;0;0;0;0;0;0;0;0;0;0;0;0;0;org.apache.commons.discovery.tools.ManagedProperties#public#propertyNames();
\discovery\src\java\org\apache\commons\discovery\tools\ManagedProperties.java;org.apache.commons.discovery.tools;org.apache.commons.discovery.tools.ManagedProperties;ManagedProperties;1;0;0;0;0;null;0;0;Method;getProperties;1;0;0;0;0;0;0;0;0;;0;1;0;0;0;0;0;0;0;0;0;0;0;0;0;0.0;0;0;0;0;0;0;0;0;0;0;0;0;0;0;0;0;;0;0;0;0;0;0;0;0;0;0;0;0;0;0;0;0;org.apache.commons.discovery.tools.ManagedProperties#public#getProperties();
\discovery\src\java\org\apache\commons\discovery\tools\ManagedProperties.java;org.apache.commons.discovery.tools;org.apache.commons.discovery.tools.ManagedProperties;ManagedProperties;1;0;0;0;0;null;0;0;Method;getValueProperty;1;0;0;0;0;0;0;2;0;;0;0;0;5;0;0;0;0;0;0;0;0;0;0;0;0.0;0;0;0;0;0;0;0;0;0;0;0;0;0;0;0;0;;0;0;0;0;0;0;0;0;0;0;0;0;0;0;0;0;org.apache.commons.discovery.tools.ManagedProperties#public#getValueProperty(ClassLoader#String);
\discovery\src\java\org\apache\commons\discovery\tools\ManagedProperties.java;org.apache.commons.discovery.tools;org.apache.commons.discovery.tools.ManagedProperties;ManagedProperties;1;0;0;0;0;null;0;0;Method;getThreadContextClassLoader;1;0;0;0;0;0;0;0;0;;0;0;0;0;0;0;0;0;0;0;0;0;0;0;0;0.0;0;0;0;0;0;0;0;0;0;0;0;0;0;0;0;0;;0;0;0;0;0;0;0;0;0;0;0;0;0;0;0;0;org.apache.commons.discovery.tools.ManagedProperties#public#getThreadContextClassLoader();
\discovery\src\java\org\apache\commons\discovery\tools\ManagedProperties.java;org.apache.commons.discovery.tools;org.apache.commons.discovery.tools.ManagedProperties;ManagedProperties;1;0;0;0;0;null;0;0;Method;getParent;1;0;0;0;0;0;0;1;0;;0;0;0;0;0;0;0;0;0;0;0;0;0;0;0;0.0;0;0;0;0;0;0;0;0;0;0;0;0;0;0;0;0;;0;0;0;0;0;0;0;0;0;0;0;0;0;0;0;0;org.apache.commons.discovery.tools.ManagedProperties#public#getParent(ClassLoader);
\discovery\src\java\org\apache\commons\discovery\tools\ManagedProperties.java;org.apache.commons.discovery.tools;org.apache.commons.discovery.tools.ManagedProperties.Value;Value;1;0;0;0;0;null;0;0;Constructor;Value;0;0;0;1;0;0;0;2;0;;0;0;0;0;0;0;0;0;0;0;0;0;0;0;0;0.0;0;0;0;0;0;0;0;0;0;0;0;0;0;0;0;0;;0;0;0;0;0;0;0;0;0;0;0;0;0;0;0;0;org.apache.commons.discovery.tools.ManagedProperties.Value##Value(String#boolean);
\discovery\src\test\org\apache\commons\discovery\test\TestImpl1_1.java;org.apache.commons.discovery.test;org.apache.commons.discovery.test.TestImpl1_1;TestImpl1_1;1;0;0;0;1;null;1;0;Constructor;TestImpl1_1;1;0;0;0;0;0;0;0;0;;0;0;0;0;0;0;0;0;0;0;0;0;0;0;0;0.0;0;0;0;0;0;0;0;0;0;0;0;0;0;0;0;0;;0;0;0;0;0;0;0;0;0;0;0;0;0;0;0;0;org.apache.commons.discovery.test.TestImpl1_1#public#TestImpl1_1();
\discovery\src\test\org\apache\commons\discovery\test\TestImpl1_1.java;org.apache.commons.discovery.test;org.apache.commons.discovery.test.TestImpl1_1;TestImpl1_1;1;0;0;0;1;null;1;0;Method;method;1;0;0;0;0;0;1;0;0;;0;0;0;0;0;0;0;0;0;0;0;0;0;0;0;0.0;0;0;0;0;0;0;0;0;0;0;0;0;0;0;0;0;;0;0;0;0;0;0;0;0;0;0;0;0;0;0;0;0;org.apache.commons.discovery.test.TestImpl1_1#public#method();
\discovery\src\java\org\apache\commons\discovery\ResourceIterator.java;org.apache.commons.discovery;org.apache.commons.discovery.ResourceIterator;ResourceIterator;1;0;0;0;0;null;1;1;Method;nextResourceName;1;0;0;0;0;0;0;0;0;;0;0;0;0;0;0;0;0;0;0;0;0;0;0;0;0.0;0;0;0;0;0;0;0;0;0;0;0;0;0;0;0;0;;0;0;0;0;0;0;0;0;0;0;0;0;0;0;0;0;org.apache.commons.discovery.ResourceIterator#public#nextResourceName();
