filename;package;fullname;name;isClass;isInterface;isEnum;extends_TestCase;inTestCaseFolder;parentclass;#interfaces;isAbstractClass;method_type;method_name;method_isPublic;method_isProtected;method_isPrivate;method_isNoModifier;isOverridenMethod;isTestMethod;isHelperMethodInTestClass;#method_arguments;#method_exceptions_list;method_exceptions;#do_statements;#while_statements;#for_statements;#if_statements;#switch_statements;#empty_blocks;#assert_statements;#fail_statements;#throw;#try_blocks;#try_with_nested_try;#big_try_nested;#catches;catches_min;catches_max;catches_avg;#catches_return_statement;#catches_return_expression;#catches_return_null;#catches_empty;#catches_empty_withcomments;#catches_system_exit;#catches_system_ouputerrconsole;#catches_callprintstacktrace;#catches_with_decision_loop_structures;#catches_with_decision_structures;#catches_with_loop_structures;#catches_with_asserts;#catches_with_fail;#catches_with_nested_try;#catches_1_param;#catches_n_param;catch_exceptions;#catches_throws_new;#catches_throws_newSameDesc;#catches_throws_newDiffDesc;#catches_throws_same;#catches_throws_different;#finally;#finally_with_decision_loop_structures;#finally_with_decision_structures;#finally_with_loop_structures;#finally_with_asserts;#finally_with_fail;#finally_with_nestedtry;#finally_with_empty_blocks;#throw_inTry;#throw_inCatch;#throw_inFinally;member_signature;
\beanutils\src\test\org\apache\commons\beanutils\priv\PrivateBeanFactory.java;org.apache.commons.beanutils.priv;org.apache.commons.beanutils.priv.PrivateBeanFactory;PrivateBeanFactory;1;0;0;0;1;null;0;0;Method;create;1;0;0;0;0;0;1;0;0;;0;0;0;0;0;0;0;0;0;0;0;0;0;0;0;0.0;0;0;0;0;0;0;0;0;0;0;0;0;0;0;0;0;;0;0;0;0;0;0;0;0;0;0;0;0;0;0;0;0;org.apache.commons.beanutils.priv.PrivateBeanFactory#public#create();
\beanutils\src\test\org\apache\commons\beanutils\PropertyUtilsTestCase.java;org.apache.commons.beanutils;org.apache.commons.beanutils.PropertyUtilsTestCase;PropertyUtilsTestCase;1;0;0;1;1;TestCase;0;0;Constructor;PropertyUtilsTestCase;1;0;0;0;0;0;0;1;0;;0;0;0;0;0;0;0;0;0;0;0;0;0;0;0;0.0;0;0;0;0;0;0;0;0;0;0;0;0;0;0;0;0;;0;0;0;0;0;0;0;0;0;0;0;0;0;0;0;0;org.apache.commons.beanutils.PropertyUtilsTestCase#public#PropertyUtilsTestCase(String);
\beanutils\src\test\org\apache\commons\beanutils\PropertyUtilsTestCase.java;org.apache.commons.beanutils;org.apache.commons.beanutils.PropertyUtilsTestCase;PropertyUtilsTestCase;1;0;0;1;1;TestCase;0;0;Method;setUp;1;0;0;0;0;0;1;0;0;;0;0;0;0;0;0;0;0;0;0;0;0;0;0;0;0.0;0;0;0;0;0;0;0;0;0;0;0;0;0;0;0;0;;0;0;0;0;0;0;0;0;0;0;0;0;0;0;0;0;org.apache.commons.beanutils.PropertyUtilsTestCase#public#setUp();
\beanutils\src\test\org\apache\commons\beanutils\PropertyUtilsTestCase.java;org.apache.commons.beanutils;org.apache.commons.beanutils.PropertyUtilsTestCase;PropertyUtilsTestCase;1;0;0;1;1;TestCase;0;0;Method;suite;1;0;0;0;0;0;1;0;0;;0;0;0;0;0;0;0;0;0;0;0;0;0;0;0;0.0;0;0;0;0;0;0;0;0;0;0;0;0;0;0;0;0;;0;0;0;0;0;0;0;0;0;0;0;0;0;0;0;0;org.apache.commons.beanutils.PropertyUtilsTestCase#public#suite();
\beanutils\src\test\org\apache\commons\beanutils\PropertyUtilsTestCase.java;org.apache.commons.beanutils;org.apache.commons.beanutils.PropertyUtilsTestCase;PropertyUtilsTestCase;1;0;0;1;1;TestCase;0;0;Method;tearDown;1;0;0;0;0;0;1;0;0;;0;0;0;0;0;0;0;0;0;0;0;0;0;0;0;0.0;0;0;0;0;0;0;0;0;0;0;0;0;0;0;0;0;;0;0;0;0;0;0;0;0;0;0;0;0;0;0;0;0;org.apache.commons.beanutils.PropertyUtilsTestCase#public#tearDown();
\beanutils\src\test\org\apache\commons\beanutils\PropertyUtilsTestCase.java;org.apache.commons.beanutils;org.apache.commons.beanutils.PropertyUtilsTestCase;PropertyUtilsTestCase;1;0;0;1;1;TestCase;0;0;Method;testGetDescriptorArguments;1;0;0;0;0;1;0;0;0;;0;0;0;0;0;2;0;4;0;2;0;0;4;2;2;2.0;0;0;0;2;2;0;0;0;0;0;0;0;2;0;4;0;IllegalArgumentException:Throwable;0;0;0;0;0;0;0;0;0;0;0;0;0;0;0;0;org.apache.commons.beanutils.PropertyUtilsTestCase#public#testGetDescriptorArguments();
\beanutils\src\test\org\apache\commons\beanutils\PropertyUtilsTestCase.java;org.apache.commons.beanutils;org.apache.commons.beanutils.PropertyUtilsTestCase;PropertyUtilsTestCase;1;0;0;1;1;TestCase;0;0;Method;testGetDescriptorBoolean;1;0;0;0;0;1;0;0;0;;0;0;0;0;0;0;0;0;0;0;0;0;0;0;0;0.0;0;0;0;0;0;0;0;0;0;0;0;0;0;0;0;0;;0;0;0;0;0;0;0;0;0;0;0;0;0;0;0;0;org.apache.commons.beanutils.PropertyUtilsTestCase#public#testGetDescriptorBoolean();
\beanutils\src\test\org\apache\commons\beanutils\PropertyUtilsTestCase.java;org.apache.commons.beanutils;org.apache.commons.beanutils.PropertyUtilsTestCase;PropertyUtilsTestCase;1;0;0;1;1;TestCase;0;0;Method;testGetDescriptorDouble;1;0;0;0;0;1;0;0;0;;0;0;0;0;0;0;0;0;0;0;0;0;0;0;0;0.0;0;0;0;0;0;0;0;0;0;0;0;0;0;0;0;0;;0;0;0;0;0;0;0;0;0;0;0;0;0;0;0;0;org.apache.commons.beanutils.PropertyUtilsTestCase#public#testGetDescriptorDouble();
\beanutils\src\test\org\apache\commons\beanutils\PropertyUtilsTestCase.java;org.apache.commons.beanutils;org.apache.commons.beanutils.PropertyUtilsTestCase;PropertyUtilsTestCase;1;0;0;1;1;TestCase;0;0;Method;testGetDescriptorFloat;1;0;0;0;0;1;0;0;0;;0;0;0;0;0;0;0;0;0;0;0;0;0;0;0;0.0;0;0;0;0;0;0;0;0;0;0;0;0;0;0;0;0;;0;0;0;0;0;0;0;0;0;0;0;0;0;0;0;0;org.apache.commons.beanutils.PropertyUtilsTestCase#public#testGetDescriptorFloat();
\beanutils\src\test\org\apache\commons\beanutils\PropertyUtilsTestCase.java;org.apache.commons.beanutils;org.apache.commons.beanutils.PropertyUtilsTestCase;PropertyUtilsTestCase;1;0;0;1;1;TestCase;0;0;Method;testGetDescriptorInt;1;0;0;0;0;1;0;0;0;;0;0;0;0;0;0;0;0;0;0;0;0;0;0;0;0.0;0;0;0;0;0;0;0;0;0;0;0;0;0;0;0;0;;0;0;0;0;0;0;0;0;0;0;0;0;0;0;0;0;org.apache.commons.beanutils.PropertyUtilsTestCase#public#testGetDescriptorInt();
\beanutils\src\test\org\apache\commons\beanutils\PropertyUtilsTestCase.java;org.apache.commons.beanutils;org.apache.commons.beanutils.PropertyUtilsTestCase;PropertyUtilsTestCase;1;0;0;1;1;TestCase;0;0;Method;testGetDescriptorLong;1;0;0;0;0;1;0;0;0;;0;0;0;0;0;0;0;0;0;0;0;0;0;0;0;0.0;0;0;0;0;0;0;0;0;0;0;0;0;0;0;0;0;;0;0;0;0;0;0;0;0;0;0;0;0;0;0;0;0;org.apache.commons.beanutils.PropertyUtilsTestCase#public#testGetDescriptorLong();
\beanutils\src\test\org\apache\commons\beanutils\PropertyUtilsTestCase.java;org.apache.commons.beanutils;org.apache.commons.beanutils.PropertyUtilsTestCase;PropertyUtilsTestCase;1;0;0;1;1;TestCase;0;0;Method;testGetDescriptorReadOnly;1;0;0;0;0;1;0;0;0;;0;0;0;0;0;0;0;0;0;0;0;0;0;0;0;0.0;0;0;0;0;0;0;0;0;0;0;0;0;0;0;0;0;;0;0;0;0;0;0;0;0;0;0;0;0;0;0;0;0;org.apache.commons.beanutils.PropertyUtilsTestCase#public#testGetDescriptorReadOnly();
\beanutils\src\test\org\apache\commons\beanutils\PropertyUtilsTestCase.java;org.apache.commons.beanutils;org.apache.commons.beanutils.PropertyUtilsTestCase;PropertyUtilsTestCase;1;0;0;1;1;TestCase;0;0;Method;testGetDescriptorSecond;1;0;0;0;0;1;0;0;0;;0;0;0;0;0;0;0;0;0;0;0;0;0;0;0;0.0;0;0;0;0;0;0;0;0;0;0;0;0;0;0;0;0;;0;0;0;0;0;0;0;0;0;0;0;0;0;0;0;0;org.apache.commons.beanutils.PropertyUtilsTestCase#public#testGetDescriptorSecond();
\beanutils\src\test\org\apache\commons\beanutils\PropertyUtilsTestCase.java;org.apache.commons.beanutils;org.apache.commons.beanutils.PropertyUtilsTestCase;PropertyUtilsTestCase;1;0;0;1;1;TestCase;0;0;Method;testGetDescriptorShort;1;0;0;0;0;1;0;0;0;;0;0;0;0;0;0;0;0;0;0;0;0;0;0;0;0.0;0;0;0;0;0;0;0;0;0;0;0;0;0;0;0;0;;0;0;0;0;0;0;0;0;0;0;0;0;0;0;0;0;org.apache.commons.beanutils.PropertyUtilsTestCase#public#testGetDescriptorShort();
\beanutils\src\test\org\apache\commons\beanutils\PropertyUtilsTestCase.java;org.apache.commons.beanutils;org.apache.commons.beanutils.PropertyUtilsTestCase;PropertyUtilsTestCase;1;0;0;1;1;TestCase;0;0;Method;testGetDescriptorString;1;0;0;0;0;1;0;0;0;;0;0;0;0;0;0;0;0;0;0;0;0;0;0;0;0.0;0;0;0;0;0;0;0;0;0;0;0;0;0;0;0;0;;0;0;0;0;0;0;0;0;0;0;0;0;0;0;0;0;org.apache.commons.beanutils.PropertyUtilsTestCase#public#testGetDescriptorString();
\beanutils\src\test\org\apache\commons\beanutils\PropertyUtilsTestCase.java;org.apache.commons.beanutils;org.apache.commons.beanutils.PropertyUtilsTestCase;PropertyUtilsTestCase;1;0;0;1;1;TestCase;0;0;Method;testGetDescriptorUnknown;1;0;0;0;0;1;0;0;0;;0;0;0;0;0;0;0;0;0;0;0;0;0;0;0;0.0;0;0;0;0;0;0;0;0;0;0;0;0;0;0;0;0;;0;0;0;0;0;0;0;0;0;0;0;0;0;0;0;0;org.apache.commons.beanutils.PropertyUtilsTestCase#public#testGetDescriptorUnknown();
\beanutils\src\test\org\apache\commons\beanutils\PropertyUtilsTestCase.java;org.apache.commons.beanutils;org.apache.commons.beanutils.PropertyUtilsTestCase;PropertyUtilsTestCase;1;0;0;1;1;TestCase;0;0;Method;testGetDescriptorWriteOnly;1;0;0;0;0;1;0;0;0;;0;0;0;0;0;0;0;0;0;0;0;0;0;0;0;0.0;0;0;0;0;0;0;0;0;0;0;0;0;0;0;0;0;;0;0;0;0;0;0;0;0;0;0;0;0;0;0;0;0;org.apache.commons.beanutils.PropertyUtilsTestCase#public#testGetDescriptorWriteOnly();
\beanutils\src\test\org\apache\commons\beanutils\PropertyUtilsTestCase.java;org.apache.commons.beanutils;org.apache.commons.beanutils.PropertyUtilsTestCase;PropertyUtilsTestCase;1;0;0;1;1;TestCase;0;0;Method;testGetDescriptors;1;0;0;0;0;1;0;0;0;;0;0;3;3;0;0;1;2;0;0;0;0;0;0;0;0.0;0;0;0;0;0;0;0;0;0;0;0;0;0;0;0;0;;0;0;0;0;0;0;0;0;0;0;0;0;0;0;0;0;org.apache.commons.beanutils.PropertyUtilsTestCase#public#testGetDescriptors();
\beanutils\src\test\org\apache\commons\beanutils\PropertyUtilsTestCase.java;org.apache.commons.beanutils;org.apache.commons.beanutils.PropertyUtilsTestCase;PropertyUtilsTestCase;1;0;0;1;1;TestCase;0;0;Method;testGetDescriptorsArguments;1;0;0;0;0;1;0;0;0;;0;0;0;0;0;1;0;2;0;1;0;0;2;2;2;2.0;0;0;0;1;1;0;0;0;0;0;0;0;1;0;2;0;IllegalArgumentException:Throwable;0;0;0;0;0;0;0;0;0;0;0;0;0;0;0;0;org.apache.commons.beanutils.PropertyUtilsTestCase#public#testGetDescriptorsArguments();
\beanutils\src\test\org\apache\commons\beanutils\PropertyUtilsTestCase.java;org.apache.commons.beanutils;org.apache.commons.beanutils.PropertyUtilsTestCase;PropertyUtilsTestCase;1;0;0;1;1;TestCase;0;0;Method;testGetNestedArguments;1;0;0;0;0;1;0;0;0;;0;0;0;0;0;2;0;4;0;2;0;0;4;2;2;2.0;0;0;0;2;2;0;0;0;0;0;0;0;2;0;4;0;IllegalArgumentException:Throwable;0;0;0;0;0;0;0;0;0;0;0;0;0;0;0;0;org.apache.commons.beanutils.PropertyUtilsTestCase#public#testGetNestedArguments();
\beanutils\src\test\org\apache\commons\beanutils\PropertyUtilsTestCase.java;org.apache.commons.beanutils;org.apache.commons.beanutils.PropertyUtilsTestCase;PropertyUtilsTestCase;1;0;0;1;1;TestCase;0;0;Method;testGetNestedBoolean;1;0;0;0;0;1;0;0;0;;0;0;0;0;0;0;3;4;0;1;0;0;4;4;4;4.0;0;0;0;0;0;0;0;0;0;0;0;0;4;0;4;0;IllegalAccessException:IllegalArgumentException:java.lang.reflect.InvocationTargetException:NoSuchMethodException;0;0;0;0;0;0;0;0;0;0;0;0;0;0;0;0;org.apache.commons.beanutils.PropertyUtilsTestCase#public#testGetNestedBoolean();
\beanutils\src\test\org\apache\commons\beanutils\PropertyUtilsTestCase.java;org.apache.commons.beanutils;org.apache.commons.beanutils.PropertyUtilsTestCase;PropertyUtilsTestCase;1;0;0;1;1;TestCase;0;0;Method;testGetNestedDouble;1;0;0;0;0;1;0;0;0;;0;0;0;0;0;0;3;4;0;1;0;0;4;4;4;4.0;0;0;0;0;0;0;0;0;0;0;0;0;4;0;4;0;IllegalAccessException:IllegalArgumentException:java.lang.reflect.InvocationTargetException:NoSuchMethodException;0;0;0;0;0;0;0;0;0;0;0;0;0;0;0;0;org.apache.commons.beanutils.PropertyUtilsTestCase#public#testGetNestedDouble();
\beanutils\src\test\org\apache\commons\beanutils\PropertyUtilsTestCase.java;org.apache.commons.beanutils;org.apache.commons.beanutils.PropertyUtilsTestCase;PropertyUtilsTestCase;1;0;0;1;1;TestCase;0;0;Method;testGetNestedFloat;1;0;0;0;0;1;0;0;0;;0;0;0;0;0;0;3;4;0;1;0;0;4;4;4;4.0;0;0;0;0;0;0;0;0;0;0;0;0;4;0;4;0;IllegalAccessException:IllegalArgumentException:java.lang.reflect.InvocationTargetException:NoSuchMethodException;0;0;0;0;0;0;0;0;0;0;0;0;0;0;0;0;org.apache.commons.beanutils.PropertyUtilsTestCase#public#testGetNestedFloat();
\beanutils\src\test\org\apache\commons\beanutils\PropertyUtilsTestCase.java;org.apache.commons.beanutils;org.apache.commons.beanutils.PropertyUtilsTestCase;PropertyUtilsTestCase;1;0;0;1;1;TestCase;0;0;Method;testGetNestedInt;1;0;0;0;0;1;0;0;0;;0;0;0;0;0;0;3;4;0;1;0;0;4;4;4;4.0;0;0;0;0;0;0;0;0;0;0;0;0;4;0;4;0;IllegalAccessException:IllegalArgumentException:java.lang.reflect.InvocationTargetException:NoSuchMethodException;0;0;0;0;0;0;0;0;0;0;0;0;0;0;0;0;org.apache.commons.beanutils.PropertyUtilsTestCase#public#testGetNestedInt();
\beanutils\src\test\org\apache\commons\beanutils\PropertyUtilsTestCase.java;org.apache.commons.beanutils;org.apache.commons.beanutils.PropertyUtilsTestCase;PropertyUtilsTestCase;1;0;0;1;1;TestCase;0;0;Method;testGetNestedLong;1;0;0;0;0;1;0;0;0;;0;0;0;0;0;0;3;4;0;1;0;0;4;4;4;4.0;0;0;0;0;0;0;0;0;0;0;0;0;4;0;4;0;IllegalAccessException:IllegalArgumentException:java.lang.reflect.InvocationTargetException:NoSuchMethodException;0;0;0;0;0;0;0;0;0;0;0;0;0;0;0;0;org.apache.commons.beanutils.PropertyUtilsTestCase#public#testGetNestedLong();
\beanutils\src\test\org\apache\commons\beanutils\PropertyUtilsTestCase.java;org.apache.commons.beanutils;org.apache.commons.beanutils.PropertyUtilsTestCase;PropertyUtilsTestCase;1;0;0;1;1;TestCase;0;0;Method;testGetNestedReadOnly;1;0;0;0;0;1;0;0;0;;0;0;0;0;0;0;3;4;0;1;0;0;4;4;4;4.0;0;0;0;0;0;0;0;0;0;0;0;0;4;0;4;0;IllegalAccessException:IllegalArgumentException:java.lang.reflect.InvocationTargetException:NoSuchMethodException;0;0;0;0;0;0;0;0;0;0;0;0;0;0;0;0;org.apache.commons.beanutils.PropertyUtilsTestCase#public#testGetNestedReadOnly();
\beanutils\src\test\org\apache\commons\beanutils\PropertyUtilsTestCase.java;org.apache.commons.beanutils;org.apache.commons.beanutils.PropertyUtilsTestCase;PropertyUtilsTestCase;1;0;0;1;1;TestCase;0;0;Method;testGetNestedShort;1;0;0;0;0;1;0;0;0;;0;0;0;0;0;0;3;4;0;1;0;0;4;4;4;4.0;0;0;0;0;0;0;0;0;0;0;0;0;4;0;4;0;IllegalAccessException:IllegalArgumentException:java.lang.reflect.InvocationTargetException:NoSuchMethodException;0;0;0;0;0;0;0;0;0;0;0;0;0;0;0;0;org.apache.commons.beanutils.PropertyUtilsTestCase#public#testGetNestedShort();
\beanutils\src\test\org\apache\commons\beanutils\PropertyUtilsTestCase.java;org.apache.commons.beanutils;org.apache.commons.beanutils.PropertyUtilsTestCase;PropertyUtilsTestCase;1;0;0;1;1;TestCase;0;0;Method;testGetNestedString;1;0;0;0;0;1;0;0;0;;0;0;0;0;0;0;3;4;0;1;0;0;4;4;4;4.0;0;0;0;0;0;0;0;0;0;0;0;0;4;0;4;0;IllegalAccessException:IllegalArgumentException:java.lang.reflect.InvocationTargetException:NoSuchMethodException;0;0;0;0;0;0;0;0;0;0;0;0;0;0;0;0;org.apache.commons.beanutils.PropertyUtilsTestCase#public#testGetNestedString();
\beanutils\src\test\org\apache\commons\beanutils\PropertyUtilsTestCase.java;org.apache.commons.beanutils;org.apache.commons.beanutils.PropertyUtilsTestCase;PropertyUtilsTestCase;1;0;0;1;1;TestCase;0;0;Method;testGetNestedUnknown;1;0;0;0;0;1;0;0;0;;0;0;0;0;0;1;0;4;0;1;0;0;4;4;4;4.0;0;0;0;1;1;0;0;0;0;0;0;0;3;0;4;0;IllegalAccessException:IllegalArgumentException:java.lang.reflect.InvocationTargetException:NoSuchMethodException;0;0;0;0;0;0;0;0;0;0;0;0;0;0;0;0;org.apache.commons.beanutils.PropertyUtilsTestCase#public#testGetNestedUnknown();
\beanutils\src\test\org\apache\commons\beanutils\PropertyUtilsTestCase.java;org.apache.commons.beanutils;org.apache.commons.beanutils.PropertyUtilsTestCase;PropertyUtilsTestCase;1;0;0;1;1;TestCase;0;0;Method;testGetNestedWriteOnly;1;0;0;0;0;1;0;0;0;;0;0;0;0;0;1;0;4;0;1;0;0;4;4;4;4.0;0;0;0;1;1;0;0;0;0;0;0;0;3;0;4;0;IllegalAccessException:IllegalArgumentException:java.lang.reflect.InvocationTargetException:NoSuchMethodException;0;0;0;0;0;0;0;0;0;0;0;0;0;0;0;0;org.apache.commons.beanutils.PropertyUtilsTestCase#public#testGetNestedWriteOnly();
\beanutils\src\test\org\apache\commons\beanutils\PropertyUtilsTestCase.java;org.apache.commons.beanutils;org.apache.commons.beanutils.PropertyUtilsTestCase;PropertyUtilsTestCase;1;0;0;1;1;TestCase;0;0;Method;testGetReadMethodBasic;1;0;0;0;0;1;0;0;0;;0;0;0;0;0;0;0;0;0;0;0;0;0;0;0;0.0;0;0;0;0;0;0;0;0;0;0;0;0;0;0;0;0;;0;0;0;0;0;0;0;0;0;0;0;0;0;0;0;0;org.apache.commons.beanutils.PropertyUtilsTestCase#public#testGetReadMethodBasic();
\beanutils\src\test\org\apache\commons\beanutils\PropertyUtilsTestCase.java;org.apache.commons.beanutils;org.apache.commons.beanutils.PropertyUtilsTestCase;PropertyUtilsTestCase;1;0;0;1;1;TestCase;0;0;Method;testGetReadMethodPackageSubclass;1;0;0;0;0;1;0;0;0;;0;0;0;0;0;0;0;0;0;0;0;0;0;0;0;0.0;0;0;0;0;0;0;0;0;0;0;0;0;0;0;0;0;;0;0;0;0;0;0;0;0;0;0;0;0;0;0;0;0;org.apache.commons.beanutils.PropertyUtilsTestCase#public#testGetReadMethodPackageSubclass();
\beanutils\src\test\org\apache\commons\beanutils\PropertyUtilsTestCase.java;org.apache.commons.beanutils;org.apache.commons.beanutils.PropertyUtilsTestCase;PropertyUtilsTestCase;1;0;0;1;1;TestCase;0;0;Method;testGetReadMethodPublicInterface;1;0;0;0;0;1;0;0;0;;0;0;1;1;0;1;2;2;0;1;0;0;2;2;2;2.0;0;0;0;1;1;0;0;0;0;0;0;0;1;0;2;0;IllegalAccessException:Throwable;0;0;0;0;0;0;0;0;0;0;0;0;0;0;0;0;org.apache.commons.beanutils.PropertyUtilsTestCase#public#testGetReadMethodPublicInterface();
\beanutils\src\test\org\apache\commons\beanutils\PropertyUtilsTestCase.java;org.apache.commons.beanutils;org.apache.commons.beanutils.PropertyUtilsTestCase;PropertyUtilsTestCase;1;0;0;1;1;TestCase;0;0;Method;testGetReadMethodPublicSubclass;1;0;0;0;0;1;0;0;0;;0;0;0;0;0;0;0;0;0;0;0;0;0;0;0;0.0;0;0;0;0;0;0;0;0;0;0;0;0;0;0;0;0;;0;0;0;0;0;0;0;0;0;0;0;0;0;0;0;0;org.apache.commons.beanutils.PropertyUtilsTestCase#public#testGetReadMethodPublicSubclass();
\beanutils\src\test\org\apache\commons\beanutils\PropertyUtilsTestCase.java;org.apache.commons.beanutils;org.apache.commons.beanutils.PropertyUtilsTestCase;PropertyUtilsTestCase;1;0;0;1;1;TestCase;0;0;Method;testGetSimpleArguments;1;0;0;0;0;1;0;0;0;;0;0;0;0;0;2;0;4;0;2;0;0;4;2;2;2.0;0;0;0;2;2;0;0;0;0;0;0;0;2;0;4;0;IllegalArgumentException:Throwable;0;0;0;0;0;0;0;0;0;0;0;0;0;0;0;0;org.apache.commons.beanutils.PropertyUtilsTestCase#public#testGetSimpleArguments();
\beanutils\src\test\org\apache\commons\beanutils\PropertyUtilsTestCase.java;org.apache.commons.beanutils;org.apache.commons.beanutils.PropertyUtilsTestCase;PropertyUtilsTestCase;1;0;0;1;1;TestCase;0;0;Method;testGetSimpleBoolean;1;0;0;0;0;1;0;0;0;;0;0;0;0;0;0;3;4;0;1;0;0;4;4;4;4.0;0;0;0;0;0;0;0;0;0;0;0;0;4;0;4;0;IllegalAccessException:IllegalArgumentException:java.lang.reflect.InvocationTargetException:NoSuchMethodException;0;0;0;0;0;0;0;0;0;0;0;0;0;0;0;0;org.apache.commons.beanutils.PropertyUtilsTestCase#public#testGetSimpleBoolean();
\beanutils\src\test\org\apache\commons\beanutils\PropertyUtilsTestCase.java;org.apache.commons.beanutils;org.apache.commons.beanutils.PropertyUtilsTestCase;PropertyUtilsTestCase;1;0;0;1;1;TestCase;0;0;Method;testGetSimpleDouble;1;0;0;0;0;1;0;0;0;;0;0;0;0;0;0;3;4;0;1;0;0;4;4;4;4.0;0;0;0;0;0;0;0;0;0;0;0;0;4;0;4;0;IllegalAccessException:IllegalArgumentException:java.lang.reflect.InvocationTargetException:NoSuchMethodException;0;0;0;0;0;0;0;0;0;0;0;0;0;0;0;0;org.apache.commons.beanutils.PropertyUtilsTestCase#public#testGetSimpleDouble();
\beanutils\src\test\org\apache\commons\beanutils\PropertyUtilsTestCase.java;org.apache.commons.beanutils;org.apache.commons.beanutils.PropertyUtilsTestCase;PropertyUtilsTestCase;1;0;0;1;1;TestCase;0;0;Method;testGetSimpleFloat;1;0;0;0;0;1;0;0;0;;0;0;0;0;0;0;3;4;0;1;0;0;4;4;4;4.0;0;0;0;0;0;0;0;0;0;0;0;0;4;0;4;0;IllegalAccessException:IllegalArgumentException:java.lang.reflect.InvocationTargetException:NoSuchMethodException;0;0;0;0;0;0;0;0;0;0;0;0;0;0;0;0;org.apache.commons.beanutils.PropertyUtilsTestCase#public#testGetSimpleFloat();
\beanutils\src\test\org\apache\commons\beanutils\PropertyUtilsTestCase.java;org.apache.commons.beanutils;org.apache.commons.beanutils.PropertyUtilsTestCase;PropertyUtilsTestCase;1;0;0;1;1;TestCase;0;0;Method;testGetSimpleIndexed;1;0;0;0;0;1;0;0;0;;0;0;0;0;0;1;0;4;0;1;0;0;4;4;4;4.0;0;0;0;1;1;0;0;0;0;0;0;0;3;0;4;0;IllegalAccessException:IllegalArgumentException:java.lang.reflect.InvocationTargetException:NoSuchMethodException;0;0;0;0;0;0;0;0;0;0;0;0;0;0;0;0;org.apache.commons.beanutils.PropertyUtilsTestCase#public#testGetSimpleIndexed();
\beanutils\src\test\org\apache\commons\beanutils\PropertyUtilsTestCase.java;org.apache.commons.beanutils;org.apache.commons.beanutils.PropertyUtilsTestCase;PropertyUtilsTestCase;1;0;0;1;1;TestCase;0;0;Method;testGetSimpleInt;1;0;0;0;0;1;0;0;0;;0;0;0;0;0;0;3;4;0;1;0;0;4;4;4;4.0;0;0;0;0;0;0;0;0;0;0;0;0;4;0;4;0;IllegalAccessException:IllegalArgumentException:java.lang.reflect.InvocationTargetException:NoSuchMethodException;0;0;0;0;0;0;0;0;0;0;0;0;0;0;0;0;org.apache.commons.beanutils.PropertyUtilsTestCase#public#testGetSimpleInt();
\beanutils\src\test\org\apache\commons\beanutils\PropertyUtilsTestCase.java;org.apache.commons.beanutils;org.apache.commons.beanutils.PropertyUtilsTestCase;PropertyUtilsTestCase;1;0;0;1;1;TestCase;0;0;Method;testGetSimpleLong;1;0;0;0;0;1;0;0;0;;0;0;0;0;0;0;3;4;0;1;0;0;4;4;4;4.0;0;0;0;0;0;0;0;0;0;0;0;0;4;0;4;0;IllegalAccessException:IllegalArgumentException:java.lang.reflect.InvocationTargetException:NoSuchMethodException;0;0;0;0;0;0;0;0;0;0;0;0;0;0;0;0;org.apache.commons.beanutils.PropertyUtilsTestCase#public#testGetSimpleLong();
\beanutils\src\test\org\apache\commons\beanutils\PropertyUtilsTestCase.java;org.apache.commons.beanutils;org.apache.commons.beanutils.PropertyUtilsTestCase;PropertyUtilsTestCase;1;0;0;1;1;TestCase;0;0;Method;testGetSimpleNested;1;0;0;0;0;1;0;0;0;;0;0;0;0;0;1;0;4;0;1;0;0;4;4;4;4.0;0;0;0;1;1;0;0;0;0;0;0;0;3;0;4;0;IllegalAccessException:IllegalArgumentException:java.lang.reflect.InvocationTargetException:NoSuchMethodException;0;0;0;0;0;0;0;0;0;0;0;0;0;0;0;0;org.apache.commons.beanutils.PropertyUtilsTestCase#public#testGetSimpleNested();
\beanutils\src\test\org\apache\commons\beanutils\PropertyUtilsTestCase.java;org.apache.commons.beanutils;org.apache.commons.beanutils.PropertyUtilsTestCase;PropertyUtilsTestCase;1;0;0;1;1;TestCase;0;0;Method;testGetSimpleReadOnly;1;0;0;0;0;1;0;0;0;;0;0;0;0;0;0;3;4;0;1;0;0;4;4;4;4.0;0;0;0;0;0;0;0;0;0;0;0;0;4;0;4;0;IllegalAccessException:IllegalArgumentException:java.lang.reflect.InvocationTargetException:NoSuchMethodException;0;0;0;0;0;0;0;0;0;0;0;0;0;0;0;0;org.apache.commons.beanutils.PropertyUtilsTestCase#public#testGetSimpleReadOnly();
\beanutils\src\test\org\apache\commons\beanutils\PropertyUtilsTestCase.java;org.apache.commons.beanutils;org.apache.commons.beanutils.PropertyUtilsTestCase;PropertyUtilsTestCase;1;0;0;1;1;TestCase;0;0;Method;testGetSimpleShort;1;0;0;0;0;1;0;0;0;;0;0;0;0;0;0;3;4;0;1;0;0;4;4;4;4.0;0;0;0;0;0;0;0;0;0;0;0;0;4;0;4;0;IllegalAccessException:IllegalArgumentException:java.lang.reflect.InvocationTargetException:NoSuchMethodException;0;0;0;0;0;0;0;0;0;0;0;0;0;0;0;0;org.apache.commons.beanutils.PropertyUtilsTestCase#public#testGetSimpleShort();
\beanutils\src\test\org\apache\commons\beanutils\PropertyUtilsTestCase.java;org.apache.commons.beanutils;org.apache.commons.beanutils.PropertyUtilsTestCase;PropertyUtilsTestCase;1;0;0;1;1;TestCase;0;0;Method;testGetSimpleString;1;0;0;0;0;1;0;0;0;;0;0;0;0;0;0;3;4;0;1;0;0;4;4;4;4.0;0;0;0;0;0;0;0;0;0;0;0;0;4;0;4;0;IllegalAccessException:IllegalArgumentException:java.lang.reflect.InvocationTargetException:NoSuchMethodException;0;0;0;0;0;0;0;0;0;0;0;0;0;0;0;0;org.apache.commons.beanutils.PropertyUtilsTestCase#public#testGetSimpleString();
\beanutils\src\test\org\apache\commons\beanutils\PropertyUtilsTestCase.java;org.apache.commons.beanutils;org.apache.commons.beanutils.PropertyUtilsTestCase;PropertyUtilsTestCase;1;0;0;1;1;TestCase;0;0;Method;testGetSimpleUnknown;1;0;0;0;0;1;0;0;0;;0;0;0;0;0;1;0;4;0;1;0;0;4;4;4;4.0;0;0;0;1;1;0;0;0;0;0;0;0;3;0;4;0;IllegalAccessException:IllegalArgumentException:java.lang.reflect.InvocationTargetException:NoSuchMethodException;0;0;0;0;0;0;0;0;0;0;0;0;0;0;0;0;org.apache.commons.beanutils.PropertyUtilsTestCase#public#testGetSimpleUnknown();
\beanutils\src\test\org\apache\commons\beanutils\PropertyUtilsTestCase.java;org.apache.commons.beanutils;org.apache.commons.beanutils.PropertyUtilsTestCase;PropertyUtilsTestCase;1;0;0;1;1;TestCase;0;0;Method;testGetSimpleWriteOnly;1;0;0;0;0;1;0;0;0;;0;0;0;0;0;1;0;4;0;1;0;0;4;4;4;4.0;0;0;0;1;1;0;0;0;0;0;0;0;3;0;4;0;IllegalAccessException:IllegalArgumentException:java.lang.reflect.InvocationTargetException:NoSuchMethodException;0;0;0;0;0;0;0;0;0;0;0;0;0;0;0;0;org.apache.commons.beanutils.PropertyUtilsTestCase#public#testGetSimpleWriteOnly();
\beanutils\src\test\org\apache\commons\beanutils\PropertyUtilsTestCase.java;org.apache.commons.beanutils;org.apache.commons.beanutils.PropertyUtilsTestCase;PropertyUtilsTestCase;1;0;0;1;1;TestCase;0;0;Method;testGetWriteMethodBasic;1;0;0;0;0;1;0;0;0;;0;0;0;0;0;0;0;0;0;0;0;0;0;0;0;0.0;0;0;0;0;0;0;0;0;0;0;0;0;0;0;0;0;;0;0;0;0;0;0;0;0;0;0;0;0;0;0;0;0;org.apache.commons.beanutils.PropertyUtilsTestCase#public#testGetWriteMethodBasic();
\beanutils\src\test\org\apache\commons\beanutils\PropertyUtilsTestCase.java;org.apache.commons.beanutils;org.apache.commons.beanutils.PropertyUtilsTestCase;PropertyUtilsTestCase;1;0;0;1;1;TestCase;0;0;Method;testGetWriteMethodPackageSubclass;1;0;0;0;0;1;0;0;0;;0;0;0;0;0;0;0;0;0;0;0;0;0;0;0;0.0;0;0;0;0;0;0;0;0;0;0;0;0;0;0;0;0;;0;0;0;0;0;0;0;0;0;0;0;0;0;0;0;0;org.apache.commons.beanutils.PropertyUtilsTestCase#public#testGetWriteMethodPackageSubclass();
\beanutils\src\test\org\apache\commons\beanutils\PropertyUtilsTestCase.java;org.apache.commons.beanutils;org.apache.commons.beanutils.PropertyUtilsTestCase;PropertyUtilsTestCase;1;0;0;1;1;TestCase;0;0;Method;testGetWriteMethodPublicSubclass;1;0;0;0;0;1;0;0;0;;0;0;0;0;0;0;0;0;0;0;0;0;0;0;0;0.0;0;0;0;0;0;0;0;0;0;0;0;0;0;0;0;0;;0;0;0;0;0;0;0;0;0;0;0;0;0;0;0;0;org.apache.commons.beanutils.PropertyUtilsTestCase#public#testGetWriteMethodPublicSubclass();
\beanutils\src\test\org\apache\commons\beanutils\PropertyUtilsTestCase.java;org.apache.commons.beanutils;org.apache.commons.beanutils.PropertyUtilsTestCase;PropertyUtilsTestCase;1;0;0;1;1;TestCase;0;0;Method;testSetNestedArguments;1;0;0;0;0;1;0;0;0;;0;0;0;0;0;2;0;4;0;2;0;0;4;2;2;2.0;0;0;0;2;2;0;0;0;0;0;0;0;2;0;4;0;IllegalArgumentException:Throwable;0;0;0;0;0;0;0;0;0;0;0;0;0;0;0;0;org.apache.commons.beanutils.PropertyUtilsTestCase#public#testSetNestedArguments();
\beanutils\src\test\org\apache\commons\beanutils\PropertyUtilsTestCase.java;org.apache.commons.beanutils;org.apache.commons.beanutils.PropertyUtilsTestCase;PropertyUtilsTestCase;1;0;0;1;1;TestCase;0;0;Method;testSetNestedBoolean;1;0;0;0;0;1;0;0;0;;0;0;0;0;0;0;1;4;0;1;0;0;4;4;4;4.0;0;0;0;0;0;0;0;0;0;0;0;0;4;0;4;0;IllegalAccessException:IllegalArgumentException:java.lang.reflect.InvocationTargetException:NoSuchMethodException;0;0;0;0;0;0;0;0;0;0;0;0;0;0;0;0;org.apache.commons.beanutils.PropertyUtilsTestCase#public#testSetNestedBoolean();
\beanutils\src\test\org\apache\commons\beanutils\PropertyUtilsTestCase.java;org.apache.commons.beanutils;org.apache.commons.beanutils.PropertyUtilsTestCase;PropertyUtilsTestCase;1;0;0;1;1;TestCase;0;0;Method;testSetNestedDouble;1;0;0;0;0;1;0;0;0;;0;0;0;0;0;0;1;4;0;1;0;0;4;4;4;4.0;0;0;0;0;0;0;0;0;0;0;0;0;4;0;4;0;IllegalAccessException:IllegalArgumentException:java.lang.reflect.InvocationTargetException:NoSuchMethodException;0;0;0;0;0;0;0;0;0;0;0;0;0;0;0;0;org.apache.commons.beanutils.PropertyUtilsTestCase#public#testSetNestedDouble();
\beanutils\src\test\org\apache\commons\beanutils\PropertyUtilsTestCase.java;org.apache.commons.beanutils;org.apache.commons.beanutils.PropertyUtilsTestCase;PropertyUtilsTestCase;1;0;0;1;1;TestCase;0;0;Method;testSetNestedFloat;1;0;0;0;0;1;0;0;0;;0;0;0;0;0;0;1;4;0;1;0;0;4;4;4;4.0;0;0;0;0;0;0;0;0;0;0;0;0;4;0;4;0;IllegalAccessException:IllegalArgumentException:java.lang.reflect.InvocationTargetException:NoSuchMethodException;0;0;0;0;0;0;0;0;0;0;0;0;0;0;0;0;org.apache.commons.beanutils.PropertyUtilsTestCase#public#testSetNestedFloat();
\beanutils\src\test\org\apache\commons\beanutils\PropertyUtilsTestCase.java;org.apache.commons.beanutils;org.apache.commons.beanutils.PropertyUtilsTestCase;PropertyUtilsTestCase;1;0;0;1;1;TestCase;0;0;Method;testSetNestedInt;1;0;0;0;0;1;0;0;0;;0;0;0;0;0;0;1;4;0;1;0;0;4;4;4;4.0;0;0;0;0;0;0;0;0;0;0;0;0;4;0;4;0;IllegalAccessException:IllegalArgumentException:java.lang.reflect.InvocationTargetException:NoSuchMethodException;0;0;0;0;0;0;0;0;0;0;0;0;0;0;0;0;org.apache.commons.beanutils.PropertyUtilsTestCase#public#testSetNestedInt();
\beanutils\src\test\org\apache\commons\beanutils\PropertyUtilsTestCase.java;org.apache.commons.beanutils;org.apache.commons.beanutils.PropertyUtilsTestCase;PropertyUtilsTestCase;1;0;0;1;1;TestCase;0;0;Method;testSetNestedLong;1;0;0;0;0;1;0;0;0;;0;0;0;0;0;0;1;4;0;1;0;0;4;4;4;4.0;0;0;0;0;0;0;0;0;0;0;0;0;4;0;4;0;IllegalAccessException:IllegalArgumentException:java.lang.reflect.InvocationTargetException:NoSuchMethodException;0;0;0;0;0;0;0;0;0;0;0;0;0;0;0;0;org.apache.commons.beanutils.PropertyUtilsTestCase#public#testSetNestedLong();
\beanutils\src\test\org\apache\commons\beanutils\PropertyUtilsTestCase.java;org.apache.commons.beanutils;org.apache.commons.beanutils.PropertyUtilsTestCase;PropertyUtilsTestCase;1;0;0;1;1;TestCase;0;0;Method;testSetNestedReadOnly;1;0;0;0;0;1;0;0;0;;0;0;0;0;0;1;0;4;0;1;0;0;4;4;4;4.0;0;0;0;1;1;0;0;0;0;0;0;0;3;0;4;0;IllegalAccessException:IllegalArgumentException:java.lang.reflect.InvocationTargetException:NoSuchMethodException;0;0;0;0;0;0;0;0;0;0;0;0;0;0;0;0;org.apache.commons.beanutils.PropertyUtilsTestCase#public#testSetNestedReadOnly();
\beanutils\src\test\org\apache\commons\beanutils\PropertyUtilsTestCase.java;org.apache.commons.beanutils;org.apache.commons.beanutils.PropertyUtilsTestCase;PropertyUtilsTestCase;1;0;0;1;1;TestCase;0;0;Method;testSetNestedShort;1;0;0;0;0;1;0;0;0;;0;0;0;0;0;0;1;4;0;1;0;0;4;4;4;4.0;0;0;0;0;0;0;0;0;0;0;0;0;4;0;4;0;IllegalAccessException:IllegalArgumentException:java.lang.reflect.InvocationTargetException:NoSuchMethodException;0;0;0;0;0;0;0;0;0;0;0;0;0;0;0;0;org.apache.commons.beanutils.PropertyUtilsTestCase#public#testSetNestedShort();
\beanutils\src\test\org\apache\commons\beanutils\PropertyUtilsTestCase.java;org.apache.commons.beanutils;org.apache.commons.beanutils.PropertyUtilsTestCase;PropertyUtilsTestCase;1;0;0;1;1;TestCase;0;0;Method;testSetNestedString;1;0;0;0;0;1;0;0;0;;0;0;0;0;0;0;1;4;0;1;0;0;4;4;4;4.0;0;0;0;0;0;0;0;0;0;0;0;0;4;0;4;0;IllegalAccessException:IllegalArgumentException:java.lang.reflect.InvocationTargetException:NoSuchMethodException;0;0;0;0;0;0;0;0;0;0;0;0;0;0;0;0;org.apache.commons.beanutils.PropertyUtilsTestCase#public#testSetNestedString();
\beanutils\src\test\org\apache\commons\beanutils\PropertyUtilsTestCase.java;org.apache.commons.beanutils;org.apache.commons.beanutils.PropertyUtilsTestCase;PropertyUtilsTestCase;1;0;0;1;1;TestCase;0;0;Method;testSetNestedUnknown;1;0;0;0;0;1;0;0;0;;0;0;0;0;0;1;0;4;0;1;0;0;4;4;4;4.0;0;0;0;1;1;0;0;0;0;0;0;0;3;0;4;0;IllegalAccessException:IllegalArgumentException:java.lang.reflect.InvocationTargetException:NoSuchMethodException;0;0;0;0;0;0;0;0;0;0;0;0;0;0;0;0;org.apache.commons.beanutils.PropertyUtilsTestCase#public#testSetNestedUnknown();
\beanutils\src\test\org\apache\commons\beanutils\PropertyUtilsTestCase.java;org.apache.commons.beanutils;org.apache.commons.beanutils.PropertyUtilsTestCase;PropertyUtilsTestCase;1;0;0;1;1;TestCase;0;0;Method;testSetNestedWriteOnly;1;0;0;0;0;1;0;0;0;;0;0;0;0;0;0;1;4;0;1;0;0;4;4;4;4.0;0;0;0;0;0;0;0;0;0;0;0;0;4;0;4;0;IllegalAccessException:IllegalArgumentException:java.lang.reflect.InvocationTargetException:NoSuchMethodException;0;0;0;0;0;0;0;0;0;0;0;0;0;0;0;0;org.apache.commons.beanutils.PropertyUtilsTestCase#public#testSetNestedWriteOnly();
\beanutils\src\test\org\apache\commons\beanutils\PropertyUtilsTestCase.java;org.apache.commons.beanutils;org.apache.commons.beanutils.PropertyUtilsTestCase;PropertyUtilsTestCase;1;0;0;1;1;TestCase;0;0;Method;testSetSimpleArguments;1;0;0;0;0;1;0;0;0;;0;0;0;0;0;2;0;4;0;2;0;0;4;2;2;2.0;0;0;0;2;2;0;0;0;0;0;0;0;2;0;4;0;IllegalArgumentException:Throwable;0;0;0;0;0;0;0;0;0;0;0;0;0;0;0;0;org.apache.commons.beanutils.PropertyUtilsTestCase#public#testSetSimpleArguments();
\beanutils\src\test\org\apache\commons\beanutils\PropertyUtilsTestCase.java;org.apache.commons.beanutils;org.apache.commons.beanutils.PropertyUtilsTestCase;PropertyUtilsTestCase;1;0;0;1;1;TestCase;0;0;Method;testSetSimpleBoolean;1;0;0;0;0;1;0;0;0;;0;0;0;0;0;0;1;4;0;1;0;0;4;4;4;4.0;0;0;0;0;0;0;0;0;0;0;0;0;4;0;4;0;IllegalAccessException:IllegalArgumentException:java.lang.reflect.InvocationTargetException:NoSuchMethodException;0;0;0;0;0;0;0;0;0;0;0;0;0;0;0;0;org.apache.commons.beanutils.PropertyUtilsTestCase#public#testSetSimpleBoolean();
\beanutils\src\test\org\apache\commons\beanutils\PropertyUtilsTestCase.java;org.apache.commons.beanutils;org.apache.commons.beanutils.PropertyUtilsTestCase;PropertyUtilsTestCase;1;0;0;1;1;TestCase;0;0;Method;testSetSimpleDouble;1;0;0;0;0;1;0;0;0;;0;0;0;0;0;0;1;4;0;1;0;0;4;4;4;4.0;0;0;0;0;0;0;0;0;0;0;0;0;4;0;4;0;IllegalAccessException:IllegalArgumentException:java.lang.reflect.InvocationTargetException:NoSuchMethodException;0;0;0;0;0;0;0;0;0;0;0;0;0;0;0;0;org.apache.commons.beanutils.PropertyUtilsTestCase#public#testSetSimpleDouble();
\beanutils\src\test\org\apache\commons\beanutils\PropertyUtilsTestCase.java;org.apache.commons.beanutils;org.apache.commons.beanutils.PropertyUtilsTestCase;PropertyUtilsTestCase;1;0;0;1;1;TestCase;0;0;Method;testSetSimpleFloat;1;0;0;0;0;1;0;0;0;;0;0;0;0;0;0;1;4;0;1;0;0;4;4;4;4.0;0;0;0;0;0;0;0;0;0;0;0;0;4;0;4;0;IllegalAccessException:IllegalArgumentException:java.lang.reflect.InvocationTargetException:NoSuchMethodException;0;0;0;0;0;0;0;0;0;0;0;0;0;0;0;0;org.apache.commons.beanutils.PropertyUtilsTestCase#public#testSetSimpleFloat();
\beanutils\src\test\org\apache\commons\beanutils\PropertyUtilsTestCase.java;org.apache.commons.beanutils;org.apache.commons.beanutils.PropertyUtilsTestCase;PropertyUtilsTestCase;1;0;0;1;1;TestCase;0;0;Method;testSetSimpleIndexed;1;0;0;0;0;1;0;0;0;;0;0;0;0;0;1;0;4;0;1;0;0;4;4;4;4.0;0;0;0;1;1;0;0;0;0;0;0;0;3;0;4;0;IllegalAccessException:IllegalArgumentException:java.lang.reflect.InvocationTargetException:NoSuchMethodException;0;0;0;0;0;0;0;0;0;0;0;0;0;0;0;0;org.apache.commons.beanutils.PropertyUtilsTestCase#public#testSetSimpleIndexed();
\beanutils\src\test\org\apache\commons\beanutils\PropertyUtilsTestCase.java;org.apache.commons.beanutils;org.apache.commons.beanutils.PropertyUtilsTestCase;PropertyUtilsTestCase;1;0;0;1;1;TestCase;0;0;Method;testSetSimpleInt;1;0;0;0;0;1;0;0;0;;0;0;0;0;0;0;1;4;0;1;0;0;4;4;4;4.0;0;0;0;0;0;0;0;0;0;0;0;0;4;0;4;0;IllegalAccessException:IllegalArgumentException:java.lang.reflect.InvocationTargetException:NoSuchMethodException;0;0;0;0;0;0;0;0;0;0;0;0;0;0;0;0;org.apache.commons.beanutils.PropertyUtilsTestCase#public#testSetSimpleInt();
\beanutils\src\test\org\apache\commons\beanutils\PropertyUtilsTestCase.java;org.apache.commons.beanutils;org.apache.commons.beanutils.PropertyUtilsTestCase;PropertyUtilsTestCase;1;0;0;1;1;TestCase;0;0;Method;testSetSimpleLong;1;0;0;0;0;1;0;0;0;;0;0;0;0;0;0;1;4;0;1;0;0;4;4;4;4.0;0;0;0;0;0;0;0;0;0;0;0;0;4;0;4;0;IllegalAccessException:IllegalArgumentException:java.lang.reflect.InvocationTargetException:NoSuchMethodException;0;0;0;0;0;0;0;0;0;0;0;0;0;0;0;0;org.apache.commons.beanutils.PropertyUtilsTestCase#public#testSetSimpleLong();
\beanutils\src\test\org\apache\commons\beanutils\PropertyUtilsTestCase.java;org.apache.commons.beanutils;org.apache.commons.beanutils.PropertyUtilsTestCase;PropertyUtilsTestCase;1;0;0;1;1;TestCase;0;0;Method;testSetSimpleNested;1;0;0;0;0;1;0;0;0;;0;0;0;0;0;1;0;4;0;1;0;0;4;4;4;4.0;0;0;0;1;1;0;0;0;0;0;0;0;3;0;4;0;IllegalAccessException:IllegalArgumentException:java.lang.reflect.InvocationTargetException:NoSuchMethodException;0;0;0;0;0;0;0;0;0;0;0;0;0;0;0;0;org.apache.commons.beanutils.PropertyUtilsTestCase#public#testSetSimpleNested();
\beanutils\src\test\org\apache\commons\beanutils\PropertyUtilsTestCase.java;org.apache.commons.beanutils;org.apache.commons.beanutils.PropertyUtilsTestCase;PropertyUtilsTestCase;1;0;0;1;1;TestCase;0;0;Method;testSetSimpleReadOnly;1;0;0;0;0;1;0;0;0;;0;0;0;0;0;1;0;4;0;1;0;0;4;4;4;4.0;0;0;0;1;1;0;0;0;0;0;0;0;3;0;4;0;IllegalAccessException:IllegalArgumentException:java.lang.reflect.InvocationTargetException:NoSuchMethodException;0;0;0;0;0;0;0;0;0;0;0;0;0;0;0;0;org.apache.commons.beanutils.PropertyUtilsTestCase#public#testSetSimpleReadOnly();
\beanutils\src\test\org\apache\commons\beanutils\PropertyUtilsTestCase.java;org.apache.commons.beanutils;org.apache.commons.beanutils.PropertyUtilsTestCase;PropertyUtilsTestCase;1;0;0;1;1;TestCase;0;0;Method;testSetSimpleShort;1;0;0;0;0;1;0;0;0;;0;0;0;0;0;0;1;4;0;1;0;0;4;4;4;4.0;0;0;0;0;0;0;0;0;0;0;0;0;4;0;4;0;IllegalAccessException:IllegalArgumentException:java.lang.reflect.InvocationTargetException:NoSuchMethodException;0;0;0;0;0;0;0;0;0;0;0;0;0;0;0;0;org.apache.commons.beanutils.PropertyUtilsTestCase#public#testSetSimpleShort();
\beanutils\src\test\org\apache\commons\beanutils\PropertyUtilsTestCase.java;org.apache.commons.beanutils;org.apache.commons.beanutils.PropertyUtilsTestCase;PropertyUtilsTestCase;1;0;0;1;1;TestCase;0;0;Method;testSetSimpleString;1;0;0;0;0;1;0;0;0;;0;0;0;0;0;0;1;4;0;1;0;0;4;4;4;4.0;0;0;0;0;0;0;0;0;0;0;0;0;4;0;4;0;IllegalAccessException:IllegalArgumentException:java.lang.reflect.InvocationTargetException:NoSuchMethodException;0;0;0;0;0;0;0;0;0;0;0;0;0;0;0;0;org.apache.commons.beanutils.PropertyUtilsTestCase#public#testSetSimpleString();
\beanutils\src\test\org\apache\commons\beanutils\PropertyUtilsTestCase.java;org.apache.commons.beanutils;org.apache.commons.beanutils.PropertyUtilsTestCase;PropertyUtilsTestCase;1;0;0;1;1;TestCase;0;0;Method;testSetSimpleUnknown;1;0;0;0;0;1;0;0;0;;0;0;0;0;0;1;0;4;0;1;0;0;4;4;4;4.0;0;0;0;1;1;0;0;0;0;0;0;0;3;0;4;0;IllegalAccessException:IllegalArgumentException:java.lang.reflect.InvocationTargetException:NoSuchMethodException;0;0;0;0;0;0;0;0;0;0;0;0;0;0;0;0;org.apache.commons.beanutils.PropertyUtilsTestCase#public#testSetSimpleUnknown();
\beanutils\src\test\org\apache\commons\beanutils\PropertyUtilsTestCase.java;org.apache.commons.beanutils;org.apache.commons.beanutils.PropertyUtilsTestCase;PropertyUtilsTestCase;1;0;0;1;1;TestCase;0;0;Method;testSetSimpleWriteOnly;1;0;0;0;0;1;0;0;0;;0;0;0;0;0;0;1;4;0;1;0;0;4;4;4;4.0;0;0;0;0;0;0;0;0;0;0;0;0;4;0;4;0;IllegalAccessException:IllegalArgumentException:java.lang.reflect.InvocationTargetException:NoSuchMethodException;0;0;0;0;0;0;0;0;0;0;0;0;0;0;0;0;org.apache.commons.beanutils.PropertyUtilsTestCase#public#testSetSimpleWriteOnly();
\beanutils\src\test\org\apache\commons\beanutils\PropertyUtilsTestCase.java;org.apache.commons.beanutils;org.apache.commons.beanutils.PropertyUtilsTestCase;PropertyUtilsTestCase;1;0;0;1;1;TestCase;0;0;Method;testGetDescriptorBase;1;0;0;0;0;1;0;3;0;;0;0;0;3;0;0;8;3;0;1;0;0;3;3;3;3.0;0;0;0;0;0;0;0;0;0;0;0;0;3;0;3;0;IllegalAccessException:java.lang.reflect.InvocationTargetException:NoSuchMethodException;0;0;0;0;0;0;0;0;0;0;0;0;0;0;0;0;org.apache.commons.beanutils.PropertyUtilsTestCase#public#testGetDescriptorBase(String#String#String);
\beanutils\src\test\org\apache\commons\beanutils\PropertyUtilsTestCase.java;org.apache.commons.beanutils;org.apache.commons.beanutils.PropertyUtilsTestCase;PropertyUtilsTestCase;1;0;0;1;1;TestCase;0;0;Method;testGetReadMethod;1;0;0;0;0;1;0;3;0;;0;0;2;4;0;0;4;1;0;1;0;0;1;1;1;1.0;0;0;0;0;0;0;0;0;0;0;0;0;1;0;1;0;Throwable;0;0;0;0;0;0;0;0;0;0;0;0;0;0;0;0;org.apache.commons.beanutils.PropertyUtilsTestCase#public#testGetReadMethod(Object#String#String);
\beanutils\src\test\org\apache\commons\beanutils\PropertyUtilsTestCase.java;org.apache.commons.beanutils;org.apache.commons.beanutils.PropertyUtilsTestCase;PropertyUtilsTestCase;1;0;0;1;1;TestCase;0;0;Method;testGetWriteMethod;1;0;0;0;0;1;0;3;0;;0;0;2;5;0;0;4;0;0;0;0;0;0;0;0;0.0;0;0;0;0;0;0;0;0;0;0;0;0;0;0;0;0;;0;0;0;0;0;0;0;0;0;0;0;0;0;0;0;0;org.apache.commons.beanutils.PropertyUtilsTestCase#public#testGetWriteMethod(Object#String#String);
\beanutils\src\test\org\apache\commons\beanutils\BeanUtilsTestCase.java;org.apache.commons.beanutils;org.apache.commons.beanutils.BeanUtilsTestCase;BeanUtilsTestCase;1;0;0;1;1;TestCase;0;0;Constructor;BeanUtilsTestCase;1;0;0;0;0;0;0;1;0;;0;0;0;0;0;0;0;0;0;0;0;0;0;0;0;0.0;0;0;0;0;0;0;0;0;0;0;0;0;0;0;0;0;;0;0;0;0;0;0;0;0;0;0;0;0;0;0;0;0;org.apache.commons.beanutils.BeanUtilsTestCase#public#BeanUtilsTestCase(String);
\beanutils\src\test\org\apache\commons\beanutils\BeanUtilsTestCase.java;org.apache.commons.beanutils;org.apache.commons.beanutils.BeanUtilsTestCase;BeanUtilsTestCase;1;0;0;1;1;TestCase;0;0;Method;setUp;1;0;0;0;0;0;1;0;0;;0;0;0;0;0;0;0;0;0;0;0;0;0;0;0;0.0;0;0;0;0;0;0;0;0;0;0;0;0;0;0;0;0;;0;0;0;0;0;0;0;0;0;0;0;0;0;0;0;0;org.apache.commons.beanutils.BeanUtilsTestCase#public#setUp();
\beanutils\src\test\org\apache\commons\beanutils\BeanUtilsTestCase.java;org.apache.commons.beanutils;org.apache.commons.beanutils.BeanUtilsTestCase;BeanUtilsTestCase;1;0;0;1;1;TestCase;0;0;Method;suite;1;0;0;0;0;0;1;0;0;;0;0;0;0;0;0;0;0;0;0;0;0;0;0;0;0.0;0;0;0;0;0;0;0;0;0;0;0;0;0;0;0;0;;0;0;0;0;0;0;0;0;0;0;0;0;0;0;0;0;org.apache.commons.beanutils.BeanUtilsTestCase#public#suite();
\beanutils\src\test\org\apache\commons\beanutils\BeanUtilsTestCase.java;org.apache.commons.beanutils;org.apache.commons.beanutils.BeanUtilsTestCase;BeanUtilsTestCase;1;0;0;1;1;TestCase;0;0;Method;tearDown;1;0;0;0;0;0;1;0;0;;0;0;0;0;0;0;0;0;0;0;0;0;0;0;0;0.0;0;0;0;0;0;0;0;0;0;0;0;0;0;0;0;0;;0;0;0;0;0;0;0;0;0;0;0;0;0;0;0;0;org.apache.commons.beanutils.BeanUtilsTestCase#public#tearDown();
\beanutils\src\test\org\apache\commons\beanutils\BeanUtilsTestCase.java;org.apache.commons.beanutils;org.apache.commons.beanutils.BeanUtilsTestCase;BeanUtilsTestCase;1;0;0;1;1;TestCase;0;0;Method;testGetArrayProperty;1;0;0;0;0;1;0;0;0;;0;0;0;0;0;0;2;3;0;1;0;0;3;3;3;3.0;0;0;0;0;0;0;0;0;0;0;0;0;3;0;3;0;IllegalAccessException:java.lang.reflect.InvocationTargetException:NoSuchMethodException;0;0;0;0;0;0;0;0;0;0;0;0;0;0;0;0;org.apache.commons.beanutils.BeanUtilsTestCase#public#testGetArrayProperty();
\beanutils\src\test\org\apache\commons\beanutils\BeanUtilsTestCase.java;org.apache.commons.beanutils;org.apache.commons.beanutils.BeanUtilsTestCase;BeanUtilsTestCase;1;0;0;1;1;TestCase;0;0;Method;testGetIndexedProperty1;1;0;0;0;0;1;0;0;0;;0;0;0;0;0;0;2;3;0;1;0;0;3;3;3;3.0;0;0;0;0;0;0;0;0;0;0;0;0;3;0;3;0;IllegalAccessException:java.lang.reflect.InvocationTargetException:NoSuchMethodException;0;0;0;0;0;0;0;0;0;0;0;0;0;0;0;0;org.apache.commons.beanutils.BeanUtilsTestCase#public#testGetIndexedProperty1();
\beanutils\src\test\org\apache\commons\beanutils\BeanUtilsTestCase.java;org.apache.commons.beanutils;org.apache.commons.beanutils.BeanUtilsTestCase;BeanUtilsTestCase;1;0;0;1;1;TestCase;0;0;Method;testGetIndexedProperty2;1;0;0;0;0;1;0;0;0;;0;0;0;0;0;0;2;3;0;1;0;0;3;3;3;3.0;0;0;0;0;0;0;0;0;0;0;0;0;3;0;3;0;IllegalAccessException:java.lang.reflect.InvocationTargetException:NoSuchMethodException;0;0;0;0;0;0;0;0;0;0;0;0;0;0;0;0;org.apache.commons.beanutils.BeanUtilsTestCase#public#testGetIndexedProperty2();
\beanutils\src\test\org\apache\commons\beanutils\BeanUtilsTestCase.java;org.apache.commons.beanutils;org.apache.commons.beanutils.BeanUtilsTestCase;BeanUtilsTestCase;1;0;0;1;1;TestCase;0;0;Method;testGetNestedProperty;1;0;0;0;0;1;0;0;0;;0;0;0;0;0;0;1;3;0;1;0;0;3;3;3;3.0;0;0;0;0;0;0;0;0;0;0;0;0;3;0;3;0;IllegalAccessException:java.lang.reflect.InvocationTargetException:NoSuchMethodException;0;0;0;0;0;0;0;0;0;0;0;0;0;0;0;0;org.apache.commons.beanutils.BeanUtilsTestCase#public#testGetNestedProperty();
\beanutils\src\test\org\apache\commons\beanutils\BeanUtilsTestCase.java;org.apache.commons.beanutils;org.apache.commons.beanutils.BeanUtilsTestCase;BeanUtilsTestCase;1;0;0;1;1;TestCase;0;0;Method;testGetGeneralProperty;1;0;0;0;0;1;0;0;0;;0;0;0;0;0;0;1;3;0;1;0;0;3;3;3;3.0;0;0;0;0;0;0;0;0;0;0;0;0;3;0;3;0;IllegalAccessException:java.lang.reflect.InvocationTargetException:NoSuchMethodException;0;0;0;0;0;0;0;0;0;0;0;0;0;0;0;0;org.apache.commons.beanutils.BeanUtilsTestCase#public#testGetGeneralProperty();
\beanutils\src\test\org\apache\commons\beanutils\BeanUtilsTestCase.java;org.apache.commons.beanutils;org.apache.commons.beanutils.BeanUtilsTestCase;BeanUtilsTestCase;1;0;0;1;1;TestCase;0;0;Method;testGetSimpleProperty;1;0;0;0;0;1;0;0;0;;0;0;0;0;0;0;1;3;0;1;0;0;3;3;3;3.0;0;0;0;0;0;0;0;0;0;0;0;0;3;0;3;0;IllegalAccessException:java.lang.reflect.InvocationTargetException:NoSuchMethodException;0;0;0;0;0;0;0;0;0;0;0;0;0;0;0;0;org.apache.commons.beanutils.BeanUtilsTestCase#public#testGetSimpleProperty();
\beanutils\src\java\org\apache\commons\beanutils\BeanUtils.java;org.apache.commons.beanutils;org.apache.commons.beanutils.BeanUtils;BeanUtils;1;0;0;0;0;null;0;0;Method;getDebug;1;0;0;0;0;0;0;0;0;;0;0;0;0;0;0;0;0;0;0;0;0;0;0;0;0.0;0;0;0;0;0;0;0;0;0;0;0;0;0;0;0;0;;0;0;0;0;0;0;0;0;0;0;0;0;0;0;0;0;org.apache.commons.beanutils.BeanUtils#public#getDebug();
\beanutils\src\java\org\apache\commons\beanutils\BeanUtils.java;org.apache.commons.beanutils;org.apache.commons.beanutils.BeanUtils;BeanUtils;1;0;0;0;0;null;0;0;Method;setDebug;1;0;0;0;0;0;0;1;0;;0;0;0;0;0;0;0;0;0;0;0;0;0;0;0;0.0;0;0;0;0;0;0;0;0;0;0;0;0;0;0;0;0;;0;0;0;0;0;0;0;0;0;0;0;0;0;0;0;0;org.apache.commons.beanutils.BeanUtils#public#setDebug(int);
\beanutils\src\java\org\apache\commons\beanutils\BeanUtils.java;org.apache.commons.beanutils;org.apache.commons.beanutils.BeanUtils;BeanUtils;1;0;0;0;0;null;0;0;Method;cloneBean;1;0;0;0;0;0;0;1;4;IllegalAccessException:InstantiationException:java.lang.reflect.InvocationTargetException:NoSuchMethodException:;0;0;0;0;0;0;0;0;0;0;0;0;0;0;0;0.0;0;0;0;0;0;0;0;0;0;0;0;0;0;0;0;0;;0;0;0;0;0;0;0;0;0;0;0;0;0;0;0;0;org.apache.commons.beanutils.BeanUtils#public#cloneBean(Object)IllegalAccessException#InstantiationException#InvocationTargetException#NoSuchMethodException;
\beanutils\src\java\org\apache\commons\beanutils\BeanUtils.java;org.apache.commons.beanutils;org.apache.commons.beanutils.BeanUtils;BeanUtils;1;0;0;0;0;null;0;0;Method;describe;1;0;0;0;0;0;0;1;3;IllegalAccessException:java.lang.reflect.InvocationTargetException:NoSuchMethodException:;0;0;1;2;0;0;0;0;0;0;0;0;0;0;0;0.0;0;0;0;0;0;0;0;0;0;0;0;0;0;0;0;0;;0;0;0;0;0;0;0;0;0;0;0;0;0;0;0;0;org.apache.commons.beanutils.BeanUtils#public#describe(Object)IllegalAccessException#InvocationTargetException#NoSuchMethodException;
\beanutils\src\java\org\apache\commons\beanutils\BeanUtils.java;org.apache.commons.beanutils;org.apache.commons.beanutils.BeanUtils;BeanUtils;1;0;0;0;0;null;0;0;Method;getArrayProperty;1;0;0;0;0;0;0;2;3;IllegalAccessException:java.lang.reflect.InvocationTargetException:NoSuchMethodException:;0;1;1;4;0;1;0;0;0;1;0;0;1;1;1;1.0;0;0;0;1;0;0;0;0;0;0;0;0;0;0;1;0;ArrayIndexOutOfBoundsException;0;0;0;0;0;0;0;0;0;0;0;0;0;0;0;0;org.apache.commons.beanutils.BeanUtils#public#getArrayProperty(Object#String)IllegalAccessException#InvocationTargetException#NoSuchMethodException;
\beanutils\src\java\org\apache\commons\beanutils\BeanUtils.java;org.apache.commons.beanutils;org.apache.commons.beanutils.BeanUtils;BeanUtils;1;0;0;0;0;null;0;0;Method;getIndexedProperty;1;0;0;0;0;0;0;2;3;IllegalAccessException:java.lang.reflect.InvocationTargetException:NoSuchMethodException:;0;0;0;0;0;0;0;0;0;0;0;0;0;0;0;0.0;0;0;0;0;0;0;0;0;0;0;0;0;0;0;0;0;;0;0;0;0;0;0;0;0;0;0;0;0;0;0;0;0;org.apache.commons.beanutils.BeanUtils#public#getIndexedProperty(Object#String)IllegalAccessException#InvocationTargetException#NoSuchMethodException;
\beanutils\src\java\org\apache\commons\beanutils\BeanUtils.java;org.apache.commons.beanutils;org.apache.commons.beanutils.BeanUtils;BeanUtils;1;0;0;0;0;null;0;0;Method;getIndexedProperty;1;0;0;0;0;0;0;3;3;IllegalAccessException:java.lang.reflect.InvocationTargetException:NoSuchMethodException:;0;0;0;0;0;0;0;0;0;0;0;0;0;0;0;0.0;0;0;0;0;0;0;0;0;0;0;0;0;0;0;0;0;;0;0;0;0;0;0;0;0;0;0;0;0;0;0;0;0;org.apache.commons.beanutils.BeanUtils#public#getIndexedProperty(Object#String#int)IllegalAccessException#InvocationTargetException#NoSuchMethodException;
\beanutils\src\java\org\apache\commons\beanutils\BeanUtils.java;org.apache.commons.beanutils;org.apache.commons.beanutils.BeanUtils;BeanUtils;1;0;0;0;0;null;0;0;Method;getNestedProperty;1;0;0;0;0;0;0;2;3;IllegalAccessException:java.lang.reflect.InvocationTargetException:NoSuchMethodException:;0;0;0;0;0;0;0;0;0;0;0;0;0;0;0;0.0;0;0;0;0;0;0;0;0;0;0;0;0;0;0;0;0;;0;0;0;0;0;0;0;0;0;0;0;0;0;0;0;0;org.apache.commons.beanutils.BeanUtils#public#getNestedProperty(Object#String)IllegalAccessException#InvocationTargetException#NoSuchMethodException;
\beanutils\src\java\org\apache\commons\beanutils\BeanUtils.java;org.apache.commons.beanutils;org.apache.commons.beanutils.BeanUtils;BeanUtils;1;0;0;0;0;null;0;0;Method;getProperty;1;0;0;0;0;0;0;2;3;IllegalAccessException:java.lang.reflect.InvocationTargetException:NoSuchMethodException:;0;0;0;0;0;0;0;0;0;0;0;0;0;0;0;0.0;0;0;0;0;0;0;0;0;0;0;0;0;0;0;0;0;;0;0;0;0;0;0;0;0;0;0;0;0;0;0;0;0;org.apache.commons.beanutils.BeanUtils#public#getProperty(Object#String)IllegalAccessException#InvocationTargetException#NoSuchMethodException;
\beanutils\src\java\org\apache\commons\beanutils\BeanUtils.java;org.apache.commons.beanutils;org.apache.commons.beanutils.BeanUtils;BeanUtils;1;0;0;0;0;null;0;0;Method;getSimpleProperty;1;0;0;0;0;0;0;2;3;IllegalAccessException:java.lang.reflect.InvocationTargetException:NoSuchMethodException:;0;0;0;0;0;0;0;0;0;0;0;0;0;0;0;0.0;0;0;0;0;0;0;0;0;0;0;0;0;0;0;0;0;;0;0;0;0;0;0;0;0;0;0;0;0;0;0;0;0;org.apache.commons.beanutils.BeanUtils#public#getSimpleProperty(Object#String)IllegalAccessException#InvocationTargetException#NoSuchMethodException;
\beanutils\src\java\org\apache\commons\beanutils\BeanUtils.java;org.apache.commons.beanutils;org.apache.commons.beanutils.BeanUtils;BeanUtils;1;0;0;0;0;null;0;0;Method;populate;1;0;0;0;0;0;0;2;2;IllegalAccessException:java.lang.reflect.InvocationTargetException:;0;1;0;12;0;0;0;0;0;2;0;0;2;1;1;1.0;0;0;0;1;1;0;0;0;0;0;0;0;0;0;2;0;Throwable:NoSuchMethodException;0;0;0;0;0;0;0;0;0;0;0;0;0;0;0;0;org.apache.commons.beanutils.BeanUtils#public#populate(Object#Map)IllegalAccessException#InvocationTargetException;
\beanutils\src\java\org\apache\commons\beanutils\ConvertUtils.java;org.apache.commons.beanutils;org.apache.commons.beanutils.ConvertUtils;ConvertUtils;1;0;0;0;0;null;0;0;Method;getDefaultBoolean;1;0;0;0;0;0;0;0;0;;0;0;0;0;0;0;0;0;0;0;0;0;0;0;0;0.0;0;0;0;0;0;0;0;0;0;0;0;0;0;0;0;0;;0;0;0;0;0;0;0;0;0;0;0;0;0;0;0;0;org.apache.commons.beanutils.ConvertUtils#public#getDefaultBoolean();
\beanutils\src\java\org\apache\commons\beanutils\ConvertUtils.java;org.apache.commons.beanutils;org.apache.commons.beanutils.ConvertUtils;ConvertUtils;1;0;0;0;0;null;0;0;Method;setDefaultBoolean;1;0;0;0;0;0;0;1;0;;0;0;0;0;0;0;0;0;0;0;0;0;0;0;0;0.0;0;0;0;0;0;0;0;0;0;0;0;0;0;0;0;0;;0;0;0;0;0;0;0;0;0;0;0;0;0;0;0;0;org.apache.commons.beanutils.ConvertUtils#public#setDefaultBoolean(boolean);
\beanutils\src\java\org\apache\commons\beanutils\ConvertUtils.java;org.apache.commons.beanutils;org.apache.commons.beanutils.ConvertUtils;ConvertUtils;1;0;0;0;0;null;0;0;Method;getDefaultByte;1;0;0;0;0;0;0;0;0;;0;0;0;0;0;0;0;0;0;0;0;0;0;0;0;0.0;0;0;0;0;0;0;0;0;0;0;0;0;0;0;0;0;;0;0;0;0;0;0;0;0;0;0;0;0;0;0;0;0;org.apache.commons.beanutils.ConvertUtils#public#getDefaultByte();
\beanutils\src\java\org\apache\commons\beanutils\ConvertUtils.java;org.apache.commons.beanutils;org.apache.commons.beanutils.ConvertUtils;ConvertUtils;1;0;0;0;0;null;0;0;Method;setDefaultByte;1;0;0;0;0;0;0;1;0;;0;0;0;0;0;0;0;0;0;0;0;0;0;0;0;0.0;0;0;0;0;0;0;0;0;0;0;0;0;0;0;0;0;;0;0;0;0;0;0;0;0;0;0;0;0;0;0;0;0;org.apache.commons.beanutils.ConvertUtils#public#setDefaultByte(byte);
\beanutils\src\java\org\apache\commons\beanutils\ConvertUtils.java;org.apache.commons.beanutils;org.apache.commons.beanutils.ConvertUtils;ConvertUtils;1;0;0;0;0;null;0;0;Method;getDefaultCharacter;1;0;0;0;0;0;0;0;0;;0;0;0;0;0;0;0;0;0;0;0;0;0;0;0;0.0;0;0;0;0;0;0;0;0;0;0;0;0;0;0;0;0;;0;0;0;0;0;0;0;0;0;0;0;0;0;0;0;0;org.apache.commons.beanutils.ConvertUtils#public#getDefaultCharacter();
\beanutils\src\java\org\apache\commons\beanutils\ConvertUtils.java;org.apache.commons.beanutils;org.apache.commons.beanutils.ConvertUtils;ConvertUtils;1;0;0;0;0;null;0;0;Method;setDefaultCharacter;1;0;0;0;0;0;0;1;0;;0;0;0;0;0;0;0;0;0;0;0;0;0;0;0;0.0;0;0;0;0;0;0;0;0;0;0;0;0;0;0;0;0;;0;0;0;0;0;0;0;0;0;0;0;0;0;0;0;0;org.apache.commons.beanutils.ConvertUtils#public#setDefaultCharacter(char);
\beanutils\src\java\org\apache\commons\beanutils\ConvertUtils.java;org.apache.commons.beanutils;org.apache.commons.beanutils.ConvertUtils;ConvertUtils;1;0;0;0;0;null;0;0;Method;getDefaultDouble;1;0;0;0;0;0;0;0;0;;0;0;0;0;0;0;0;0;0;0;0;0;0;0;0;0.0;0;0;0;0;0;0;0;0;0;0;0;0;0;0;0;0;;0;0;0;0;0;0;0;0;0;0;0;0;0;0;0;0;org.apache.commons.beanutils.ConvertUtils#public#getDefaultDouble();
\beanutils\src\java\org\apache\commons\beanutils\ConvertUtils.java;org.apache.commons.beanutils;org.apache.commons.beanutils.ConvertUtils;ConvertUtils;1;0;0;0;0;null;0;0;Method;setDefaultDouble;1;0;0;0;0;0;0;1;0;;0;0;0;0;0;0;0;0;0;0;0;0;0;0;0;0.0;0;0;0;0;0;0;0;0;0;0;0;0;0;0;0;0;;0;0;0;0;0;0;0;0;0;0;0;0;0;0;0;0;org.apache.commons.beanutils.ConvertUtils#public#setDefaultDouble(double);
\beanutils\src\java\org\apache\commons\beanutils\ConvertUtils.java;org.apache.commons.beanutils;org.apache.commons.beanutils.ConvertUtils;ConvertUtils;1;0;0;0;0;null;0;0;Method;getDefaultFloat;1;0;0;0;0;0;0;0;0;;0;0;0;0;0;0;0;0;0;0;0;0;0;0;0;0.0;0;0;0;0;0;0;0;0;0;0;0;0;0;0;0;0;;0;0;0;0;0;0;0;0;0;0;0;0;0;0;0;0;org.apache.commons.beanutils.ConvertUtils#public#getDefaultFloat();
\beanutils\src\java\org\apache\commons\beanutils\ConvertUtils.java;org.apache.commons.beanutils;org.apache.commons.beanutils.ConvertUtils;ConvertUtils;1;0;0;0;0;null;0;0;Method;setDefaultFloat;1;0;0;0;0;0;0;1;0;;0;0;0;0;0;0;0;0;0;0;0;0;0;0;0;0.0;0;0;0;0;0;0;0;0;0;0;0;0;0;0;0;0;;0;0;0;0;0;0;0;0;0;0;0;0;0;0;0;0;org.apache.commons.beanutils.ConvertUtils#public#setDefaultFloat(float);
\beanutils\src\java\org\apache\commons\beanutils\ConvertUtils.java;org.apache.commons.beanutils;org.apache.commons.beanutils.ConvertUtils;ConvertUtils;1;0;0;0;0;null;0;0;Method;getDefaultInteger;1;0;0;0;0;0;0;0;0;;0;0;0;0;0;0;0;0;0;0;0;0;0;0;0;0.0;0;0;0;0;0;0;0;0;0;0;0;0;0;0;0;0;;0;0;0;0;0;0;0;0;0;0;0;0;0;0;0;0;org.apache.commons.beanutils.ConvertUtils#public#getDefaultInteger();
\beanutils\src\java\org\apache\commons\beanutils\ConvertUtils.java;org.apache.commons.beanutils;org.apache.commons.beanutils.ConvertUtils;ConvertUtils;1;0;0;0;0;null;0;0;Method;setDefaultInteger;1;0;0;0;0;0;0;1;0;;0;0;0;0;0;0;0;0;0;0;0;0;0;0;0;0.0;0;0;0;0;0;0;0;0;0;0;0;0;0;0;0;0;;0;0;0;0;0;0;0;0;0;0;0;0;0;0;0;0;org.apache.commons.beanutils.ConvertUtils#public#setDefaultInteger(int);
\beanutils\src\java\org\apache\commons\beanutils\ConvertUtils.java;org.apache.commons.beanutils;org.apache.commons.beanutils.ConvertUtils;ConvertUtils;1;0;0;0;0;null;0;0;Method;getDefaultLong;1;0;0;0;0;0;0;0;0;;0;0;0;0;0;0;0;0;0;0;0;0;0;0;0;0.0;0;0;0;0;0;0;0;0;0;0;0;0;0;0;0;0;;0;0;0;0;0;0;0;0;0;0;0;0;0;0;0;0;org.apache.commons.beanutils.ConvertUtils#public#getDefaultLong();
\beanutils\src\java\org\apache\commons\beanutils\ConvertUtils.java;org.apache.commons.beanutils;org.apache.commons.beanutils.ConvertUtils;ConvertUtils;1;0;0;0;0;null;0;0;Method;setDefaultLong;1;0;0;0;0;0;0;1;0;;0;0;0;0;0;0;0;0;0;0;0;0;0;0;0;0.0;0;0;0;0;0;0;0;0;0;0;0;0;0;0;0;0;;0;0;0;0;0;0;0;0;0;0;0;0;0;0;0;0;org.apache.commons.beanutils.ConvertUtils#public#setDefaultLong(long);
\beanutils\src\java\org\apache\commons\beanutils\ConvertUtils.java;org.apache.commons.beanutils;org.apache.commons.beanutils.ConvertUtils;ConvertUtils;1;0;0;0;0;null;0;0;Method;getDefaultShort;1;0;0;0;0;0;0;0;0;;0;0;0;0;0;0;0;0;0;0;0;0;0;0;0;0.0;0;0;0;0;0;0;0;0;0;0;0;0;0;0;0;0;;0;0;0;0;0;0;0;0;0;0;0;0;0;0;0;0;org.apache.commons.beanutils.ConvertUtils#public#getDefaultShort();
\beanutils\src\java\org\apache\commons\beanutils\ConvertUtils.java;org.apache.commons.beanutils;org.apache.commons.beanutils.ConvertUtils;ConvertUtils;1;0;0;0;0;null;0;0;Method;setDefaultShort;1;0;0;0;0;0;0;1;0;;0;0;0;0;0;0;0;0;0;0;0;0;0;0;0;0.0;0;0;0;0;0;0;0;0;0;0;0;0;0;0;0;0;;0;0;0;0;0;0;0;0;0;0;0;0;0;0;0;0;org.apache.commons.beanutils.ConvertUtils#public#setDefaultShort(short);
\beanutils\src\java\org\apache\commons\beanutils\ConvertUtils.java;org.apache.commons.beanutils;org.apache.commons.beanutils.ConvertUtils;ConvertUtils;1;0;0;0;0;null;0;0;Method;convert;1;0;0;0;0;0;0;1;0;;0;0;0;3;0;0;0;0;0;0;0;0;0;0;0;0.0;0;0;0;0;0;0;0;0;0;0;0;0;0;0;0;0;;0;0;0;0;0;0;0;0;0;0;0;0;0;0;0;0;org.apache.commons.beanutils.ConvertUtils#public#convert(Object);
\beanutils\src\java\org\apache\commons\beanutils\ConvertUtils.java;org.apache.commons.beanutils;org.apache.commons.beanutils.ConvertUtils;ConvertUtils;1;0;0;0;0;null;0;0;Method;convert;1;0;0;0;0;0;0;2;0;;0;0;0;19;0;0;0;0;0;0;0;0;0;0;0;0.0;0;0;0;0;0;0;0;0;0;0;0;0;0;0;0;0;;0;0;0;0;0;0;0;0;0;0;0;0;0;0;0;0;org.apache.commons.beanutils.ConvertUtils#public#convert(String#Class);
\beanutils\src\java\org\apache\commons\beanutils\ConvertUtils.java;org.apache.commons.beanutils;org.apache.commons.beanutils.ConvertUtils;ConvertUtils;1;0;0;0;0;null;0;0;Method;convert;1;0;0;0;0;0;0;2;0;;0;0;17;19;0;0;0;0;0;0;0;0;0;0;0;0.0;0;0;0;0;0;0;0;0;0;0;0;0;0;0;0;0;;0;0;0;0;0;0;0;0;0;0;0;0;0;0;0;0;org.apache.commons.beanutils.ConvertUtils#public#convert(String#Class);
\beanutils\src\java\org\apache\commons\beanutils\ConvertUtils.java;org.apache.commons.beanutils;org.apache.commons.beanutils.ConvertUtils;ConvertUtils;1;0;0;0;0;null;0;0;Method;convertBoolean;1;0;0;0;0;0;0;2;0;;0;0;0;3;0;0;0;0;0;0;0;0;0;0;0;0.0;0;0;0;0;0;0;0;0;0;0;0;0;0;0;0;0;;0;0;0;0;0;0;0;0;0;0;0;0;0;0;0;0;org.apache.commons.beanutils.ConvertUtils#public#convertBoolean(String#Boolean);
\beanutils\src\java\org\apache\commons\beanutils\ConvertUtils.java;org.apache.commons.beanutils;org.apache.commons.beanutils.ConvertUtils;ConvertUtils;1;0;0;0;0;null;0;0;Method;convertByte;1;0;0;0;0;0;0;2;0;;0;0;0;0;0;0;0;0;0;1;0;0;1;1;1;1.0;1;0;0;0;0;0;0;0;0;0;0;0;0;0;1;0;NumberFormatException;0;0;0;0;0;0;0;0;0;0;0;0;0;0;0;0;org.apache.commons.beanutils.ConvertUtils#public#convertByte(String#Byte);
\beanutils\src\java\org\apache\commons\beanutils\ConvertUtils.java;org.apache.commons.beanutils;org.apache.commons.beanutils.ConvertUtils;ConvertUtils;1;0;0;0;0;null;0;0;Method;convertCharacter;1;0;0;0;0;0;0;2;0;;0;0;0;2;0;0;0;0;0;0;0;0;0;0;0;0.0;0;0;0;0;0;0;0;0;0;0;0;0;0;0;0;0;;0;0;0;0;0;0;0;0;0;0;0;0;0;0;0;0;org.apache.commons.beanutils.ConvertUtils#public#convertCharacter(String#Character);
\beanutils\src\java\org\apache\commons\beanutils\ConvertUtils.java;org.apache.commons.beanutils;org.apache.commons.beanutils.ConvertUtils;ConvertUtils;1;0;0;0;0;null;0;0;Method;convertDouble;1;0;0;0;0;0;0;2;0;;0;0;0;0;0;0;0;0;0;1;0;0;1;1;1;1.0;1;0;0;0;0;0;0;0;0;0;0;0;0;0;1;0;NumberFormatException;0;0;0;0;0;0;0;0;0;0;0;0;0;0;0;0;org.apache.commons.beanutils.ConvertUtils#public#convertDouble(String#Double);
\beanutils\src\java\org\apache\commons\beanutils\ConvertUtils.java;org.apache.commons.beanutils;org.apache.commons.beanutils.ConvertUtils;ConvertUtils;1;0;0;0;0;null;0;0;Method;convertFloat;1;0;0;0;0;0;0;2;0;;0;0;0;0;0;0;0;0;0;1;0;0;1;1;1;1.0;1;0;0;0;0;0;0;0;0;0;0;0;0;0;1;0;NumberFormatException;0;0;0;0;0;0;0;0;0;0;0;0;0;0;0;0;org.apache.commons.beanutils.ConvertUtils#public#convertFloat(String#Float);
\beanutils\src\java\org\apache\commons\beanutils\ConvertUtils.java;org.apache.commons.beanutils;org.apache.commons.beanutils.ConvertUtils;ConvertUtils;1;0;0;0;0;null;0;0;Method;convertInteger;1;0;0;0;0;0;0;2;0;;0;0;0;0;0;0;0;0;0;1;0;0;1;1;1;1.0;1;0;0;0;0;0;0;0;0;0;0;0;0;0;1;0;NumberFormatException;0;0;0;0;0;0;0;0;0;0;0;0;0;0;0;0;org.apache.commons.beanutils.ConvertUtils#public#convertInteger(String#Integer);
\beanutils\src\java\org\apache\commons\beanutils\ConvertUtils.java;org.apache.commons.beanutils;org.apache.commons.beanutils.ConvertUtils;ConvertUtils;1;0;0;0;0;null;0;0;Method;convertLong;1;0;0;0;0;0;0;2;0;;0;0;0;0;0;0;0;0;0;1;0;0;1;1;1;1.0;1;0;0;0;0;0;0;0;0;0;0;0;0;0;1;0;NumberFormatException;0;0;0;0;0;0;0;0;0;0;0;0;0;0;0;0;org.apache.commons.beanutils.ConvertUtils#public#convertLong(String#Long);
\beanutils\src\java\org\apache\commons\beanutils\ConvertUtils.java;org.apache.commons.beanutils;org.apache.commons.beanutils.ConvertUtils;ConvertUtils;1;0;0;0;0;null;0;0;Method;convertShort;1;0;0;0;0;0;0;2;0;;0;0;0;0;0;0;0;0;0;1;0;0;1;1;1;1.0;1;0;0;0;0;0;0;0;0;0;0;0;0;0;1;0;NumberFormatException;0;0;0;0;0;0;0;0;0;0;0;0;0;0;0;0;org.apache.commons.beanutils.ConvertUtils#public#convertShort(String#Short);
\beanutils\src\test\org\apache\commons\beanutils\TestBean.java;org.apache.commons.beanutils;org.apache.commons.beanutils.TestBean;TestBean;1;0;0;0;1;null;0;0;Method;getBooleanProperty;1;0;0;0;0;0;1;0;0;;0;0;0;0;0;0;0;0;0;0;0;0;0;0;0;0.0;0;0;0;0;0;0;0;0;0;0;0;0;0;0;0;0;;0;0;0;0;0;0;0;0;0;0;0;0;0;0;0;0;org.apache.commons.beanutils.TestBean#public#getBooleanProperty();
\beanutils\src\test\org\apache\commons\beanutils\TestBean.java;org.apache.commons.beanutils;org.apache.commons.beanutils.TestBean;TestBean;1;0;0;0;1;null;0;0;Method;setBooleanProperty;1;0;0;0;0;0;1;1;0;;0;0;0;0;0;0;0;0;0;0;0;0;0;0;0;0.0;0;0;0;0;0;0;0;0;0;0;0;0;0;0;0;0;;0;0;0;0;0;0;0;0;0;0;0;0;0;0;0;0;org.apache.commons.beanutils.TestBean#public#setBooleanProperty(boolean);
\beanutils\src\test\org\apache\commons\beanutils\TestBean.java;org.apache.commons.beanutils;org.apache.commons.beanutils.TestBean;TestBean;1;0;0;0;1;null;0;0;Method;isBooleanSecond;1;0;0;0;0;0;1;0;0;;0;0;0;0;0;0;0;0;0;0;0;0;0;0;0;0.0;0;0;0;0;0;0;0;0;0;0;0;0;0;0;0;0;;0;0;0;0;0;0;0;0;0;0;0;0;0;0;0;0;org.apache.commons.beanutils.TestBean#public#isBooleanSecond();
\beanutils\src\test\org\apache\commons\beanutils\TestBean.java;org.apache.commons.beanutils;org.apache.commons.beanutils.TestBean;TestBean;1;0;0;0;1;null;0;0;Method;setBooleanSecond;1;0;0;0;0;0;1;1;0;;0;0;0;0;0;0;0;0;0;0;0;0;0;0;0;0.0;0;0;0;0;0;0;0;0;0;0;0;0;0;0;0;0;;0;0;0;0;0;0;0;0;0;0;0;0;0;0;0;0;org.apache.commons.beanutils.TestBean#public#setBooleanSecond(boolean);
\beanutils\src\test\org\apache\commons\beanutils\TestBean.java;org.apache.commons.beanutils;org.apache.commons.beanutils.TestBean;TestBean;1;0;0;0;1;null;0;0;Method;getDoubleProperty;1;0;0;0;0;0;1;0;0;;0;0;0;0;0;0;0;0;0;0;0;0;0;0;0;0.0;0;0;0;0;0;0;0;0;0;0;0;0;0;0;0;0;;0;0;0;0;0;0;0;0;0;0;0;0;0;0;0;0;org.apache.commons.beanutils.TestBean#public#getDoubleProperty();
\beanutils\src\test\org\apache\commons\beanutils\TestBean.java;org.apache.commons.beanutils;org.apache.commons.beanutils.TestBean;TestBean;1;0;0;0;1;null;0;0;Method;setDoubleProperty;1;0;0;0;0;0;1;1;0;;0;0;0;0;0;0;0;0;0;0;0;0;0;0;0;0.0;0;0;0;0;0;0;0;0;0;0;0;0;0;0;0;0;;0;0;0;0;0;0;0;0;0;0;0;0;0;0;0;0;org.apache.commons.beanutils.TestBean#public#setDoubleProperty(double);
\beanutils\src\test\org\apache\commons\beanutils\TestBean.java;org.apache.commons.beanutils;org.apache.commons.beanutils.TestBean;TestBean;1;0;0;0;1;null;0;0;Method;getFloatProperty;1;0;0;0;0;0;1;0;0;;0;0;0;0;0;0;0;0;0;0;0;0;0;0;0;0.0;0;0;0;0;0;0;0;0;0;0;0;0;0;0;0;0;;0;0;0;0;0;0;0;0;0;0;0;0;0;0;0;0;org.apache.commons.beanutils.TestBean#public#getFloatProperty();
\beanutils\src\test\org\apache\commons\beanutils\TestBean.java;org.apache.commons.beanutils;org.apache.commons.beanutils.TestBean;TestBean;1;0;0;0;1;null;0;0;Method;setFloatProperty;1;0;0;0;0;0;1;1;0;;0;0;0;0;0;0;0;0;0;0;0;0;0;0;0;0.0;0;0;0;0;0;0;0;0;0;0;0;0;0;0;0;0;;0;0;0;0;0;0;0;0;0;0;0;0;0;0;0;0;org.apache.commons.beanutils.TestBean#public#setFloatProperty(float);
\beanutils\src\test\org\apache\commons\beanutils\TestBean.java;org.apache.commons.beanutils;org.apache.commons.beanutils.TestBean;TestBean;1;0;0;0;1;null;0;0;Method;getIntArray;1;0;0;0;0;0;1;0;0;;0;0;0;0;0;0;0;0;0;0;0;0;0;0;0;0.0;0;0;0;0;0;0;0;0;0;0;0;0;0;0;0;0;;0;0;0;0;0;0;0;0;0;0;0;0;0;0;0;0;org.apache.commons.beanutils.TestBean#public#getIntArray();
\beanutils\src\test\org\apache\commons\beanutils\TestBean.java;org.apache.commons.beanutils;org.apache.commons.beanutils.TestBean;TestBean;1;0;0;0;1;null;0;0;Method;setIntArray;1;0;0;0;0;0;1;1;0;;0;0;0;0;0;0;0;0;0;0;0;0;0;0;0;0.0;0;0;0;0;0;0;0;0;0;0;0;0;0;0;0;0;;0;0;0;0;0;0;0;0;0;0;0;0;0;0;0;0;org.apache.commons.beanutils.TestBean#public#setIntArray(int);
\beanutils\src\test\org\apache\commons\beanutils\TestBean.java;org.apache.commons.beanutils;org.apache.commons.beanutils.TestBean;TestBean;1;0;0;0;1;null;0;0;Method;getIntIndexed;1;0;0;0;0;0;1;1;0;;0;0;0;0;0;0;0;0;0;0;0;0;0;0;0;0.0;0;0;0;0;0;0;0;0;0;0;0;0;0;0;0;0;;0;0;0;0;0;0;0;0;0;0;0;0;0;0;0;0;org.apache.commons.beanutils.TestBean#public#getIntIndexed(int);
\beanutils\src\test\org\apache\commons\beanutils\TestBean.java;org.apache.commons.beanutils;org.apache.commons.beanutils.TestBean;TestBean;1;0;0;0;1;null;0;0;Method;setIntIndexed;1;0;0;0;0;0;1;2;0;;0;0;0;0;0;0;0;0;0;0;0;0;0;0;0;0.0;0;0;0;0;0;0;0;0;0;0;0;0;0;0;0;0;;0;0;0;0;0;0;0;0;0;0;0;0;0;0;0;0;org.apache.commons.beanutils.TestBean#public#setIntIndexed(int#int);
\beanutils\src\test\org\apache\commons\beanutils\TestBean.java;org.apache.commons.beanutils;org.apache.commons.beanutils.TestBean;TestBean;1;0;0;0;1;null;0;0;Method;getIntProperty;1;0;0;0;0;0;1;0;0;;0;0;0;0;0;0;0;0;0;0;0;0;0;0;0;0.0;0;0;0;0;0;0;0;0;0;0;0;0;0;0;0;0;;0;0;0;0;0;0;0;0;0;0;0;0;0;0;0;0;org.apache.commons.beanutils.TestBean#public#getIntProperty();
\beanutils\src\test\org\apache\commons\beanutils\TestBean.java;org.apache.commons.beanutils;org.apache.commons.beanutils.TestBean;TestBean;1;0;0;0;1;null;0;0;Method;setIntProperty;1;0;0;0;0;0;1;1;0;;0;0;0;0;0;0;0;0;0;0;0;0;0;0;0;0.0;0;0;0;0;0;0;0;0;0;0;0;0;0;0;0;0;;0;0;0;0;0;0;0;0;0;0;0;0;0;0;0;0;org.apache.commons.beanutils.TestBean#public#setIntProperty(int);
\beanutils\src\test\org\apache\commons\beanutils\TestBean.java;org.apache.commons.beanutils;org.apache.commons.beanutils.TestBean;TestBean;1;0;0;0;1;null;0;0;Method;getLongProperty;1;0;0;0;0;0;1;0;0;;0;0;0;0;0;0;0;0;0;0;0;0;0;0;0;0.0;0;0;0;0;0;0;0;0;0;0;0;0;0;0;0;0;;0;0;0;0;0;0;0;0;0;0;0;0;0;0;0;0;org.apache.commons.beanutils.TestBean#public#getLongProperty();
\beanutils\src\test\org\apache\commons\beanutils\TestBean.java;org.apache.commons.beanutils;org.apache.commons.beanutils.TestBean;TestBean;1;0;0;0;1;null;0;0;Method;setLongProperty;1;0;0;0;0;0;1;1;0;;0;0;0;0;0;0;0;0;0;0;0;0;0;0;0;0.0;0;0;0;0;0;0;0;0;0;0;0;0;0;0;0;0;;0;0;0;0;0;0;0;0;0;0;0;0;0;0;0;0;org.apache.commons.beanutils.TestBean#public#setLongProperty(long);
\beanutils\src\test\org\apache\commons\beanutils\TestBean.java;org.apache.commons.beanutils;org.apache.commons.beanutils.TestBean;TestBean;1;0;0;0;1;null;0;0;Method;getNested;1;0;0;0;0;0;1;0;0;;0;0;0;1;0;0;0;0;0;0;0;0;0;0;0;0.0;0;0;0;0;0;0;0;0;0;0;0;0;0;0;0;0;;0;0;0;0;0;0;0;0;0;0;0;0;0;0;0;0;org.apache.commons.beanutils.TestBean#public#getNested();
\beanutils\src\test\org\apache\commons\beanutils\TestBean.java;org.apache.commons.beanutils;org.apache.commons.beanutils.TestBean;TestBean;1;0;0;0;1;null;0;0;Method;getNullProperty;1;0;0;0;0;0;1;0;0;;0;0;0;0;0;0;0;0;0;0;0;0;0;0;0;0.0;0;0;0;0;0;0;0;0;0;0;0;0;0;0;0;0;;0;0;0;0;0;0;0;0;0;0;0;0;0;0;0;0;org.apache.commons.beanutils.TestBean#public#getNullProperty();
\beanutils\src\test\org\apache\commons\beanutils\TestBean.java;org.apache.commons.beanutils;org.apache.commons.beanutils.TestBean;TestBean;1;0;0;0;1;null;0;0;Method;setNullProperty;1;0;0;0;0;0;1;1;0;;0;0;0;0;0;0;0;0;0;0;0;0;0;0;0;0.0;0;0;0;0;0;0;0;0;0;0;0;0;0;0;0;0;;0;0;0;0;0;0;0;0;0;0;0;0;0;0;0;0;org.apache.commons.beanutils.TestBean#public#setNullProperty(String);
\beanutils\src\test\org\apache\commons\beanutils\TestBean.java;org.apache.commons.beanutils;org.apache.commons.beanutils.TestBean;TestBean;1;0;0;0;1;null;0;0;Method;getReadOnlyProperty;1;0;0;0;0;0;1;0;0;;0;0;0;0;0;0;0;0;0;0;0;0;0;0;0;0.0;0;0;0;0;0;0;0;0;0;0;0;0;0;0;0;0;;0;0;0;0;0;0;0;0;0;0;0;0;0;0;0;0;org.apache.commons.beanutils.TestBean#public#getReadOnlyProperty();
\beanutils\src\test\org\apache\commons\beanutils\TestBean.java;org.apache.commons.beanutils;org.apache.commons.beanutils.TestBean;TestBean;1;0;0;0;1;null;0;0;Method;getShortProperty;1;0;0;0;0;0;1;0;0;;0;0;0;0;0;0;0;0;0;0;0;0;0;0;0;0.0;0;0;0;0;0;0;0;0;0;0;0;0;0;0;0;0;;0;0;0;0;0;0;0;0;0;0;0;0;0;0;0;0;org.apache.commons.beanutils.TestBean#public#getShortProperty();
\beanutils\src\test\org\apache\commons\beanutils\TestBean.java;org.apache.commons.beanutils;org.apache.commons.beanutils.TestBean;TestBean;1;0;0;0;1;null;0;0;Method;setShortProperty;1;0;0;0;0;0;1;1;0;;0;0;0;0;0;0;0;0;0;0;0;0;0;0;0;0.0;0;0;0;0;0;0;0;0;0;0;0;0;0;0;0;0;;0;0;0;0;0;0;0;0;0;0;0;0;0;0;0;0;org.apache.commons.beanutils.TestBean#public#setShortProperty(short);
\beanutils\src\test\org\apache\commons\beanutils\TestBean.java;org.apache.commons.beanutils;org.apache.commons.beanutils.TestBean;TestBean;1;0;0;0;1;null;0;0;Method;getStringArray;1;0;0;0;0;0;1;0;0;;0;0;0;0;0;0;0;0;0;0;0;0;0;0;0;0.0;0;0;0;0;0;0;0;0;0;0;0;0;0;0;0;0;;0;0;0;0;0;0;0;0;0;0;0;0;0;0;0;0;org.apache.commons.beanutils.TestBean#public#getStringArray();
\beanutils\src\test\org\apache\commons\beanutils\TestBean.java;org.apache.commons.beanutils;org.apache.commons.beanutils.TestBean;TestBean;1;0;0;0;1;null;0;0;Method;setStringArray;1;0;0;0;0;0;1;1;0;;0;0;0;0;0;0;0;0;0;0;0;0;0;0;0;0.0;0;0;0;0;0;0;0;0;0;0;0;0;0;0;0;0;;0;0;0;0;0;0;0;0;0;0;0;0;0;0;0;0;org.apache.commons.beanutils.TestBean#public#setStringArray(String);
\beanutils\src\test\org\apache\commons\beanutils\TestBean.java;org.apache.commons.beanutils;org.apache.commons.beanutils.TestBean;TestBean;1;0;0;0;1;null;0;0;Method;getStringIndexed;1;0;0;0;0;0;1;1;0;;0;0;0;0;0;0;0;0;0;0;0;0;0;0;0;0.0;0;0;0;0;0;0;0;0;0;0;0;0;0;0;0;0;;0;0;0;0;0;0;0;0;0;0;0;0;0;0;0;0;org.apache.commons.beanutils.TestBean#public#getStringIndexed(int);
\beanutils\src\test\org\apache\commons\beanutils\TestBean.java;org.apache.commons.beanutils;org.apache.commons.beanutils.TestBean;TestBean;1;0;0;0;1;null;0;0;Method;setStringIndexed;1;0;0;0;0;0;1;2;0;;0;0;0;0;0;0;0;0;0;0;0;0;0;0;0;0.0;0;0;0;0;0;0;0;0;0;0;0;0;0;0;0;0;;0;0;0;0;0;0;0;0;0;0;0;0;0;0;0;0;org.apache.commons.beanutils.TestBean#public#setStringIndexed(int#String);
\beanutils\src\test\org\apache\commons\beanutils\TestBean.java;org.apache.commons.beanutils;org.apache.commons.beanutils.TestBean;TestBean;1;0;0;0;1;null;0;0;Method;getStringProperty;1;0;0;0;0;0;1;0;0;;0;0;0;0;0;0;0;0;0;0;0;0;0;0;0;0.0;0;0;0;0;0;0;0;0;0;0;0;0;0;0;0;0;;0;0;0;0;0;0;0;0;0;0;0;0;0;0;0;0;org.apache.commons.beanutils.TestBean#public#getStringProperty();
\beanutils\src\test\org\apache\commons\beanutils\TestBean.java;org.apache.commons.beanutils;org.apache.commons.beanutils.TestBean;TestBean;1;0;0;0;1;null;0;0;Method;setStringProperty;1;0;0;0;0;0;1;1;0;;0;0;0;0;0;0;0;0;0;0;0;0;0;0;0;0.0;0;0;0;0;0;0;0;0;0;0;0;0;0;0;0;0;;0;0;0;0;0;0;0;0;0;0;0;0;0;0;0;0;org.apache.commons.beanutils.TestBean#public#setStringProperty(String);
\beanutils\src\test\org\apache\commons\beanutils\TestBean.java;org.apache.commons.beanutils;org.apache.commons.beanutils.TestBean;TestBean;1;0;0;0;1;null;0;0;Method;getWriteOnlyPropertyValue;1;0;0;0;0;0;1;0;0;;0;0;0;0;0;0;0;0;0;0;0;0;0;0;0;0.0;0;0;0;0;0;0;0;0;0;0;0;0;0;0;0;0;;0;0;0;0;0;0;0;0;0;0;0;0;0;0;0;0;org.apache.commons.beanutils.TestBean#public#getWriteOnlyPropertyValue();
\beanutils\src\test\org\apache\commons\beanutils\TestBean.java;org.apache.commons.beanutils;org.apache.commons.beanutils.TestBean;TestBean;1;0;0;0;1;null;0;0;Method;setWriteOnlyProperty;1;0;0;0;0;0;1;1;0;;0;0;0;0;0;0;0;0;0;0;0;0;0;0;0;0.0;0;0;0;0;0;0;0;0;0;0;0;0;0;0;0;0;;0;0;0;0;0;0;0;0;0;0;0;0;0;0;0;0;org.apache.commons.beanutils.TestBean#public#setWriteOnlyProperty(String);
\beanutils\src\test\org\apache\commons\beanutils\priv\PrivateBean.java;org.apache.commons.beanutils.priv;org.apache.commons.beanutils.priv.PrivateBean;PrivateBean;1;0;0;0;1;null;1;0;Method;getFoo;1;0;0;0;0;0;1;0;0;;0;0;0;0;0;0;0;0;0;0;0;0;0;0;0;0.0;0;0;0;0;0;0;0;0;0;0;0;0;0;0;0;0;;0;0;0;0;0;0;0;0;0;0;0;0;0;0;0;0;org.apache.commons.beanutils.priv.PrivateBean#public#getFoo();
\beanutils\src\test\org\apache\commons\beanutils\priv\PrivateBean.java;org.apache.commons.beanutils.priv;org.apache.commons.beanutils.priv.PrivateBean;PrivateBean;1;0;0;0;1;null;1;0;Method;getBar;1;0;0;0;0;0;1;0;0;;0;0;0;0;0;0;0;0;0;0;0;0;0;0;0;0.0;0;0;0;0;0;0;0;0;0;0;0;0;0;0;0;0;;0;0;0;0;0;0;0;0;0;0;0;0;0;0;0;0;org.apache.commons.beanutils.priv.PrivateBean#public#getBar();
\beanutils\src\test\org\apache\commons\beanutils\priv\PrivateBean.java;org.apache.commons.beanutils.priv;org.apache.commons.beanutils.priv.PrivateBean;PrivateBean;1;0;0;0;1;null;1;0;Method;getBaz;1;0;0;0;0;0;1;0;0;;0;0;0;0;0;0;0;0;0;0;0;0;0;0;0;0.0;0;0;0;0;0;0;0;0;0;0;0;0;0;0;0;0;;0;0;0;0;0;0;0;0;0;0;0;0;0;0;0;0;org.apache.commons.beanutils.priv.PrivateBean#public#getBaz();
\beanutils\src\test\org\apache\commons\beanutils\priv\PrivateBean.java;org.apache.commons.beanutils.priv;org.apache.commons.beanutils.priv.PrivateBean;PrivateBean;1;0;0;0;1;null;1;0;Constructor;PrivateBean;0;0;0;1;0;0;0;0;0;;0;0;0;0;0;0;0;0;0;0;0;0;0;0;0;0.0;0;0;0;0;0;0;0;0;0;0;0;0;0;0;0;0;;0;0;0;0;0;0;0;0;0;0;0;0;0;0;0;0;org.apache.commons.beanutils.priv.PrivateBean##PrivateBean();
\beanutils\src\java\org\apache\commons\beanutils\PropertyUtils.java;org.apache.commons.beanutils;org.apache.commons.beanutils.PropertyUtils;PropertyUtils;1;0;0;0;0;null;0;0;Method;getDebug;1;0;0;0;0;0;0;0;0;;0;0;0;0;0;0;0;0;0;0;0;0;0;0;0;0.0;0;0;0;0;0;0;0;0;0;0;0;0;0;0;0;0;;0;0;0;0;0;0;0;0;0;0;0;0;0;0;0;0;org.apache.commons.beanutils.PropertyUtils#public#getDebug();
\beanutils\src\java\org\apache\commons\beanutils\PropertyUtils.java;org.apache.commons.beanutils;org.apache.commons.beanutils.PropertyUtils;PropertyUtils;1;0;0;0;0;null;0;0;Method;setDebug;1;0;0;0;0;0;0;1;0;;0;0;0;0;0;0;0;0;0;0;0;0;0;0;0;0.0;0;0;0;0;0;0;0;0;0;0;0;0;0;0;0;0;;0;0;0;0;0;0;0;0;0;0;0;0;0;0;0;0;org.apache.commons.beanutils.PropertyUtils#public#setDebug(int);
\beanutils\src\java\org\apache\commons\beanutils\PropertyUtils.java;org.apache.commons.beanutils;org.apache.commons.beanutils.PropertyUtils;PropertyUtils;1;0;0;0;0;null;0;0;Method;copyProperties;1;0;0;0;0;0;0;2;3;IllegalAccessException:java.lang.reflect.InvocationTargetException:NoSuchMethodException:;0;0;1;3;0;1;0;0;2;1;0;0;1;1;1;1.0;0;0;0;1;1;0;0;0;0;0;0;0;0;0;1;0;NoSuchMethodException;0;0;0;0;0;0;0;0;0;0;0;0;0;0;0;0;org.apache.commons.beanutils.PropertyUtils#public#copyProperties(Object#Object)IllegalAccessException#InvocationTargetException#NoSuchMethodException;
\beanutils\src\java\org\apache\commons\beanutils\PropertyUtils.java;org.apache.commons.beanutils;org.apache.commons.beanutils.PropertyUtils;PropertyUtils;1;0;0;0;0;null;0;0;Method;describe;1;0;0;0;0;0;0;1;3;IllegalAccessException:java.lang.reflect.InvocationTargetException:NoSuchMethodException:;0;0;1;2;0;0;0;0;1;0;0;0;0;0;0;0.0;0;0;0;0;0;0;0;0;0;0;0;0;0;0;0;0;;0;0;0;0;0;0;0;0;0;0;0;0;0;0;0;0;org.apache.commons.beanutils.PropertyUtils#public#describe(Object)IllegalAccessException#InvocationTargetException#NoSuchMethodException;
\beanutils\src\java\org\apache\commons\beanutils\PropertyUtils.java;org.apache.commons.beanutils;org.apache.commons.beanutils.PropertyUtils;PropertyUtils;1;0;0;0;0;null;0;0;Method;getIndexedProperty;1;0;0;0;0;0;0;2;3;IllegalAccessException:java.lang.reflect.InvocationTargetException:NoSuchMethodException:;0;0;0;3;0;0;0;0;4;1;0;0;1;1;1;1.0;0;0;0;0;0;0;0;0;0;0;0;0;0;0;1;0;NumberFormatException;1;0;1;0;0;0;0;0;0;0;0;0;0;0;2;0;org.apache.commons.beanutils.PropertyUtils#public#getIndexedProperty(Object#String)IllegalAccessException#InvocationTargetException#NoSuchMethodException;
\beanutils\src\java\org\apache\commons\beanutils\PropertyUtils.java;org.apache.commons.beanutils;org.apache.commons.beanutils.PropertyUtils;PropertyUtils;1;0;0;0;0;null;0;0;Method;getIndexedProperty;1;0;0;0;0;0;0;3;3;IllegalAccessException:java.lang.reflect.InvocationTargetException:NoSuchMethodException:;0;0;0;7;0;0;0;0;5;0;0;0;0;0;0;0.0;0;0;0;0;0;0;0;0;0;0;0;0;0;0;0;0;;0;0;0;0;0;0;0;0;0;0;0;0;0;0;0;0;org.apache.commons.beanutils.PropertyUtils#public#getIndexedProperty(Object#String#int)IllegalAccessException#InvocationTargetException#NoSuchMethodException;
\beanutils\src\java\org\apache\commons\beanutils\PropertyUtils.java;org.apache.commons.beanutils;org.apache.commons.beanutils.PropertyUtils;PropertyUtils;1;0;0;0;0;null;0;0;Method;getNestedProperty;1;0;0;0;0;0;0;2;3;IllegalAccessException:java.lang.reflect.InvocationTargetException:NoSuchMethodException:;0;1;0;6;0;0;0;0;3;0;0;0;0;0;0;0.0;0;0;0;0;0;0;0;0;0;0;0;0;0;0;0;0;;0;0;0;0;0;0;0;0;0;0;0;0;0;0;0;0;org.apache.commons.beanutils.PropertyUtils#public#getNestedProperty(Object#String)IllegalAccessException#InvocationTargetException#NoSuchMethodException;
\beanutils\src\java\org\apache\commons\beanutils\PropertyUtils.java;org.apache.commons.beanutils;org.apache.commons.beanutils.PropertyUtils;PropertyUtils;1;0;0;0;0;null;0;0;Method;getProperty;1;0;0;0;0;0;0;2;3;IllegalAccessException:java.lang.reflect.InvocationTargetException:NoSuchMethodException:;0;0;0;0;0;0;0;0;0;0;0;0;0;0;0;0.0;0;0;0;0;0;0;0;0;0;0;0;0;0;0;0;0;;0;0;0;0;0;0;0;0;0;0;0;0;0;0;0;0;org.apache.commons.beanutils.PropertyUtils#public#getProperty(Object#String)IllegalAccessException#InvocationTargetException#NoSuchMethodException;
\beanutils\src\java\org\apache\commons\beanutils\PropertyUtils.java;org.apache.commons.beanutils;org.apache.commons.beanutils.PropertyUtils;PropertyUtils;1;0;0;0;0;null;0;0;Method;getPropertyDescriptor;1;0;0;0;0;0;0;2;3;IllegalAccessException:java.lang.reflect.InvocationTargetException:NoSuchMethodException:;0;1;1;9;0;0;0;0;3;0;0;0;0;0;0;0.0;0;0;0;0;0;0;0;0;0;0;0;0;0;0;0;0;;0;0;0;0;0;0;0;0;0;0;0;0;0;0;0;0;org.apache.commons.beanutils.PropertyUtils#public#getPropertyDescriptor(Object#String)IllegalAccessException#InvocationTargetException#NoSuchMethodException;
\beanutils\src\java\org\apache\commons\beanutils\PropertyUtils.java;org.apache.commons.beanutils;org.apache.commons.beanutils.PropertyUtils;PropertyUtils;1;0;0;0;0;null;0;0;Method;getPropertyDescriptors;1;0;0;0;0;0;0;1;0;;0;0;0;3;0;0;0;0;1;1;0;0;1;1;1;1.0;1;0;0;0;0;0;0;0;0;0;0;0;0;0;1;0;java.beans.IntrospectionException;0;0;0;0;0;0;0;0;0;0;0;0;0;0;0;0;org.apache.commons.beanutils.PropertyUtils#public#getPropertyDescriptors(Object);
\beanutils\src\java\org\apache\commons\beanutils\PropertyUtils.java;org.apache.commons.beanutils;org.apache.commons.beanutils.PropertyUtils;PropertyUtils;1;0;0;0;0;null;0;0;Method;getPropertyEditorClass;1;0;0;0;0;0;0;2;3;IllegalAccessException:java.lang.reflect.InvocationTargetException:NoSuchMethodException:;0;0;0;3;0;0;0;0;2;0;0;0;0;0;0;0.0;0;0;0;0;0;0;0;0;0;0;0;0;0;0;0;0;;0;0;0;0;0;0;0;0;0;0;0;0;0;0;0;0;org.apache.commons.beanutils.PropertyUtils#public#getPropertyEditorClass(Object#String)IllegalAccessException#InvocationTargetException#NoSuchMethodException;
\beanutils\src\java\org\apache\commons\beanutils\PropertyUtils.java;org.apache.commons.beanutils;org.apache.commons.beanutils.PropertyUtils;PropertyUtils;1;0;0;0;0;null;0;0;Method;getPropertyType;1;0;0;0;0;0;0;2;3;IllegalAccessException:java.lang.reflect.InvocationTargetException:NoSuchMethodException:;0;0;0;4;0;0;0;0;2;0;0;0;0;0;0;0.0;0;0;0;0;0;0;0;0;0;0;0;0;0;0;0;0;;0;0;0;0;0;0;0;0;0;0;0;0;0;0;0;0;org.apache.commons.beanutils.PropertyUtils#public#getPropertyType(Object#String)IllegalAccessException#InvocationTargetException#NoSuchMethodException;
\beanutils\src\java\org\apache\commons\beanutils\PropertyUtils.java;org.apache.commons.beanutils;org.apache.commons.beanutils.PropertyUtils;PropertyUtils;1;0;0;0;0;null;0;0;Method;getReadMethod;1;0;0;0;0;0;0;1;0;;0;0;0;0;0;0;0;0;0;0;0;0;0;0;0;0.0;0;0;0;0;0;0;0;0;0;0;0;0;0;0;0;0;;0;0;0;0;0;0;0;0;0;0;0;0;0;0;0;0;org.apache.commons.beanutils.PropertyUtils#public#getReadMethod(PropertyDescriptor);
\beanutils\src\java\org\apache\commons\beanutils\PropertyUtils.java;org.apache.commons.beanutils;org.apache.commons.beanutils.PropertyUtils;PropertyUtils;1;0;0;0;0;null;0;0;Method;getSimpleProperty;1;0;0;0;0;0;0;2;3;IllegalAccessException:java.lang.reflect.InvocationTargetException:NoSuchMethodException:;0;0;0;6;0;0;0;0;6;0;0;0;0;0;0;0.0;0;0;0;0;0;0;0;0;0;0;0;0;0;0;0;0;;0;0;0;0;0;0;0;0;0;0;0;0;0;0;0;0;org.apache.commons.beanutils.PropertyUtils#public#getSimpleProperty(Object#String)IllegalAccessException#InvocationTargetException#NoSuchMethodException;
\beanutils\src\java\org\apache\commons\beanutils\PropertyUtils.java;org.apache.commons.beanutils;org.apache.commons.beanutils.PropertyUtils;PropertyUtils;1;0;0;0;0;null;0;0;Method;getWriteMethod;1;0;0;0;0;0;0;1;0;;0;0;0;0;0;0;0;0;0;0;0;0;0;0;0;0.0;0;0;0;0;0;0;0;0;0;0;0;0;0;0;0;0;;0;0;0;0;0;0;0;0;0;0;0;0;0;0;0;0;org.apache.commons.beanutils.PropertyUtils#public#getWriteMethod(PropertyDescriptor);
\beanutils\src\java\org\apache\commons\beanutils\PropertyUtils.java;org.apache.commons.beanutils;org.apache.commons.beanutils.PropertyUtils;PropertyUtils;1;0;0;0;0;null;0;0;Method;setIndexedProperty;1;0;0;0;0;0;0;3;3;IllegalAccessException:java.lang.reflect.InvocationTargetException:NoSuchMethodException:;0;0;0;3;0;0;0;0;4;1;0;0;1;1;1;1.0;0;0;0;0;0;0;0;0;0;0;0;0;0;0;1;0;NumberFormatException;1;0;1;0;0;0;0;0;0;0;0;0;0;0;2;0;org.apache.commons.beanutils.PropertyUtils#public#setIndexedProperty(Object#String#Object)IllegalAccessException#InvocationTargetException#NoSuchMethodException;
\beanutils\src\java\org\apache\commons\beanutils\PropertyUtils.java;org.apache.commons.beanutils;org.apache.commons.beanutils.PropertyUtils;PropertyUtils;1;0;0;0;0;null;0;0;Method;setIndexedProperty;1;0;0;0;0;0;0;4;3;IllegalAccessException:java.lang.reflect.InvocationTargetException:NoSuchMethodException:;0;0;0;7;0;0;0;0;5;0;0;0;0;0;0;0.0;0;0;0;0;0;0;0;0;0;0;0;0;0;0;0;0;;0;0;0;0;0;0;0;0;0;0;0;0;0;0;0;0;org.apache.commons.beanutils.PropertyUtils#public#setIndexedProperty(Object#String#int#Object)IllegalAccessException#InvocationTargetException#NoSuchMethodException;
\beanutils\src\java\org\apache\commons\beanutils\PropertyUtils.java;org.apache.commons.beanutils;org.apache.commons.beanutils.PropertyUtils;PropertyUtils;1;0;0;0;0;null;0;0;Method;setNestedProperty;1;0;0;0;0;0;0;3;3;IllegalAccessException:java.lang.reflect.InvocationTargetException:NoSuchMethodException:;0;1;0;6;0;0;0;0;3;0;0;0;0;0;0;0.0;0;0;0;0;0;0;0;0;0;0;0;0;0;0;0;0;;0;0;0;0;0;0;0;0;0;0;0;0;0;0;0;0;org.apache.commons.beanutils.PropertyUtils#public#setNestedProperty(Object#String#Object)IllegalAccessException#InvocationTargetException#NoSuchMethodException;
\beanutils\src\java\org\apache\commons\beanutils\PropertyUtils.java;org.apache.commons.beanutils;org.apache.commons.beanutils.PropertyUtils;PropertyUtils;1;0;0;0;0;null;0;0;Method;setProperty;1;0;0;0;0;0;0;3;3;IllegalAccessException:java.lang.reflect.InvocationTargetException:NoSuchMethodException:;0;0;0;0;0;0;0;0;0;0;0;0;0;0;0;0.0;0;0;0;0;0;0;0;0;0;0;0;0;0;0;0;0;;0;0;0;0;0;0;0;0;0;0;0;0;0;0;0;0;org.apache.commons.beanutils.PropertyUtils#public#setProperty(Object#String#Object)IllegalAccessException#InvocationTargetException#NoSuchMethodException;
\beanutils\src\java\org\apache\commons\beanutils\PropertyUtils.java;org.apache.commons.beanutils;org.apache.commons.beanutils.PropertyUtils;PropertyUtils;1;0;0;0;0;null;0;0;Method;setSimpleProperty;1;0;0;0;0;0;0;3;3;IllegalAccessException:java.lang.reflect.InvocationTargetException:NoSuchMethodException:;0;0;0;6;0;0;0;0;6;0;0;0;0;0;0;0.0;0;0;0;0;0;0;0;0;0;0;0;0;0;0;0;0;;0;0;0;0;0;0;0;0;0;0;0;0;0;0;0;0;org.apache.commons.beanutils.PropertyUtils#public#setSimpleProperty(Object#String#Object)IllegalAccessException#InvocationTargetException#NoSuchMethodException;
\beanutils\src\java\org\apache\commons\beanutils\PropertyUtils.java;org.apache.commons.beanutils;org.apache.commons.beanutils.PropertyUtils;PropertyUtils;1;0;0;0;0;null;0;0;Method;getAccessibleMethod;1;0;0;0;0;0;0;1;0;;0;0;0;3;0;0;0;0;0;0;0;0;0;0;0;0.0;0;0;0;0;0;0;0;0;0;0;0;0;0;0;0;0;;0;0;0;0;0;0;0;0;0;0;0;0;0;0;0;0;org.apache.commons.beanutils.PropertyUtils#public#getAccessibleMethod(Method);
\beanutils\src\java\org\apache\commons\beanutils\PropertyUtils.java;org.apache.commons.beanutils;org.apache.commons.beanutils.PropertyUtils;PropertyUtils;1;0;0;0;0;null;0;0;Method;getAccessibleMethodFromInterfaceNest;1;0;0;0;0;0;0;3;0;;0;0;1;3;0;1;0;0;0;1;0;0;1;1;1;1.0;0;0;0;1;0;0;0;0;0;0;0;0;0;0;1;0;NoSuchMethodException;0;0;0;0;0;0;0;0;0;0;0;0;0;0;0;0;org.apache.commons.beanutils.PropertyUtils#public#getAccessibleMethodFromInterfaceNest(Class#String#Class);
