filename;package;fullname;name;isClass;isInterface;isEnum;extends_TestCase;inTestCaseFolder;parentclass;#interfaces;isAbstractClass;method_type;method_name;method_isPublic;method_isProtected;method_isPrivate;method_isNoModifier;isOverridenMethod;isTestMethod;isHelperMethodInTestClass;#method_arguments;#method_exceptions_list;method_exceptions;#do_statements;#while_statements;#for_statements;#if_statements;#switch_statements;#empty_blocks;#assert_statements;#fail_statements;#throw;#try_blocks;#try_with_nested_try;#big_try_nested;#catches;catches_min;catches_max;catches_avg;#catches_return_statement;#catches_return_expression;#catches_return_null;#catches_empty;#catches_empty_withcomments;#catches_system_exit;#catches_system_ouputerrconsole;#catches_callprintstacktrace;#catches_with_decision_loop_structures;#catches_with_decision_structures;#catches_with_loop_structures;#catches_with_asserts;#catches_with_fail;#catches_with_nested_try;#catches_1_param;#catches_n_param;catch_exceptions;#catches_throws_new;#catches_throws_newSameDesc;#catches_throws_newDiffDesc;#catches_throws_same;#catches_throws_different;#finally;#finally_with_decision_loop_structures;#finally_with_decision_structures;#finally_with_loop_structures;#finally_with_asserts;#finally_with_fail;#finally_with_nestedtry;#finally_with_empty_blocks;#throw_inTry;#throw_inCatch;#throw_inFinally;member_signature;
\bsf-api\src\main\java\javax\script\SimpleBindings.java;javax.script;javax.script.SimpleBindings;SimpleBindings;1;0;0;0;0;null;1;0;Constructor;SimpleBindings;1;0;0;0;0;0;0;0;0;;0;0;0;0;0;0;0;0;0;0;0;0;0;0;0;0.0;0;0;0;0;0;0;0;0;0;0;0;0;0;0;0;0;;0;0;0;0;0;0;0;0;0;0;0;0;0;0;0;0;javax.script.SimpleBindings#public#SimpleBindings();
\bsf-api\src\main\java\javax\script\SimpleBindings.java;javax.script;javax.script.SimpleBindings;SimpleBindings;1;0;0;0;0;null;1;0;Constructor;SimpleBindings;1;0;0;0;0;0;0;1;0;;0;0;0;1;0;0;0;0;1;0;0;0;0;0;0;0.0;0;0;0;0;0;0;0;0;0;0;0;0;0;0;0;0;;0;0;0;0;0;0;0;0;0;0;0;0;0;0;0;0;javax.script.SimpleBindings#public#SimpleBindings(Map);
\bsf-api\src\main\java\javax\script\SimpleBindings.java;javax.script;javax.script.SimpleBindings;SimpleBindings;1;0;0;0;0;null;1;0;Method;validateKey;1;0;0;0;0;0;0;1;0;;0;0;0;3;0;0;0;0;3;0;0;0;0;0;0;0.0;0;0;0;0;0;0;0;0;0;0;0;0;0;0;0;0;;0;0;0;0;0;0;0;0;0;0;0;0;0;0;0;0;javax.script.SimpleBindings#public#validateKey(Object);
\bsf-api\src\main\java\javax\script\SimpleBindings.java;javax.script;javax.script.SimpleBindings;SimpleBindings;1;0;0;0;0;null;1;0;Method;put;1;0;0;0;0;0;0;2;0;;0;0;0;0;0;0;0;0;0;0;0;0;0;0;0;0.0;0;0;0;0;0;0;0;0;0;0;0;0;0;0;0;0;;0;0;0;0;0;0;0;0;0;0;0;0;0;0;0;0;javax.script.SimpleBindings#public#put(String#Object);
\bsf-api\src\main\java\javax\script\SimpleBindings.java;javax.script;javax.script.SimpleBindings;SimpleBindings;1;0;0;0;0;null;1;0;Method;put;1;0;0;0;0;0;0;2;0;;0;0;0;0;0;0;0;0;0;0;0;0;0;0;0;0.0;0;0;0;0;0;0;0;0;0;0;0;0;0;0;0;0;;0;0;0;0;0;0;0;0;0;0;0;0;0;0;0;0;javax.script.SimpleBindings#public#put(Object#Object);
\bsf-api\src\main\java\javax\script\SimpleBindings.java;javax.script;javax.script.SimpleBindings;SimpleBindings;1;0;0;0;0;null;1;0;Method;putAll;1;0;0;0;0;0;0;1;0;;0;1;0;0;0;0;0;0;0;0;0;0;0;0;0;0.0;0;0;0;0;0;0;0;0;0;0;0;0;0;0;0;0;;0;0;0;0;0;0;0;0;0;0;0;0;0;0;0;0;javax.script.SimpleBindings#public#putAll(Map);
\bsf-api\src\main\java\javax\script\SimpleBindings.java;javax.script;javax.script.SimpleBindings;SimpleBindings;1;0;0;0;0;null;1;0;Method;size;1;0;0;0;0;0;0;0;0;;0;0;0;0;0;0;0;0;0;0;0;0;0;0;0;0.0;0;0;0;0;0;0;0;0;0;0;0;0;0;0;0;0;;0;0;0;0;0;0;0;0;0;0;0;0;0;0;0;0;javax.script.SimpleBindings#public#size();
\bsf-api\src\main\java\javax\script\SimpleBindings.java;javax.script;javax.script.SimpleBindings;SimpleBindings;1;0;0;0;0;null;1;0;Method;clear;1;0;0;0;0;0;0;0;0;;0;0;0;0;0;0;0;0;0;0;0;0;0;0;0;0.0;0;0;0;0;0;0;0;0;0;0;0;0;0;0;0;0;;0;0;0;0;0;0;0;0;0;0;0;0;0;0;0;0;javax.script.SimpleBindings#public#clear();
\bsf-api\src\main\java\javax\script\SimpleBindings.java;javax.script;javax.script.SimpleBindings;SimpleBindings;1;0;0;0;0;null;1;0;Method;isEmpty;1;0;0;0;0;0;0;0;0;;0;0;0;0;0;0;0;0;0;0;0;0;0;0;0;0.0;0;0;0;0;0;0;0;0;0;0;0;0;0;0;0;0;;0;0;0;0;0;0;0;0;0;0;0;0;0;0;0;0;javax.script.SimpleBindings#public#isEmpty();
\bsf-api\src\main\java\javax\script\SimpleBindings.java;javax.script;javax.script.SimpleBindings;SimpleBindings;1;0;0;0;0;null;1;0;Method;containsKey;1;0;0;0;0;0;0;1;0;;0;0;0;0;0;0;0;0;0;0;0;0;0;0;0;0.0;0;0;0;0;0;0;0;0;0;0;0;0;0;0;0;0;;0;0;0;0;0;0;0;0;0;0;0;0;0;0;0;0;javax.script.SimpleBindings#public#containsKey(Object);
\bsf-api\src\main\java\javax\script\SimpleBindings.java;javax.script;javax.script.SimpleBindings;SimpleBindings;1;0;0;0;0;null;1;0;Method;containsValue;1;0;0;0;0;0;0;1;0;;0;0;0;0;0;0;0;0;0;0;0;0;0;0;0;0.0;0;0;0;0;0;0;0;0;0;0;0;0;0;0;0;0;;0;0;0;0;0;0;0;0;0;0;0;0;0;0;0;0;javax.script.SimpleBindings#public#containsValue(Object);
\bsf-api\src\main\java\javax\script\SimpleBindings.java;javax.script;javax.script.SimpleBindings;SimpleBindings;1;0;0;0;0;null;1;0;Method;values;1;0;0;0;0;0;0;0;0;;0;0;0;0;0;0;0;0;0;0;0;0;0;0;0;0.0;0;0;0;0;0;0;0;0;0;0;0;0;0;0;0;0;;0;0;0;0;0;0;0;0;0;0;0;0;0;0;0;0;javax.script.SimpleBindings#public#values();
\bsf-api\src\main\java\javax\script\SimpleBindings.java;javax.script;javax.script.SimpleBindings;SimpleBindings;1;0;0;0;0;null;1;0;Method;entrySet;1;0;0;0;0;0;0;0;0;;0;0;0;0;0;0;0;0;0;0;0;0;0;0;0;0.0;0;0;0;0;0;0;0;0;0;0;0;0;0;0;0;0;;0;0;0;0;0;0;0;0;0;0;0;0;0;0;0;0;javax.script.SimpleBindings#public#entrySet();
\bsf-api\src\main\java\javax\script\SimpleBindings.java;javax.script;javax.script.SimpleBindings;SimpleBindings;1;0;0;0;0;null;1;0;Method;get;1;0;0;0;0;0;0;1;0;;0;0;0;0;0;0;0;0;0;0;0;0;0;0;0;0.0;0;0;0;0;0;0;0;0;0;0;0;0;0;0;0;0;;0;0;0;0;0;0;0;0;0;0;0;0;0;0;0;0;javax.script.SimpleBindings#public#get(Object);
\bsf-api\src\main\java\javax\script\SimpleBindings.java;javax.script;javax.script.SimpleBindings;SimpleBindings;1;0;0;0;0;null;1;0;Method;keySet;1;0;0;0;0;0;0;0;0;;0;0;0;0;0;0;0;0;0;0;0;0;0;0;0;0.0;0;0;0;0;0;0;0;0;0;0;0;0;0;0;0;0;;0;0;0;0;0;0;0;0;0;0;0;0;0;0;0;0;javax.script.SimpleBindings#public#keySet();
\bsf-api\src\main\java\javax\script\SimpleBindings.java;javax.script;javax.script.SimpleBindings;SimpleBindings;1;0;0;0;0;null;1;0;Method;remove;1;0;0;0;0;0;0;1;0;;0;0;0;0;0;0;0;0;0;0;0;0;0;0;0;0.0;0;0;0;0;0;0;0;0;0;0;0;0;0;0;0;0;;0;0;0;0;0;0;0;0;0;0;0;0;0;0;0;0;javax.script.SimpleBindings#public#remove(Object);
\bsf-utils\src\main\java\org\apache\bsf\utils\http\HttpScriptResponse.java;org.apache.bsf.utils.http;org.apache.bsf.utils.http.HttpScriptResponse;HttpScriptResponse;1;0;0;0;0;HttpServletResponseWrapper;0;0;Constructor;HttpScriptResponse;1;0;0;0;0;0;0;2;0;;0;0;0;0;0;0;0;0;0;0;0;0;0;0;0;0.0;0;0;0;0;0;0;0;0;0;0;0;0;0;0;0;0;;0;0;0;0;0;0;0;0;0;0;0;0;0;0;0;0;org.apache.bsf.utils.http.HttpScriptResponse#public#HttpScriptResponse(HttpScriptContext#HttpServletResponse);
\bsf-utils\src\main\java\org\apache\bsf\Main.java;org.apache.bsf;org.apache.bsf.Main;Main;1;0;0;0;0;null;0;0;Method;main;1;0;0;0;0;0;0;1;1;java.io.IOException:;0;0;2;14;0;0;0;0;4;2;0;0;2;1;1;1.0;0;1;0;0;0;0;1;1;0;0;0;0;0;0;2;0;Error:javax.script.ScriptException;0;0;0;0;0;0;0;0;0;0;0;0;0;2;0;0;org.apache.bsf.Main#public#main(String[])IOException;
\bsf-utils\src\main\java\org\apache\bsf\Main.java;org.apache.bsf;org.apache.bsf.Main;Main;1;0;0;0;0;null;0;0;Method;processProviders;1;0;0;0;0;0;0;1;1;java.io.IOException:;0;3;0;5;0;0;0;0;1;1;0;0;2;2;2;2.0;0;0;0;0;0;0;1;0;0;0;0;0;0;0;2;0;ThreadDeath:Error;0;0;0;1;0;0;0;0;0;0;0;0;0;0;1;0;org.apache.bsf.Main#public#processProviders(boolean)IOException;
\bsf-utils\src\main\java\org\apache\bsf\Main.java;org.apache.bsf;org.apache.bsf.Main;Main;1;0;0;0;0;null;0;0;Method;showFactory;1;0;0;0;0;0;0;2;0;;0;3;0;4;0;0;0;0;0;6;1;5;6;1;1;1.0;0;0;0;0;0;0;0;0;0;0;0;0;0;0;6;0;Throwable:NoClassDefFoundError:Exception;0;0;0;0;0;1;0;0;0;0;0;0;0;0;0;0;org.apache.bsf.Main#public#showFactory(ScriptEngineFactory#boolean);
\bsf-utils\src\main\java\org\apache\bsf\Main.java;org.apache.bsf;org.apache.bsf.Main;Main;1;0;0;0;0;null;0;0;Method;printHelp;1;0;0;0;0;0;0;0;0;;0;0;0;0;0;0;0;0;0;0;0;0;0;0;0;0.0;0;0;0;0;0;0;0;0;0;0;0;0;0;0;0;0;;0;0;0;0;0;0;0;0;0;0;0;0;0;0;0;0;org.apache.bsf.Main#public#printHelp();
\bsf-api\src\test\java\org\apache\bsf\ScriptEngineManagerTest.java;org.apache.bsf;org.apache.bsf.ScriptEngineManagerTest;ScriptEngineManagerTest;1;0;0;1;1;TestCase;0;0;Constructor;ScriptEngineManagerTest;1;0;0;0;0;0;0;0;0;;0;0;0;0;0;0;0;0;0;0;0;0;0;0;0;0.0;0;0;0;0;0;0;0;0;0;0;0;0;0;0;0;0;;0;0;0;0;0;0;0;0;0;0;0;0;0;0;0;0;org.apache.bsf.ScriptEngineManagerTest#public#ScriptEngineManagerTest();
\bsf-api\src\test\java\org\apache\bsf\ScriptEngineManagerTest.java;org.apache.bsf;org.apache.bsf.ScriptEngineManagerTest;ScriptEngineManagerTest;1;0;0;1;1;TestCase;0;0;Method;setUp;1;0;0;0;0;0;1;0;1;Exception:;0;0;0;0;0;0;0;0;0;0;0;0;0;0;0;0.0;0;0;0;0;0;0;0;0;0;0;0;0;0;0;0;0;;0;0;0;0;0;0;0;0;0;0;0;0;0;0;0;0;org.apache.bsf.ScriptEngineManagerTest#public#setUp()Exception;
\bsf-api\src\test\java\org\apache\bsf\ScriptEngineManagerTest.java;org.apache.bsf;org.apache.bsf.ScriptEngineManagerTest;ScriptEngineManagerTest;1;0;0;1;1;TestCase;0;0;Method;testScriptEngineManager;1;0;0;0;0;1;0;0;0;;0;0;0;0;0;0;3;0;0;0;0;0;0;0;0;0.0;0;0;0;0;0;0;0;0;0;0;0;0;0;0;0;0;;0;0;0;0;0;0;0;0;0;0;0;0;0;0;0;0;org.apache.bsf.ScriptEngineManagerTest#public#testScriptEngineManager();
\bsf-api\src\test\java\org\apache\bsf\ScriptEngineManagerTest.java;org.apache.bsf;org.apache.bsf.ScriptEngineManagerTest;ScriptEngineManagerTest;1;0;0;1;1;TestCase;0;0;Method;testGetPut;1;0;0;0;0;1;0;0;0;;0;0;0;0;0;0;4;2;0;2;0;0;2;1;1;1.0;0;0;0;2;0;0;0;0;0;0;0;0;0;0;2;0;NullPointerException:IllegalArgumentException;0;0;0;0;0;0;0;0;0;0;0;0;0;0;0;0;org.apache.bsf.ScriptEngineManagerTest#public#testGetPut();
\bsf-api\src\test\java\org\apache\bsf\ScriptEngineManagerTest.java;org.apache.bsf;org.apache.bsf.ScriptEngineManagerTest;ScriptEngineManagerTest;1;0;0;1;1;TestCase;0;0;Method;testGetEngineByExtension;1;0;0;0;0;1;0;0;0;;0;0;0;0;0;0;4;0;0;0;0;0;0;0;0;0.0;0;0;0;0;0;0;0;0;0;0;0;0;0;0;0;0;;0;0;0;0;0;0;0;0;0;0;0;0;0;0;0;0;org.apache.bsf.ScriptEngineManagerTest#public#testGetEngineByExtension();
\bsf-api\src\test\java\org\apache\bsf\ScriptEngineManagerTest.java;org.apache.bsf;org.apache.bsf.ScriptEngineManagerTest;ScriptEngineManagerTest;1;0;0;1;1;TestCase;0;0;Method;testGetEngineByMimeType;1;0;0;0;0;1;0;0;0;;0;0;0;0;0;0;2;0;0;0;0;0;0;0;0;0.0;0;0;0;0;0;0;0;0;0;0;0;0;0;0;0;0;;0;0;0;0;0;0;0;0;0;0;0;0;0;0;0;0;org.apache.bsf.ScriptEngineManagerTest#public#testGetEngineByMimeType();
\bsf-api\src\test\java\org\apache\bsf\ScriptEngineManagerTest.java;org.apache.bsf;org.apache.bsf.ScriptEngineManagerTest;ScriptEngineManagerTest;1;0;0;1;1;TestCase;0;0;Method;testGetEngineByName;1;0;0;0;0;1;0;0;0;;0;0;0;0;0;0;2;0;0;0;0;0;0;0;0;0.0;0;0;0;0;0;0;0;0;0;0;0;0;0;0;0;0;;0;0;0;0;0;0;0;0;0;0;0;0;0;0;0;0;org.apache.bsf.ScriptEngineManagerTest#public#testGetEngineByName();
\bsf-api\src\test\java\org\apache\bsf\ScriptEngineManagerTest.java;org.apache.bsf;org.apache.bsf.ScriptEngineManagerTest;ScriptEngineManagerTest;1;0;0;1;1;TestCase;0;0;Method;testGetEngineFactories;1;0;0;0;0;1;0;0;0;;0;0;1;2;0;0;0;1;0;0;0;0;0;0;0;0.0;0;0;0;0;0;0;0;0;0;0;0;0;0;0;0;0;;0;0;0;0;0;0;0;0;0;0;0;0;0;0;0;0;org.apache.bsf.ScriptEngineManagerTest#public#testGetEngineFactories();
\bsf-api\src\test\java\org\apache\bsf\ScriptEngineManagerTest.java;org.apache.bsf;org.apache.bsf.ScriptEngineManagerTest;ScriptEngineManagerTest;1;0;0;1;1;TestCase;0;0;Method;testRegisterEngineExtension;1;0;0;0;0;1;0;0;0;;0;0;0;0;0;0;4;3;0;3;0;0;3;1;1;1.0;0;0;0;3;0;0;0;0;0;0;0;0;0;0;3;0;NullPointerException;0;0;0;0;0;0;0;0;0;0;0;0;0;0;0;0;org.apache.bsf.ScriptEngineManagerTest#public#testRegisterEngineExtension();
\bsf-api\src\test\java\org\apache\bsf\ScriptEngineManagerTest.java;org.apache.bsf;org.apache.bsf.ScriptEngineManagerTest;ScriptEngineManagerTest;1;0;0;1;1;TestCase;0;0;Method;testRegisterEngineName;1;0;0;0;0;1;0;0;0;;0;0;0;0;0;0;4;3;0;3;0;0;3;1;1;1.0;0;0;0;3;0;0;0;0;0;0;0;0;0;0;3;0;NullPointerException;0;0;0;0;0;0;0;0;0;0;0;0;0;0;0;0;org.apache.bsf.ScriptEngineManagerTest#public#testRegisterEngineName();
\bsf-api\src\test\java\org\apache\bsf\ScriptEngineManagerTest.java;org.apache.bsf;org.apache.bsf.ScriptEngineManagerTest;ScriptEngineManagerTest;1;0;0;1;1;TestCase;0;0;Method;testRegisterEngineMimeType;1;0;0;0;0;1;0;0;0;;0;0;0;0;0;0;4;3;0;3;0;0;3;1;1;1.0;0;0;0;3;0;0;0;0;0;0;0;0;0;0;3;0;NullPointerException;0;0;0;0;0;0;0;0;0;0;0;0;0;0;0;0;org.apache.bsf.ScriptEngineManagerTest#public#testRegisterEngineMimeType();
\bsf-api\src\test\java\org\apache\bsf\ScriptEngineManagerTest.java;org.apache.bsf;org.apache.bsf.ScriptEngineManagerTest;ScriptEngineManagerTest;1;0;0;1;1;TestCase;0;0;Method;testSetBindings;1;0;0;0;0;1;0;0;0;;0;0;0;0;0;0;3;1;0;1;0;0;1;1;1;1.0;0;0;0;1;0;0;0;0;0;0;0;0;0;0;1;0;IllegalArgumentException;0;0;0;0;0;0;0;0;0;0;0;0;0;0;0;0;org.apache.bsf.ScriptEngineManagerTest#public#testSetBindings();
\bsf-api\src\test\java\org\apache\bsf\ScriptEngineManagerTest.java;org.apache.bsf;org.apache.bsf.ScriptEngineManagerTest;ScriptEngineManagerTest;1;0;0;1;1;TestCase;0;0;Method;testEvalAndCompile;1;0;0;0;0;1;0;0;1;javax.script.ScriptException:;0;0;0;1;0;0;5;1;0;0;0;0;0;0;0;0.0;0;0;0;0;0;0;0;0;0;0;0;0;0;0;0;0;;0;0;0;0;0;0;0;0;0;0;0;0;0;0;0;0;org.apache.bsf.ScriptEngineManagerTest#public#testEvalAndCompile()ScriptException;
\bsf-utils\src\main\java\org\apache\bsf\utils\http\HttpScriptRequest.java;org.apache.bsf.utils.http;org.apache.bsf.utils.http.HttpScriptRequest;HttpScriptRequest;1;0;0;0;0;HttpServletRequestWrapper;0;0;Constructor;HttpScriptRequest;1;0;0;0;0;0;0;2;0;;0;0;0;0;0;0;0;0;0;0;0;0;0;0;0;0.0;0;0;0;0;0;0;0;0;0;0;0;0;0;0;0;0;;0;0;0;0;0;0;0;0;0;0;0;0;0;0;0;0;org.apache.bsf.utils.http.HttpScriptRequest#public#HttpScriptRequest(HttpScriptContext#HttpServletRequest);
\bsf-utils\src\main\java\org\apache\bsf\utils\http\HttpScriptRequest.java;org.apache.bsf.utils.http;org.apache.bsf.utils.http.HttpScriptRequest;HttpScriptRequest;1;0;0;0;0;HttpServletRequestWrapper;0;0;Method;getRequestDispatcher;1;0;0;0;0;0;0;1;0;;0;0;0;0;0;0;0;0;0;0;0;0;0;0;0;0.0;0;0;0;0;0;0;0;0;0;0;0;0;0;0;0;0;;0;0;0;0;0;0;0;0;0;0;0;0;0;0;0;0;org.apache.bsf.utils.http.HttpScriptRequest#public#getRequestDispatcher(String);
\bsf-utils\src\main\java\org\apache\bsf\utils\http\HttpScriptRequest.java;org.apache.bsf.utils.http;org.apache.bsf.utils.http.HttpScriptRequest;HttpScriptRequest;1;0;0;0;0;HttpServletRequestWrapper;0;0;Method;getSession;1;0;0;0;0;0;0;0;0;;0;0;0;0;0;0;0;0;0;0;0;0;0;0;0;0.0;0;0;0;0;0;0;0;0;0;0;0;0;0;0;0;0;;0;0;0;0;0;0;0;0;0;0;0;0;0;0;0;0;org.apache.bsf.utils.http.HttpScriptRequest#public#getSession();
\testing\python\src\test\java\org\apache\bsf\testing\python\HelloTestCase.java;org.apache.bsf.testing.python;org.apache.bsf.testing.python.HelloTestCase;HelloTestCase;1;0;0;1;1;TestCase;0;0;Method;testInvokeFunction;1;0;0;0;0;1;0;0;2;javax.script.ScriptException:NoSuchMethodException:;0;0;0;0;0;0;3;0;0;0;0;0;0;0;0;0.0;0;0;0;0;0;0;0;0;0;0;0;0;0;0;0;0;;0;0;0;0;0;0;0;0;0;0;0;0;0;0;0;0;org.apache.bsf.testing.python.HelloTestCase#public#testInvokeFunction()ScriptException#NoSuchMethodException;
\bsf-api\src\test\java\org\apache\bsf\utils\TestScriptEngineFactory.java;org.apache.bsf.utils;org.apache.bsf.utils.TestScriptEngineFactory;TestScriptEngineFactory;1;0;0;0;1;null;1;0;Method;getScriptEngine;1;0;0;0;0;0;1;0;0;;0;0;0;0;0;0;0;0;0;0;0;0;0;0;0;0.0;0;0;0;0;0;0;0;0;0;0;0;0;0;0;0;0;;0;0;0;0;0;0;0;0;0;0;0;0;0;0;0;0;org.apache.bsf.utils.TestScriptEngineFactory#public#getScriptEngine();
\bsf-api\src\test\java\org\apache\bsf\utils\TestScriptEngineFactory.java;org.apache.bsf.utils;org.apache.bsf.utils.TestScriptEngineFactory;TestScriptEngineFactory;1;0;0;0;1;null;1;0;Method;getEngineName;1;0;0;0;0;0;1;0;0;;0;0;0;0;0;0;0;0;0;0;0;0;0;0;0;0.0;0;0;0;0;0;0;0;0;0;0;0;0;0;0;0;0;;0;0;0;0;0;0;0;0;0;0;0;0;0;0;0;0;org.apache.bsf.utils.TestScriptEngineFactory#public#getEngineName();
\bsf-api\src\test\java\org\apache\bsf\utils\TestScriptEngineFactory.java;org.apache.bsf.utils;org.apache.bsf.utils.TestScriptEngineFactory;TestScriptEngineFactory;1;0;0;0;1;null;1;0;Method;getEngineVersion;1;0;0;0;0;0;1;0;0;;0;0;0;0;0;0;0;0;0;0;0;0;0;0;0;0.0;0;0;0;0;0;0;0;0;0;0;0;0;0;0;0;0;;0;0;0;0;0;0;0;0;0;0;0;0;0;0;0;0;org.apache.bsf.utils.TestScriptEngineFactory#public#getEngineVersion();
\bsf-api\src\test\java\org\apache\bsf\utils\TestScriptEngineFactory.java;org.apache.bsf.utils;org.apache.bsf.utils.TestScriptEngineFactory;TestScriptEngineFactory;1;0;0;0;1;null;1;0;Method;getExtensions;1;0;0;0;0;0;1;0;0;;0;0;0;0;0;0;0;0;0;0;0;0;0;0;0;0.0;0;0;0;0;0;0;0;0;0;0;0;0;0;0;0;0;;0;0;0;0;0;0;0;0;0;0;0;0;0;0;0;0;org.apache.bsf.utils.TestScriptEngineFactory#public#getExtensions();
\bsf-api\src\test\java\org\apache\bsf\utils\TestScriptEngineFactory.java;org.apache.bsf.utils;org.apache.bsf.utils.TestScriptEngineFactory;TestScriptEngineFactory;1;0;0;0;1;null;1;0;Method;getLanguageName;1;0;0;0;0;0;1;0;0;;0;0;0;0;0;0;0;0;0;0;0;0;0;0;0;0.0;0;0;0;0;0;0;0;0;0;0;0;0;0;0;0;0;;0;0;0;0;0;0;0;0;0;0;0;0;0;0;0;0;org.apache.bsf.utils.TestScriptEngineFactory#public#getLanguageName();
\bsf-api\src\test\java\org\apache\bsf\utils\TestScriptEngineFactory.java;org.apache.bsf.utils;org.apache.bsf.utils.TestScriptEngineFactory;TestScriptEngineFactory;1;0;0;0;1;null;1;0;Method;getLanguageVersion;1;0;0;0;0;0;1;0;0;;0;0;0;0;0;0;0;0;0;0;0;0;0;0;0;0.0;0;0;0;0;0;0;0;0;0;0;0;0;0;0;0;0;;0;0;0;0;0;0;0;0;0;0;0;0;0;0;0;0;org.apache.bsf.utils.TestScriptEngineFactory#public#getLanguageVersion();
\bsf-api\src\test\java\org\apache\bsf\utils\TestScriptEngineFactory.java;org.apache.bsf.utils;org.apache.bsf.utils.TestScriptEngineFactory;TestScriptEngineFactory;1;0;0;0;1;null;1;0;Method;getMimeTypes;1;0;0;0;0;0;1;0;0;;0;0;0;0;0;0;0;0;0;0;0;0;0;0;0;0.0;0;0;0;0;0;0;0;0;0;0;0;0;0;0;0;0;;0;0;0;0;0;0;0;0;0;0;0;0;0;0;0;0;org.apache.bsf.utils.TestScriptEngineFactory#public#getMimeTypes();
\bsf-api\src\test\java\org\apache\bsf\utils\TestScriptEngineFactory.java;org.apache.bsf.utils;org.apache.bsf.utils.TestScriptEngineFactory;TestScriptEngineFactory;1;0;0;0;1;null;1;0;Method;getParameter;1;0;0;0;0;0;1;1;0;;0;0;0;6;0;0;0;0;0;0;0;0;0;0;0;0.0;0;0;0;0;0;0;0;0;0;0;0;0;0;0;0;0;;0;0;0;0;0;0;0;0;0;0;0;0;0;0;0;0;org.apache.bsf.utils.TestScriptEngineFactory#public#getParameter(String);
\bsf-api\src\test\java\org\apache\bsf\utils\TestScriptEngineFactory.java;org.apache.bsf.utils;org.apache.bsf.utils.TestScriptEngineFactory;TestScriptEngineFactory;1;0;0;0;1;null;1;0;Method;getMethodCallSyntax;1;0;0;0;0;0;1;3;0;;0;0;0;0;0;0;0;0;0;0;0;0;0;0;0;0.0;0;0;0;0;0;0;0;0;0;0;0;0;0;0;0;0;;0;0;0;0;0;0;0;0;0;0;0;0;0;0;0;0;org.apache.bsf.utils.TestScriptEngineFactory#public#getMethodCallSyntax(String#String#String[]);
\bsf-api\src\test\java\org\apache\bsf\utils\TestScriptEngineFactory.java;org.apache.bsf.utils;org.apache.bsf.utils.TestScriptEngineFactory;TestScriptEngineFactory;1;0;0;0;1;null;1;0;Method;getNames;1;0;0;0;0;0;1;0;0;;0;0;0;0;0;0;0;0;0;0;0;0;0;0;0;0.0;0;0;0;0;0;0;0;0;0;0;0;0;0;0;0;0;;0;0;0;0;0;0;0;0;0;0;0;0;0;0;0;0;org.apache.bsf.utils.TestScriptEngineFactory#public#getNames();
\bsf-api\src\test\java\org\apache\bsf\utils\TestScriptEngineFactory.java;org.apache.bsf.utils;org.apache.bsf.utils.TestScriptEngineFactory;TestScriptEngineFactory;1;0;0;0;1;null;1;0;Method;getOutputStatement;1;0;0;0;0;0;1;1;0;;0;0;0;0;0;0;0;0;0;0;0;0;0;0;0;0.0;0;0;0;0;0;0;0;0;0;0;0;0;0;0;0;0;;0;0;0;0;0;0;0;0;0;0;0;0;0;0;0;0;org.apache.bsf.utils.TestScriptEngineFactory#public#getOutputStatement(String);
\bsf-api\src\test\java\org\apache\bsf\utils\TestScriptEngineFactory.java;org.apache.bsf.utils;org.apache.bsf.utils.TestScriptEngineFactory;TestScriptEngineFactory;1;0;0;0;1;null;1;0;Method;getProgram;1;0;0;0;0;0;1;1;0;;0;0;0;0;0;0;0;0;0;0;0;0;0;0;0;0.0;0;0;0;0;0;0;0;0;0;0;0;0;0;0;0;0;;0;0;0;0;0;0;0;0;0;0;0;0;0;0;0;0;org.apache.bsf.utils.TestScriptEngineFactory#public#getProgram(String[]);
\bsf-api\src\test\java\org\apache\bsf\utils\TestScriptEngine.java;org.apache.bsf.utils;org.apache.bsf.utils.TestScriptEngine;TestScriptEngine;1;0;0;0;1;AbstractScriptEngine;2;0;Constructor;TestScriptEngine;1;0;0;0;0;0;0;0;0;;0;0;0;0;0;0;0;0;0;0;0;0;0;0;0;0.0;0;0;0;0;0;0;0;0;0;0;0;0;0;0;0;0;;0;0;0;0;0;0;0;0;0;0;0;0;0;0;0;0;org.apache.bsf.utils.TestScriptEngine#public#TestScriptEngine();
\bsf-api\src\test\java\org\apache\bsf\utils\TestScriptEngine.java;org.apache.bsf.utils;org.apache.bsf.utils.TestScriptEngine;TestScriptEngine;1;0;0;0;1;AbstractScriptEngine;2;0;Constructor;TestScriptEngine;1;0;0;0;0;0;0;1;0;;0;0;0;0;0;0;0;0;0;0;0;0;0;0;0;0.0;0;0;0;0;0;0;0;0;0;0;0;0;0;0;0;0;;0;0;0;0;0;0;0;0;0;0;0;0;0;0;0;0;org.apache.bsf.utils.TestScriptEngine#public#TestScriptEngine(Bindings);
\bsf-api\src\test\java\org\apache\bsf\utils\TestScriptEngine.java;org.apache.bsf.utils;org.apache.bsf.utils.TestScriptEngine;TestScriptEngine;1;0;0;0;1;AbstractScriptEngine;2;0;Method;getScriptContext;1;0;0;0;0;0;1;1;0;;0;0;0;0;0;0;0;0;0;0;0;0;0;0;0;0.0;0;0;0;0;0;0;0;0;0;0;0;0;0;0;0;0;;0;0;0;0;0;0;0;0;0;0;0;0;0;0;0;0;org.apache.bsf.utils.TestScriptEngine#public#getScriptContext(Bindings);
\bsf-api\src\test\java\org\apache\bsf\utils\TestScriptEngine.java;org.apache.bsf.utils;org.apache.bsf.utils.TestScriptEngine;TestScriptEngine;1;0;0;0;1;AbstractScriptEngine;2;0;Method;createBindings;1;0;0;0;0;0;1;0;0;;0;0;0;0;0;0;0;0;0;0;0;0;0;0;0;0.0;0;0;0;0;0;0;0;0;0;0;0;0;0;0;0;0;;0;0;0;0;0;0;0;0;0;0;0;0;0;0;0;0;org.apache.bsf.utils.TestScriptEngine#public#createBindings();
\bsf-api\src\test\java\org\apache\bsf\utils\TestScriptEngine.java;org.apache.bsf.utils;org.apache.bsf.utils.TestScriptEngine;TestScriptEngine;1;0;0;0;1;AbstractScriptEngine;2;0;Method;eval;1;0;0;0;0;0;1;2;1;javax.script.ScriptException:;0;0;0;0;0;0;0;0;0;0;0;0;0;0;0;0.0;0;0;0;0;0;0;0;0;0;0;0;0;0;0;0;0;;0;0;0;0;0;0;0;0;0;0;0;0;0;0;0;0;org.apache.bsf.utils.TestScriptEngine#public#eval(Reader#ScriptContext)ScriptException;
\bsf-api\src\test\java\org\apache\bsf\utils\TestScriptEngine.java;org.apache.bsf.utils;org.apache.bsf.utils.TestScriptEngine;TestScriptEngine;1;0;0;0;1;AbstractScriptEngine;2;0;Method;readerToString;1;0;0;0;0;0;1;1;1;javax.script.ScriptException:;0;1;0;0;0;0;0;0;1;1;0;0;1;1;1;1.0;0;0;0;0;0;0;0;0;0;0;0;0;0;0;1;0;java.io.IOException;1;0;1;0;0;0;0;0;0;0;0;0;0;0;2;0;org.apache.bsf.utils.TestScriptEngine#public#readerToString(Reader)ScriptException;
\bsf-api\src\test\java\org\apache\bsf\utils\TestScriptEngine.java;org.apache.bsf.utils;org.apache.bsf.utils.TestScriptEngine;TestScriptEngine;1;0;0;0;1;AbstractScriptEngine;2;0;Method;eval;1;0;0;0;0;0;1;2;1;javax.script.ScriptException:;0;0;0;0;0;0;0;0;0;0;0;0;0;0;0;0.0;0;0;0;0;0;0;0;0;0;0;0;0;0;0;0;0;;0;0;0;0;0;0;0;0;0;0;0;0;0;0;0;0;org.apache.bsf.utils.TestScriptEngine#public#eval(String#ScriptContext)ScriptException;
\bsf-api\src\test\java\org\apache\bsf\utils\TestScriptEngine.java;org.apache.bsf.utils;org.apache.bsf.utils.TestScriptEngine;TestScriptEngine;1;0;0;0;1;AbstractScriptEngine;2;0;Method;getFactory;1;0;0;0;0;0;1;0;0;;0;0;0;0;0;0;0;0;0;0;0;0;0;0;0;0.0;0;0;0;0;0;0;0;0;0;0;0;0;0;0;0;0;;0;0;0;0;0;0;0;0;0;0;0;0;0;0;0;0;org.apache.bsf.utils.TestScriptEngine#public#getFactory();
\bsf-api\src\test\java\org\apache\bsf\utils\TestScriptEngine.java;org.apache.bsf.utils;org.apache.bsf.utils.TestScriptEngine;TestScriptEngine;1;0;0;0;1;AbstractScriptEngine;2;0;Method;compile;1;0;0;0;0;0;1;1;1;javax.script.ScriptException:;0;0;0;0;0;0;0;0;0;0;0;0;0;0;0;0.0;0;0;0;0;0;0;0;0;0;0;0;0;0;0;0;0;;0;0;0;0;0;0;0;0;0;0;0;0;0;0;0;0;org.apache.bsf.utils.TestScriptEngine#public#compile(String)ScriptException;
\bsf-api\src\test\java\org\apache\bsf\utils\TestScriptEngine.java;org.apache.bsf.utils;org.apache.bsf.utils.TestScriptEngine;TestScriptEngine;1;0;0;0;1;AbstractScriptEngine;2;0;Method;compile;1;0;0;0;0;0;1;1;1;javax.script.ScriptException:;0;0;0;0;0;0;0;0;0;0;0;0;0;0;0;0.0;0;0;0;0;0;0;0;0;0;0;0;0;0;0;0;0;;0;0;0;0;0;0;0;0;0;0;0;0;0;0;0;0;org.apache.bsf.utils.TestScriptEngine#public#compile(Reader)ScriptException;
\bsf-api\src\test\java\org\apache\bsf\utils\TestScriptEngine.java;org.apache.bsf.utils;org.apache.bsf.utils.TestScriptEngine;TestScriptEngine;1;0;0;0;1;AbstractScriptEngine;2;0;Method;getInterface;1;0;0;0;0;0;1;1;0;;0;0;0;0;0;0;0;0;0;0;0;0;0;0;0;0.0;0;0;0;0;0;0;0;0;0;0;0;0;0;0;0;0;;0;0;0;0;0;0;0;0;0;0;0;0;0;0;0;0;org.apache.bsf.utils.TestScriptEngine#public#getInterface(Class);
\bsf-api\src\test\java\org\apache\bsf\utils\TestScriptEngine.java;org.apache.bsf.utils;org.apache.bsf.utils.TestScriptEngine;TestScriptEngine;1;0;0;0;1;AbstractScriptEngine;2;0;Method;getInterface;1;0;0;0;0;0;1;2;0;;0;0;0;0;0;0;0;0;0;0;0;0;0;0;0;0.0;0;0;0;0;0;0;0;0;0;0;0;0;0;0;0;0;;0;0;0;0;0;0;0;0;0;0;0;0;0;0;0;0;org.apache.bsf.utils.TestScriptEngine#public#getInterface(Object#Class);
\bsf-api\src\test\java\org\apache\bsf\utils\TestScriptEngine.java;org.apache.bsf.utils;org.apache.bsf.utils.TestScriptEngine;TestScriptEngine;1;0;0;0;1;AbstractScriptEngine;2;0;Method;invokeFunction;1;0;0;0;0;0;1;2;2;javax.script.ScriptException:NoSuchMethodException:;0;0;0;0;0;0;0;0;0;0;0;0;0;0;0;0.0;0;0;0;0;0;0;0;0;0;0;0;0;0;0;0;0;;0;0;0;0;0;0;0;0;0;0;0;0;0;0;0;0;org.apache.bsf.utils.TestScriptEngine#public#invokeFunction(String#Object[])ScriptException#NoSuchMethodException;
\bsf-api\src\test\java\org\apache\bsf\utils\TestScriptEngine.java;org.apache.bsf.utils;org.apache.bsf.utils.TestScriptEngine;TestScriptEngine;1;0;0;0;1;AbstractScriptEngine;2;0;Method;invokeMethod;1;0;0;0;0;0;1;3;2;javax.script.ScriptException:NoSuchMethodException:;0;0;0;0;0;0;0;0;0;0;0;0;0;0;0;0.0;0;0;0;0;0;0;0;0;0;0;0;0;0;0;0;0;;0;0;0;0;0;0;0;0;0;0;0;0;0;0;0;0;org.apache.bsf.utils.TestScriptEngine#public#invokeMethod(Object#String#Object[])ScriptException#NoSuchMethodException;
\bsf-api\src\test\java\org\apache\bsf\AbstractScriptEngineTest.java;org.apache.bsf;org.apache.bsf.AbstractScriptEngineTest;AbstractScriptEngineTest;1;0;0;1;1;TestCase;0;0;Method;testCtor1;1;0;0;0;0;1;0;0;0;;0;0;0;0;0;0;1;0;0;0;0;0;0;0;0;0.0;0;0;0;0;0;0;0;0;0;0;0;0;0;0;0;0;;0;0;0;0;0;0;0;0;0;0;0;0;0;0;0;0;org.apache.bsf.AbstractScriptEngineTest#public#testCtor1();
\bsf-api\src\test\java\org\apache\bsf\AbstractScriptEngineTest.java;org.apache.bsf;org.apache.bsf.AbstractScriptEngineTest;AbstractScriptEngineTest;1;0;0;1;1;TestCase;0;0;Method;testCtor2;1;0;0;0;0;1;0;0;0;;0;0;0;0;0;0;0;1;0;1;0;0;1;1;1;1.0;0;0;0;1;0;0;0;0;0;0;0;0;0;0;1;0;NullPointerException;0;0;0;0;0;0;0;0;0;0;0;0;0;0;0;0;org.apache.bsf.AbstractScriptEngineTest#public#testCtor2();
\bsf-api\src\test\java\org\apache\bsf\AbstractScriptEngineTest.java;org.apache.bsf;org.apache.bsf.AbstractScriptEngineTest;AbstractScriptEngineTest;1;0;0;1;1;TestCase;0;0;Method;testSetBindings;1;0;0;0;0;1;0;0;0;;0;0;0;0;0;0;0;2;0;2;0;0;2;1;1;1.0;0;0;0;2;0;0;0;0;0;0;0;0;0;0;2;0;IllegalArgumentException:NullPointerException;0;0;0;0;0;0;0;0;0;0;0;0;0;0;0;0;org.apache.bsf.AbstractScriptEngineTest#public#testSetBindings();
\bsf-api\src\test\java\org\apache\bsf\AbstractScriptEngineTest.java;org.apache.bsf;org.apache.bsf.AbstractScriptEngineTest;AbstractScriptEngineTest;1;0;0;1;1;TestCase;0;0;Method;testGetBindings;1;0;0;0;0;1;0;0;0;;0;0;0;0;0;0;4;1;0;1;0;0;1;1;1;1.0;0;0;0;1;0;0;0;0;0;0;0;0;0;0;1;0;IllegalArgumentException;0;0;0;0;0;0;0;0;0;0;0;0;0;0;0;0;org.apache.bsf.AbstractScriptEngineTest#public#testGetBindings();
\bsf-api\src\test\java\org\apache\bsf\AbstractScriptEngineTest.java;org.apache.bsf;org.apache.bsf.AbstractScriptEngineTest;AbstractScriptEngineTest;1;0;0;1;1;TestCase;0;0;Method;testContext;1;0;0;0;0;1;0;0;0;;0;0;0;0;0;0;4;0;0;0;0;0;0;0;0;0.0;0;0;0;0;0;0;0;0;0;0;0;0;0;0;0;0;;0;0;0;0;0;0;0;0;0;0;0;0;0;0;0;0;org.apache.bsf.AbstractScriptEngineTest#public#testContext();
\bsf-api\src\test\java\org\apache\bsf\AbstractScriptEngineTest.java;org.apache.bsf;org.apache.bsf.AbstractScriptEngineTest;AbstractScriptEngineTest;1;0;0;1;1;TestCase;0;0;Method;testgetScriptContext;1;0;0;0;0;1;0;0;0;;0;0;0;0;0;0;2;1;0;1;0;0;1;1;1;1.0;0;0;0;1;0;0;0;0;0;0;0;0;0;0;1;0;NullPointerException;0;0;0;0;0;0;0;0;0;0;0;0;0;0;0;0;org.apache.bsf.AbstractScriptEngineTest#public#testgetScriptContext();
\bsf-api\src\test\java\org\apache\bsf\AbstractScriptEngineTest.java;org.apache.bsf;org.apache.bsf.AbstractScriptEngineTest;AbstractScriptEngineTest;1;0;0;1;1;TestCase;0;0;Method;testPutGet;1;0;0;0;0;1;0;0;0;;0;0;0;0;0;0;2;4;0;4;0;0;4;1;1;1.0;0;0;0;4;0;0;0;0;0;0;0;0;0;0;4;0;NullPointerException:IllegalArgumentException;0;0;0;0;0;0;0;0;0;0;0;0;0;0;0;0;org.apache.bsf.AbstractScriptEngineTest#public#testPutGet();
\bsf-api\src\main\java\javax\script\ScriptEngineManager.java;javax.script;javax.script.ScriptEngineManager;ScriptEngineManager;1;0;0;0;0;null;0;0;Constructor;ScriptEngineManager;1;0;0;0;0;0;0;0;0;;0;0;0;0;0;0;0;0;0;0;0;0;0;0;0;0.0;0;0;0;0;0;0;0;0;0;0;0;0;0;0;0;0;;0;0;0;0;0;0;0;0;0;0;0;0;0;0;0;0;javax.script.ScriptEngineManager#public#ScriptEngineManager();
\bsf-api\src\main\java\javax\script\ScriptEngineManager.java;javax.script;javax.script.ScriptEngineManager;ScriptEngineManager;1;0;0;0;0;null;0;0;Constructor;ScriptEngineManager;1;0;0;0;0;0;0;1;0;;0;1;3;0;0;0;0;0;1;1;0;0;2;2;2;2.0;0;0;0;0;0;0;0;0;0;0;0;0;0;0;2;0;ThreadDeath:Error;0;0;0;1;0;0;0;0;0;0;0;0;0;0;1;0;javax.script.ScriptEngineManager#public#ScriptEngineManager(ClassLoader);
\bsf-api\src\main\java\javax\script\ScriptEngineManager.java;javax.script;javax.script.ScriptEngineManager;ScriptEngineManager;1;0;0;0;0;null;0;0;Method;get;1;0;0;0;0;0;0;1;0;;0;0;0;0;0;0;0;0;0;0;0;0;0;0;0;0.0;0;0;0;0;0;0;0;0;0;0;0;0;0;0;0;0;;0;0;0;0;0;0;0;0;0;0;0;0;0;0;0;0;javax.script.ScriptEngineManager#public#get(String);
\bsf-api\src\main\java\javax\script\ScriptEngineManager.java;javax.script;javax.script.ScriptEngineManager;ScriptEngineManager;1;0;0;0;0;null;0;0;Method;getEngineByExtension;1;0;0;0;0;0;0;1;0;;0;0;0;2;0;0;0;0;1;0;0;0;0;0;0;0.0;0;0;0;0;0;0;0;0;0;0;0;0;0;0;0;0;;0;0;0;0;0;0;0;0;0;0;0;0;0;0;0;0;javax.script.ScriptEngineManager#public#getEngineByExtension(String);
\bsf-api\src\main\java\javax\script\ScriptEngineManager.java;javax.script;javax.script.ScriptEngineManager;ScriptEngineManager;1;0;0;0;0;null;0;0;Method;getEngineByMimeType;1;0;0;0;0;0;0;1;0;;0;0;0;2;0;0;0;0;1;0;0;0;0;0;0;0.0;0;0;0;0;0;0;0;0;0;0;0;0;0;0;0;0;;0;0;0;0;0;0;0;0;0;0;0;0;0;0;0;0;javax.script.ScriptEngineManager#public#getEngineByMimeType(String);
\bsf-api\src\main\java\javax\script\ScriptEngineManager.java;javax.script;javax.script.ScriptEngineManager;ScriptEngineManager;1;0;0;0;0;null;0;0;Method;getEngineByName;1;0;0;0;0;0;0;1;0;;0;0;0;2;0;0;0;0;1;0;0;0;0;0;0;0.0;0;0;0;0;0;0;0;0;0;0;0;0;0;0;0;0;;0;0;0;0;0;0;0;0;0;0;0;0;0;0;0;0;javax.script.ScriptEngineManager#public#getEngineByName(String);
\bsf-api\src\main\java\javax\script\ScriptEngineManager.java;javax.script;javax.script.ScriptEngineManager;ScriptEngineManager;1;0;0;0;0;null;0;0;Method;getEngineFactories;1;0;0;0;0;0;0;0;0;;0;1;0;0;0;0;0;0;0;0;0;0;0;0;0;0.0;0;0;0;0;0;0;0;0;0;0;0;0;0;0;0;0;;0;0;0;0;0;0;0;0;0;0;0;0;0;0;0;0;javax.script.ScriptEngineManager#public#getEngineFactories();
\bsf-api\src\main\java\javax\script\ScriptEngineManager.java;javax.script;javax.script.ScriptEngineManager;ScriptEngineManager;1;0;0;0;0;null;0;0;Method;getBindings;1;0;0;0;0;0;0;0;0;;0;0;0;0;0;0;0;0;0;0;0;0;0;0;0;0.0;0;0;0;0;0;0;0;0;0;0;0;0;0;0;0;0;;0;0;0;0;0;0;0;0;0;0;0;0;0;0;0;0;javax.script.ScriptEngineManager#public#getBindings();
\bsf-api\src\main\java\javax\script\ScriptEngineManager.java;javax.script;javax.script.ScriptEngineManager;ScriptEngineManager;1;0;0;0;0;null;0;0;Method;put;1;0;0;0;0;0;0;2;0;;0;0;0;2;0;0;0;0;2;0;0;0;0;0;0;0.0;0;0;0;0;0;0;0;0;0;0;0;0;0;0;0;0;;0;0;0;0;0;0;0;0;0;0;0;0;0;0;0;0;javax.script.ScriptEngineManager#public#put(String#Object);
\bsf-api\src\main\java\javax\script\ScriptEngineManager.java;javax.script;javax.script.ScriptEngineManager;ScriptEngineManager;1;0;0;0;0;null;0;0;Method;registerEngineExtension;1;0;0;0;0;0;0;2;0;;0;0;0;1;0;0;0;0;1;0;0;0;0;0;0;0.0;0;0;0;0;0;0;0;0;0;0;0;0;0;0;0;0;;0;0;0;0;0;0;0;0;0;0;0;0;0;0;0;0;javax.script.ScriptEngineManager#public#registerEngineExtension(String#ScriptEngineFactory);
\bsf-api\src\main\java\javax\script\ScriptEngineManager.java;javax.script;javax.script.ScriptEngineManager;ScriptEngineManager;1;0;0;0;0;null;0;0;Method;registerEngineName;1;0;0;0;0;0;0;2;0;;0;0;0;1;0;0;0;0;1;0;0;0;0;0;0;0.0;0;0;0;0;0;0;0;0;0;0;0;0;0;0;0;0;;0;0;0;0;0;0;0;0;0;0;0;0;0;0;0;0;javax.script.ScriptEngineManager#public#registerEngineName(String#ScriptEngineFactory);
\bsf-api\src\main\java\javax\script\ScriptEngineManager.java;javax.script;javax.script.ScriptEngineManager;ScriptEngineManager;1;0;0;0;0;null;0;0;Method;registerEngineMimeType;1;0;0;0;0;0;0;2;0;;0;0;0;1;0;0;0;0;1;0;0;0;0;0;0;0.0;0;0;0;0;0;0;0;0;0;0;0;0;0;0;0;0;;0;0;0;0;0;0;0;0;0;0;0;0;0;0;0;0;javax.script.ScriptEngineManager#public#registerEngineMimeType(String#ScriptEngineFactory);
\bsf-api\src\main\java\javax\script\ScriptEngineManager.java;javax.script;javax.script.ScriptEngineManager;ScriptEngineManager;1;0;0;0;0;null;0;0;Method;setBindings;1;0;0;0;0;0;0;1;0;;0;0;0;1;0;0;0;0;1;0;0;0;0;0;0;0.0;0;0;0;0;0;0;0;0;0;0;0;0;0;0;0;0;;0;0;0;0;0;0;0;0;0;0;0;0;0;0;0;0;javax.script.ScriptEngineManager#public#setBindings(Bindings);
\bsf-utils\src\main\java\org\mozilla\javascript\ContextHelper.java;org.mozilla.javascript;org.mozilla.javascript.ContextHelper;ContextHelper;1;0;0;0;0;null;0;0;Method;setTopCallScope;1;0;0;0;0;0;0;2;0;;0;0;0;1;0;0;0;0;0;0;0;0;0;0;0;0.0;0;0;0;0;0;0;0;0;0;0;0;0;0;0;0;0;;0;0;0;0;0;0;0;0;0;0;0;0;0;0;0;0;org.mozilla.javascript.ContextHelper#public#setTopCallScope(Context#Scriptable);
\bsf-api\src\test\java\org\apache\bsf\FactoryTest.java;org.apache.bsf;org.apache.bsf.FactoryTest;FactoryTest;1;0;0;1;1;TestCase;0;0;Method;show;1;0;0;0;0;0;1;1;0;;0;0;0;0;0;0;0;0;0;0;0;0;0;0;0;0.0;0;0;0;0;0;0;0;0;0;0;0;0;0;0;0;0;;0;0;0;0;0;0;0;0;0;0;0;0;0;0;0;0;org.apache.bsf.FactoryTest#public#show(String);
\bsf-api\src\test\java\org\apache\bsf\FactoryTest.java;org.apache.bsf;org.apache.bsf.FactoryTest;FactoryTest;1;0;0;1;1;TestCase;0;0;Method;testEngines;1;0;0;0;0;1;0;0;0;;0;0;1;2;0;0;2;0;0;1;0;0;2;2;2;2.0;0;0;0;1;1;0;0;0;0;0;0;0;0;0;2;0;SecurityException:NoSuchMethodException;0;0;0;0;0;0;0;0;0;0;0;0;0;0;0;0;org.apache.bsf.FactoryTest#public#testEngines();
\bsf-utils\src\test\java\org\apache\bsf\xml\JavaScriptXMLHelperTestCase.java;org.apache.bsf.xml;org.apache.bsf.xml.JavaScriptXMLHelperTestCase;JavaScriptXMLHelperTestCase;1;0;0;1;1;TestCase;0;0;Method;testToOmElement;1;0;0;0;0;1;0;0;1;javax.script.ScriptException:;0;0;0;0;0;0;3;0;0;0;0;0;0;0;0;0.0;0;0;0;0;0;0;0;0;0;0;0;0;0;0;0;0;;0;0;0;0;0;0;0;0;0;0;0;0;0;0;0;0;org.apache.bsf.xml.JavaScriptXMLHelperTestCase#public#testToOmElement()ScriptException;
\bsf-utils\src\test\java\org\apache\bsf\xml\JavaScriptXMLHelperTestCase.java;org.apache.bsf.xml;org.apache.bsf.xml.JavaScriptXMLHelperTestCase;JavaScriptXMLHelperTestCase;1;0;0;1;1;TestCase;0;0;Method;testToScriptXML;1;0;0;0;0;1;0;0;1;javax.script.ScriptException:;0;0;0;0;0;0;3;0;0;0;0;0;0;0;0;0.0;0;0;0;0;0;0;0;0;0;0;0;0;0;0;0;0;;0;0;0;0;0;0;0;0;0;0;0;0;0;0;0;0;org.apache.bsf.xml.JavaScriptXMLHelperTestCase#public#testToScriptXML()ScriptException;
\bsf-utils\src\test\java\org\apache\bsf\xml\JavaScriptXMLHelperTestCase.java;org.apache.bsf.xml;org.apache.bsf.xml.JavaScriptXMLHelperTestCase;JavaScriptXMLHelperTestCase;1;0;0;1;1;TestCase;0;0;Method;setUp;1;0;0;0;0;0;1;0;0;;0;0;0;0;0;0;0;0;0;0;0;0;0;0;0;0.0;0;0;0;0;0;0;0;0;0;0;0;0;0;0;0;0;;0;0;0;0;0;0;0;0;0;0;0;0;0;0;0;0;org.apache.bsf.xml.JavaScriptXMLHelperTestCase#public#setUp();
\testing\e4x\src\test\java\org\apache\bsf\testing\e4x\HelloTestCase.java;org.apache.bsf.testing.e4x;org.apache.bsf.testing.e4x.HelloTestCase;HelloTestCase;1;0;0;1;1;TestCase;0;0;Method;testE4X;1;0;0;0;0;1;0;0;3;javax.script.ScriptException:javax.xml.stream.XMLStreamException:javax.xml.stream.FactoryConfigurationError:;0;0;0;0;0;0;3;0;0;0;0;0;0;0;0;0.0;0;0;0;0;0;0;0;0;0;0;0;0;0;0;0;0;;0;0;0;0;0;0;0;0;0;0;0;0;0;0;0;0;org.apache.bsf.testing.e4x.HelloTestCase#public#testE4X()ScriptException#XMLStreamException#FactoryConfigurationError;
\testing\e4x\src\test\java\org\apache\bsf\testing\e4x\HelloTestCase.java;org.apache.bsf.testing.e4x;org.apache.bsf.testing.e4x.HelloTestCase;HelloTestCase;1;0;0;1;1;TestCase;0;0;Method;createOMElement;1;0;0;0;0;0;1;1;2;javax.xml.stream.XMLStreamException:javax.xml.stream.FactoryConfigurationError:;0;0;0;0;0;0;0;0;0;0;0;0;0;0;0;0.0;0;0;0;0;0;0;0;0;0;0;0;0;0;0;0;0;;0;0;0;0;0;0;0;0;0;0;0;0;0;0;0;0;org.apache.bsf.testing.e4x.HelloTestCase#public#createOMElement(String)XMLStreamException#FactoryConfigurationError;
\testing\e4x\src\test\java\org\apache\bsf\testing\e4x\HelloTestCase.java;org.apache.bsf.testing.e4x;org.apache.bsf.testing.e4x.HelloTestCase;HelloTestCase;1;0;0;1;1;TestCase;0;0;Method;setUp;1;0;0;0;0;0;1;0;0;;0;0;0;0;0;0;0;0;0;1;0;0;0;0;0;0.0;0;0;0;0;0;0;0;0;0;0;0;0;0;0;0;0;;0;0;0;0;0;0;0;0;0;0;0;0;0;0;0;0;org.apache.bsf.testing.e4x.HelloTestCase#public#setUp();
\bsf-utils\src\main\java\org\apache\bsf\xml\JavaScriptE4XAxiomHelper.java;org.apache.bsf.xml;org.apache.bsf.xml.AxiomE4XContextFactory;AxiomE4XContextFactory;1;0;0;0;0;ContextFactory;0;0;Method;toOMElement;1;0;0;0;0;0;0;1;1;javax.script.ScriptException:;0;0;0;2;0;0;0;0;0;0;0;0;0;0;0;0.0;0;0;0;0;0;0;0;0;0;0;0;0;0;0;0;0;;0;0;0;0;0;0;0;0;0;0;0;0;0;0;0;0;org.apache.bsf.xml.JavaScriptE4XAxiomHelper#public#toOMElement(Object)ScriptException;
\bsf-utils\src\main\java\org\apache\bsf\xml\JavaScriptE4XAxiomHelper.java;org.apache.bsf.xml;org.apache.bsf.xml.AxiomE4XContextFactory;AxiomE4XContextFactory;1;0;0;0;0;ContextFactory;0;0;Method;toScriptXML;1;0;0;0;0;0;0;1;1;javax.script.ScriptException:;0;0;0;1;0;0;0;0;0;1;0;0;0;0;0;0.0;0;0;0;0;0;0;0;0;0;0;0;0;0;0;0;0;;0;0;0;0;0;0;0;0;0;0;0;0;0;0;0;0;org.apache.bsf.xml.JavaScriptE4XAxiomHelper#public#toScriptXML(OMElement)ScriptException;
\bsf-utils\src\main\java\org\apache\bsf\xml\JavaScriptE4XAxiomHelper.java;org.apache.bsf.xml;org.apache.bsf.xml.AxiomE4XContextFactory;AxiomE4XContextFactory;1;0;0;0;0;ContextFactory;0;0;Method;init;1;0;0;0;0;0;0;0;0;;0;0;0;0;0;0;0;0;0;0;0;0;0;0;0;0.0;0;0;0;0;0;0;0;0;0;0;0;0;0;0;0;0;;0;0;0;0;0;0;0;0;0;0;0;0;0;0;0;0;org.apache.bsf.xml.JavaScriptE4XAxiomHelper#public#init();
\bsf-utils\src\main\java\org\apache\bsf\xml\JavaScriptE4XAxiomHelper.java;org.apache.bsf.xml;org.apache.bsf.xml.AxiomE4XContextFactory;AxiomE4XContextFactory;1;0;0;0;0;ContextFactory;0;0;Method;getE4xImplementationFactory;1;0;0;0;0;0;0;0;0;;0;0;0;0;0;0;0;0;0;0;0;0;0;0;0;0.0;0;0;0;0;0;0;0;0;0;0;0;0;0;0;0;0;;0;0;0;0;0;0;0;0;0;0;0;0;0;0;0;0;org.apache.bsf.xml.AxiomE4XContextFactory#public#getE4xImplementationFactory();
\bsf-utils\src\main\java\org\apache\bsf\xml\JavaScriptE4XAxiomHelper.java;org.apache.bsf.xml;org.apache.bsf.xml.AxiomE4XContextFactory;AxiomE4XContextFactory;1;0;0;0;0;ContextFactory;0;0;Constructor;JavaScriptE4XAxiomHelper;0;0;0;1;0;0;0;1;0;;0;0;0;1;0;0;0;0;0;1;0;0;0;0;0;0.0;0;0;0;0;0;0;0;0;0;0;0;0;0;0;0;0;;0;0;0;0;0;0;0;0;0;0;0;0;0;0;0;0;org.apache.bsf.xml.JavaScriptE4XAxiomHelper##JavaScriptE4XAxiomHelper(ScriptEngine);
\bsf-utils\src\main\java\org\apache\bsf\utils\http\HttpScriptServlet.java;org.apache.bsf.utils.http;org.apache.bsf.utils.http.HttpScriptServlet;HttpScriptServlet;1;0;0;0;0;GenericServlet;0;0;Constructor;HttpScriptServlet;1;0;0;0;0;0;0;0;0;;0;0;0;0;0;0;0;0;0;0;0;0;0;0;0;0.0;0;0;0;0;0;0;0;0;0;0;0;0;0;0;0;0;;0;0;0;0;0;0;0;0;0;0;0;0;0;0;0;0;org.apache.bsf.utils.http.HttpScriptServlet#public#HttpScriptServlet();
\bsf-utils\src\main\java\org\apache\bsf\utils\http\HttpScriptServlet.java;org.apache.bsf.utils.http;org.apache.bsf.utils.http.HttpScriptServlet;HttpScriptServlet;1;0;0;0;0;GenericServlet;0;0;Method;getContext;1;0;0;0;0;0;0;2;1;javax.servlet.ServletException:;0;0;0;0;0;0;0;0;0;0;0;0;0;0;0;0.0;0;0;0;0;0;0;0;0;0;0;0;0;0;0;0;0;;0;0;0;0;0;0;0;0;0;0;0;0;0;0;0;0;org.apache.bsf.utils.http.HttpScriptServlet#public#getContext(HttpServletRequest#HttpServletResponse)ServletException;
\bsf-utils\src\main\java\org\apache\bsf\utils\http\HttpScriptServlet.java;org.apache.bsf.utils.http;org.apache.bsf.utils.http.HttpScriptServlet;HttpScriptServlet;1;0;0;0;0;GenericServlet;0;0;Method;getEngine;1;0;0;0;0;0;0;1;0;;0;0;0;0;0;0;0;0;0;0;0;0;0;0;0;0.0;0;0;0;0;0;0;0;0;0;0;0;0;0;0;0;0;;0;0;0;0;0;0;0;0;0;0;0;0;0;0;0;0;org.apache.bsf.utils.http.HttpScriptServlet#public#getEngine(HttpServletRequest);
\bsf-utils\src\main\java\org\apache\bsf\utils\http\HttpScriptServlet.java;org.apache.bsf.utils.http;org.apache.bsf.utils.http.HttpScriptServlet;HttpScriptServlet;1;0;0;0;0;GenericServlet;0;0;Method;releaseEngine;1;0;0;0;0;0;0;1;0;;0;0;0;0;0;0;0;0;0;0;0;0;0;0;0;0.0;0;0;0;0;0;0;0;0;0;0;0;0;0;0;0;0;;0;0;0;0;0;0;0;0;0;0;0;0;0;0;0;0;org.apache.bsf.utils.http.HttpScriptServlet#public#releaseEngine(ScriptEngine);
\bsf-utils\src\main\java\org\apache\bsf\utils\http\HttpScriptServlet.java;org.apache.bsf.utils.http;org.apache.bsf.utils.http.HttpScriptServlet;HttpScriptServlet;1;0;0;0;0;GenericServlet;0;0;Method;service;1;0;0;0;0;0;0;2;3;IllegalArgumentException:java.io.IOException:javax.servlet.ServletException:;0;0;3;9;0;0;0;0;2;1;0;0;1;1;1;1.0;0;0;0;0;0;0;0;0;0;0;0;0;0;0;1;0;javax.script.ScriptException;1;0;1;0;0;1;0;0;0;0;0;0;0;0;2;0;org.apache.bsf.utils.http.HttpScriptServlet#public#service(ServletRequest#ServletResponse)IllegalArgumentException#IOException#ServletException;
\bsf-api\src\main\java\javax\script\AbstractScriptEngine.java;javax.script;javax.script.AbstractScriptEngine;AbstractScriptEngine;1;0;0;0;0;null;1;1;Constructor;AbstractScriptEngine;1;0;0;0;0;0;0;0;0;;0;0;0;0;0;0;0;0;0;0;0;0;0;0;0;0.0;0;0;0;0;0;0;0;0;0;0;0;0;0;0;0;0;;0;0;0;0;0;0;0;0;0;0;0;0;0;0;0;0;javax.script.AbstractScriptEngine#public#AbstractScriptEngine();
\bsf-api\src\main\java\javax\script\AbstractScriptEngine.java;javax.script;javax.script.AbstractScriptEngine;AbstractScriptEngine;1;0;0;0;0;null;1;1;Constructor;AbstractScriptEngine;1;0;0;0;0;0;0;1;0;;0;0;0;1;0;0;0;0;1;0;0;0;0;0;0;0.0;0;0;0;0;0;0;0;0;0;0;0;0;0;0;0;0;;0;0;0;0;0;0;0;0;0;0;0;0;0;0;0;0;javax.script.AbstractScriptEngine#public#AbstractScriptEngine(Bindings);
\bsf-api\src\main\java\javax\script\AbstractScriptEngine.java;javax.script;javax.script.AbstractScriptEngine;AbstractScriptEngine;1;0;0;0;0;null;1;1;Method;eval;1;0;0;0;0;0;0;1;1;ScriptException:;0;0;0;0;0;0;0;0;0;0;0;0;0;0;0;0.0;0;0;0;0;0;0;0;0;0;0;0;0;0;0;0;0;;0;0;0;0;0;0;0;0;0;0;0;0;0;0;0;0;javax.script.AbstractScriptEngine#public#eval(Reader)ScriptException;
\bsf-api\src\main\java\javax\script\AbstractScriptEngine.java;javax.script;javax.script.AbstractScriptEngine;AbstractScriptEngine;1;0;0;0;0;null;1;1;Method;eval;1;0;0;0;0;0;0;2;1;ScriptException:;0;0;0;0;0;0;0;0;0;0;0;0;0;0;0;0.0;0;0;0;0;0;0;0;0;0;0;0;0;0;0;0;0;;0;0;0;0;0;0;0;0;0;0;0;0;0;0;0;0;javax.script.AbstractScriptEngine#public#eval(Reader#Bindings)ScriptException;
\bsf-api\src\main\java\javax\script\AbstractScriptEngine.java;javax.script;javax.script.AbstractScriptEngine;AbstractScriptEngine;1;0;0;0;0;null;1;1;Method;eval;1;0;0;0;0;0;0;1;1;ScriptException:;0;0;0;0;0;0;0;0;0;0;0;0;0;0;0;0.0;0;0;0;0;0;0;0;0;0;0;0;0;0;0;0;0;;0;0;0;0;0;0;0;0;0;0;0;0;0;0;0;0;javax.script.AbstractScriptEngine#public#eval(String)ScriptException;
\bsf-api\src\main\java\javax\script\AbstractScriptEngine.java;javax.script;javax.script.AbstractScriptEngine;AbstractScriptEngine;1;0;0;0;0;null;1;1;Method;eval;1;0;0;0;0;0;0;2;1;ScriptException:;0;0;0;0;0;0;0;0;0;0;0;0;0;0;0;0.0;0;0;0;0;0;0;0;0;0;0;0;0;0;0;0;0;;0;0;0;0;0;0;0;0;0;0;0;0;0;0;0;0;javax.script.AbstractScriptEngine#public#eval(String#Bindings)ScriptException;
\bsf-api\src\main\java\javax\script\AbstractScriptEngine.java;javax.script;javax.script.AbstractScriptEngine;AbstractScriptEngine;1;0;0;0;0;null;1;1;Method;get;1;0;0;0;0;0;0;1;0;;0;0;0;0;0;0;0;0;0;0;0;0;0;0;0;0.0;0;0;0;0;0;0;0;0;0;0;0;0;0;0;0;0;;0;0;0;0;0;0;0;0;0;0;0;0;0;0;0;0;javax.script.AbstractScriptEngine#public#get(String);
\bsf-api\src\main\java\javax\script\AbstractScriptEngine.java;javax.script;javax.script.AbstractScriptEngine;AbstractScriptEngine;1;0;0;0;0;null;1;1;Method;getBindings;1;0;0;0;0;0;0;1;0;;0;0;0;1;0;0;0;0;1;0;0;0;0;0;0;0.0;0;0;0;0;0;0;0;0;0;0;0;0;0;0;0;0;;0;0;0;0;0;0;0;0;0;0;0;0;0;0;0;0;javax.script.AbstractScriptEngine#public#getBindings(int);
\bsf-api\src\main\java\javax\script\AbstractScriptEngine.java;javax.script;javax.script.AbstractScriptEngine;AbstractScriptEngine;1;0;0;0;0;null;1;1;Method;getScriptContext;1;0;0;0;0;0;0;1;0;;0;0;0;1;0;0;0;0;1;0;0;0;0;0;0;0.0;0;0;0;0;0;0;0;0;0;0;0;0;0;0;0;0;;0;0;0;0;0;0;0;0;0;0;0;0;0;0;0;0;javax.script.AbstractScriptEngine#public#getScriptContext(Bindings);
\bsf-api\src\main\java\javax\script\AbstractScriptEngine.java;javax.script;javax.script.AbstractScriptEngine;AbstractScriptEngine;1;0;0;0;0;null;1;1;Method;put;1;0;0;0;0;0;0;2;0;;0;0;0;2;0;0;0;0;2;0;0;0;0;0;0;0.0;0;0;0;0;0;0;0;0;0;0;0;0;0;0;0;0;;0;0;0;0;0;0;0;0;0;0;0;0;0;0;0;0;javax.script.AbstractScriptEngine#public#put(String#Object);
\bsf-api\src\main\java\javax\script\AbstractScriptEngine.java;javax.script;javax.script.AbstractScriptEngine;AbstractScriptEngine;1;0;0;0;0;null;1;1;Method;setBindings;1;0;0;0;0;0;0;2;0;;0;0;0;1;0;0;0;0;1;0;0;0;0;0;0;0.0;0;0;0;0;0;0;0;0;0;0;0;0;0;0;0;0;;0;0;0;0;0;0;0;0;0;0;0;0;0;0;0;0;javax.script.AbstractScriptEngine#public#setBindings(Bindings#int);
\bsf-api\src\main\java\javax\script\AbstractScriptEngine.java;javax.script;javax.script.AbstractScriptEngine;AbstractScriptEngine;1;0;0;0;0;null;1;1;Method;getContext;1;0;0;0;0;0;0;0;0;;0;0;0;0;0;0;0;0;0;0;0;0;0;0;0;0.0;0;0;0;0;0;0;0;0;0;0;0;0;0;0;0;0;;0;0;0;0;0;0;0;0;0;0;0;0;0;0;0;0;javax.script.AbstractScriptEngine#public#getContext();
\bsf-api\src\main\java\javax\script\AbstractScriptEngine.java;javax.script;javax.script.AbstractScriptEngine;AbstractScriptEngine;1;0;0;0;0;null;1;1;Method;setContext;1;0;0;0;0;0;0;1;0;;0;0;0;1;0;0;0;0;1;0;0;0;0;0;0;0.0;0;0;0;0;0;0;0;0;0;0;0;0;0;0;0;0;;0;0;0;0;0;0;0;0;0;0;0;0;0;0;0;0;javax.script.AbstractScriptEngine#public#setContext(ScriptContext);
\bsf-api\src\main\java\javax\script\ScriptException.java;javax.script;javax.script.ScriptException;ScriptException;1;0;0;0;0;Exception;0;0;Constructor;ScriptException;1;0;0;0;0;0;0;1;0;;0;0;0;0;0;0;0;0;0;0;0;0;0;0;0;0.0;0;0;0;0;0;0;0;0;0;0;0;0;0;0;0;0;;0;0;0;0;0;0;0;0;0;0;0;0;0;0;0;0;javax.script.ScriptException#public#ScriptException(Exception);
\bsf-api\src\main\java\javax\script\ScriptException.java;javax.script;javax.script.ScriptException;ScriptException;1;0;0;0;0;Exception;0;0;Constructor;ScriptException;1;0;0;0;0;0;0;1;0;;0;0;0;0;0;0;0;0;0;0;0;0;0;0;0;0.0;0;0;0;0;0;0;0;0;0;0;0;0;0;0;0;0;;0;0;0;0;0;0;0;0;0;0;0;0;0;0;0;0;javax.script.ScriptException#public#ScriptException(String);
\bsf-api\src\main\java\javax\script\ScriptException.java;javax.script;javax.script.ScriptException;ScriptException;1;0;0;0;0;Exception;0;0;Constructor;ScriptException;1;0;0;0;0;0;0;3;0;;0;0;0;0;0;0;0;0;0;0;0;0;0;0;0;0.0;0;0;0;0;0;0;0;0;0;0;0;0;0;0;0;0;;0;0;0;0;0;0;0;0;0;0;0;0;0;0;0;0;javax.script.ScriptException#public#ScriptException(String#String#int);
\bsf-api\src\main\java\javax\script\ScriptException.java;javax.script;javax.script.ScriptException;ScriptException;1;0;0;0;0;Exception;0;0;Constructor;ScriptException;1;0;0;0;0;0;0;4;0;;0;0;0;0;0;0;0;0;0;0;0;0;0;0;0;0.0;0;0;0;0;0;0;0;0;0;0;0;0;0;0;0;0;;0;0;0;0;0;0;0;0;0;0;0;0;0;0;0;0;javax.script.ScriptException#public#ScriptException(String#String#int#int);
\bsf-api\src\main\java\javax\script\ScriptException.java;javax.script;javax.script.ScriptException;ScriptException;1;0;0;0;0;Exception;0;0;Method;getFileName;1;0;0;0;0;0;0;0;0;;0;0;0;0;0;0;0;0;0;0;0;0;0;0;0;0.0;0;0;0;0;0;0;0;0;0;0;0;0;0;0;0;0;;0;0;0;0;0;0;0;0;0;0;0;0;0;0;0;0;javax.script.ScriptException#public#getFileName();
\bsf-api\src\main\java\javax\script\ScriptException.java;javax.script;javax.script.ScriptException;ScriptException;1;0;0;0;0;Exception;0;0;Method;getColumnNumber;1;0;0;0;0;0;0;0;0;;0;0;0;0;0;0;0;0;0;0;0;0;0;0;0;0.0;0;0;0;0;0;0;0;0;0;0;0;0;0;0;0;0;;0;0;0;0;0;0;0;0;0;0;0;0;0;0;0;0;javax.script.ScriptException#public#getColumnNumber();
\bsf-api\src\main\java\javax\script\ScriptException.java;javax.script;javax.script.ScriptException;ScriptException;1;0;0;0;0;Exception;0;0;Method;getLineNumber;1;0;0;0;0;0;0;0;0;;0;0;0;0;0;0;0;0;0;0;0;0;0;0;0;0.0;0;0;0;0;0;0;0;0;0;0;0;0;0;0;0;0;;0;0;0;0;0;0;0;0;0;0;0;0;0;0;0;0;javax.script.ScriptException#public#getLineNumber();
\bsf-api\src\main\java\javax\script\ScriptException.java;javax.script;javax.script.ScriptException;ScriptException;1;0;0;0;0;Exception;0;0;Method;getMessage;1;0;0;0;0;0;0;0;0;;0;0;0;3;0;0;0;0;0;0;0;0;0;0;0;0.0;0;0;0;0;0;0;0;0;0;0;0;0;0;0;0;0;;0;0;0;0;0;0;0;0;0;0;0;0;0;0;0;0;javax.script.ScriptException#public#getMessage();
\bsf-utils\src\main\java\org\apache\bsf\xml\JRubyReXMLHelper.java;org.apache.bsf.xml;org.apache.bsf.xml.JRubyReXMLHelper;JRubyReXMLHelper;1;0;0;0;0;DefaultXMLHelper;0;0;Method;toOMElement;1;0;0;0;0;0;0;1;1;javax.script.ScriptException:;0;0;0;1;0;0;0;0;1;1;0;0;1;1;1;1.0;0;0;0;0;0;0;0;0;0;0;0;0;0;0;1;0;Exception;1;0;1;0;0;0;0;0;0;0;0;0;0;0;2;0;org.apache.bsf.xml.JRubyReXMLHelper#public#toOMElement(Object)ScriptException;
\bsf-utils\src\main\java\org\apache\bsf\xml\JRubyReXMLHelper.java;org.apache.bsf.xml;org.apache.bsf.xml.JRubyReXMLHelper;JRubyReXMLHelper;1;0;0;0;0;DefaultXMLHelper;0;0;Method;toScriptXML;1;0;0;0;0;0;0;1;1;javax.script.ScriptException:;0;0;0;1;0;0;0;0;0;0;0;0;0;0;0;0.0;0;0;0;0;0;0;0;0;0;0;0;0;0;0;0;0;;0;0;0;0;0;0;0;0;0;0;0;0;0;0;0;0;org.apache.bsf.xml.JRubyReXMLHelper#public#toScriptXML(OMElement)ScriptException;
\bsf-utils\src\main\java\org\apache\bsf\xml\JRubyReXMLHelper.java;org.apache.bsf.xml;org.apache.bsf.xml.JRubyReXMLHelper;JRubyReXMLHelper;1;0;0;0;0;DefaultXMLHelper;0;0;Constructor;JRubyReXMLHelper;0;0;0;1;0;0;0;1;0;;0;0;0;0;0;0;0;0;0;0;0;0;0;0;0;0.0;0;0;0;0;0;0;0;0;0;0;0;0;0;0;0;0;;0;0;0;0;0;0;0;0;0;0;0;0;0;0;0;0;org.apache.bsf.xml.JRubyReXMLHelper##JRubyReXMLHelper(ScriptEngine);
\bsf-utils\src\main\java\org\apache\bsf\xml\JavaScriptE4XHelper.java;org.apache.bsf.xml;org.apache.bsf.xml.JavaScriptE4XHelper;JavaScriptE4XHelper;1;0;0;0;0;DefaultXMLHelper;0;0;Method;getXMLHelper;1;0;0;0;0;0;0;1;0;;0;0;0;0;0;0;0;0;0;1;0;0;1;1;1;1.0;1;0;0;0;0;0;0;0;0;0;0;0;0;0;1;0;ClassNotFoundException;0;0;0;0;0;0;0;0;0;0;0;0;0;0;0;0;org.apache.bsf.xml.JavaScriptE4XHelper#public#getXMLHelper(ScriptEngine);
\bsf-utils\src\main\java\org\apache\bsf\xml\JavaScriptE4XXmlBeansHelper.java;org.apache.bsf.xml;org.apache.bsf.xml.JavaScriptE4XXmlBeansHelper;JavaScriptE4XXmlBeansHelper;1;0;0;0;0;DefaultXMLHelper;0;0;Method;toOMElement;1;0;0;0;0;0;0;1;1;javax.script.ScriptException:;0;0;0;2;0;0;0;0;1;1;0;0;1;1;1;1.0;0;0;0;0;0;0;0;0;0;0;0;0;0;0;1;0;javax.xml.stream.XMLStreamException;1;0;1;0;0;0;0;0;0;0;0;0;0;0;2;0;org.apache.bsf.xml.JavaScriptE4XXmlBeansHelper#public#toOMElement(Object)ScriptException;
\bsf-utils\src\main\java\org\apache\bsf\xml\JavaScriptE4XXmlBeansHelper.java;org.apache.bsf.xml;org.apache.bsf.xml.JavaScriptE4XXmlBeansHelper;JavaScriptE4XXmlBeansHelper;1;0;0;0;0;DefaultXMLHelper;0;0;Method;toScriptXML;1;0;0;0;0;0;0;1;1;javax.script.ScriptException:;0;0;0;1;0;0;0;0;1;2;1;1;1;0;1;0.5;0;0;0;0;0;0;0;0;0;0;0;0;0;0;1;0;Exception;1;0;1;0;0;0;0;0;0;0;0;0;0;1;2;0;org.apache.bsf.xml.JavaScriptE4XXmlBeansHelper#public#toScriptXML(OMElement)ScriptException;
\bsf-utils\src\main\java\org\apache\bsf\xml\JavaScriptE4XXmlBeansHelper.java;org.apache.bsf.xml;org.apache.bsf.xml.JavaScriptE4XXmlBeansHelper;JavaScriptE4XXmlBeansHelper;1;0;0;0;0;DefaultXMLHelper;0;0;Constructor;JavaScriptE4XXmlBeansHelper;0;0;0;1;0;0;0;1;0;;0;0;0;0;0;0;0;0;0;1;0;0;0;0;0;0.0;0;0;0;0;0;0;0;0;0;0;0;0;0;0;0;0;;0;0;0;0;0;0;0;0;0;0;0;0;0;0;0;0;org.apache.bsf.xml.JavaScriptE4XXmlBeansHelper##JavaScriptE4XXmlBeansHelper(ScriptEngine);
\bsf-api\src\test\java\org\apache\bsf\SimpleScriptContextTest.java;org.apache.bsf;org.apache.bsf.SimpleScriptContextTest;SimpleScriptContextTest;1;0;0;1;1;TestCase;0;0;Method;setUp;1;0;0;0;0;0;1;0;0;;0;0;0;0;0;0;0;0;0;0;0;0;0;0;0;0.0;0;0;0;0;0;0;0;0;0;0;0;0;0;0;0;0;;0;0;0;0;0;0;0;0;0;0;0;0;0;0;0;0;org.apache.bsf.SimpleScriptContextTest#public#setUp();
\bsf-api\src\test\java\org\apache\bsf\SimpleScriptContextTest.java;org.apache.bsf;org.apache.bsf.SimpleScriptContextTest;SimpleScriptContextTest;1;0;0;1;1;TestCase;0;0;Method;testCtor;1;0;0;0;0;1;0;0;0;;0;0;0;0;0;0;1;0;0;0;0;0;0;0;0;0.0;0;0;0;0;0;0;0;0;0;0;0;0;0;0;0;0;;0;0;0;0;0;0;0;0;0;0;0;0;0;0;0;0;org.apache.bsf.SimpleScriptContextTest#public#testCtor();
\bsf-api\src\test\java\org\apache\bsf\SimpleScriptContextTest.java;org.apache.bsf;org.apache.bsf.SimpleScriptContextTest;SimpleScriptContextTest;1;0;0;1;1;TestCase;0;0;Method;testInvalidGetAttribute;1;0;0;0;0;1;0;0;0;;0;0;0;0;0;0;0;7;0;7;0;0;7;1;1;1.0;0;0;0;7;0;0;0;0;0;0;0;0;0;0;7;0;NullPointerException:IllegalArgumentException;0;0;0;0;0;0;0;0;0;0;0;0;0;0;0;0;org.apache.bsf.SimpleScriptContextTest#public#testInvalidGetAttribute();
\bsf-api\src\test\java\org\apache\bsf\SimpleScriptContextTest.java;org.apache.bsf;org.apache.bsf.SimpleScriptContextTest;SimpleScriptContextTest;1;0;0;1;1;TestCase;0;0;Method;testInvalidRemoveAttribute;1;0;0;0;0;1;0;0;0;;0;0;0;0;0;0;0;5;0;5;0;0;5;1;1;1.0;0;0;0;5;0;0;0;0;0;0;0;0;0;0;5;0;NullPointerException:IllegalArgumentException;0;0;0;0;0;0;0;0;0;0;0;0;0;0;0;0;org.apache.bsf.SimpleScriptContextTest#public#testInvalidRemoveAttribute();
\bsf-api\src\test\java\org\apache\bsf\SimpleScriptContextTest.java;org.apache.bsf;org.apache.bsf.SimpleScriptContextTest;SimpleScriptContextTest;1;0;0;1;1;TestCase;0;0;Method;testBindings;1;0;0;0;0;1;0;0;0;;0;0;0;0;0;0;2;2;0;2;0;0;2;1;1;1.0;0;0;0;2;0;0;0;0;0;0;0;0;0;0;2;0;IllegalArgumentException:NullPointerException;0;0;0;0;0;0;0;0;0;0;0;0;0;0;0;0;org.apache.bsf.SimpleScriptContextTest#public#testBindings();
\bsf-api\src\test\java\org\apache\bsf\SimpleScriptContextTest.java;org.apache.bsf;org.apache.bsf.SimpleScriptContextTest;SimpleScriptContextTest;1;0;0;1;1;TestCase;0;0;Method;testScopes;1;0;0;0;0;1;0;0;0;;0;0;0;0;0;0;2;1;0;1;0;0;1;1;1;1.0;0;0;0;1;0;0;0;0;0;0;0;0;0;0;1;0;UnsupportedOperationException;0;0;0;0;0;0;0;0;0;0;0;0;0;0;0;0;org.apache.bsf.SimpleScriptContextTest#public#testScopes();
\testing\javascript\src\test\java\org\apache\bsf\testing\javascript\JavaScriptTestcase.java;org.apache.bsf.testing.javascript;org.apache.bsf.testing.javascript.JavaScriptTestcase;JavaScriptTestcase;1;0;0;1;1;TestCase;0;0;Method;testEval;1;0;0;0;0;1;0;0;1;javax.script.ScriptException:;0;0;0;0;0;0;3;0;0;0;0;0;0;0;0;0.0;0;0;0;0;0;0;0;0;0;0;0;0;0;0;0;0;;0;0;0;0;0;0;0;0;0;0;0;0;0;0;0;0;org.apache.bsf.testing.javascript.JavaScriptTestcase#public#testEval()ScriptException;
\testing\javascript\src\test\java\org\apache\bsf\testing\javascript\JavaScriptTestcase.java;org.apache.bsf.testing.javascript;org.apache.bsf.testing.javascript.JavaScriptTestcase;JavaScriptTestcase;1;0;0;1;1;TestCase;0;0;Method;testInvokeFunction;1;0;0;0;0;1;0;0;2;javax.script.ScriptException:NoSuchMethodException:;0;0;0;0;0;0;3;0;0;0;0;0;0;0;0;0.0;0;0;0;0;0;0;0;0;0;0;0;0;0;0;0;0;;0;0;0;0;0;0;0;0;0;0;0;0;0;0;0;0;org.apache.bsf.testing.javascript.JavaScriptTestcase#public#testInvokeFunction()ScriptException#NoSuchMethodException;
\testing\javascript\src\test\java\org\apache\bsf\testing\javascript\JavaScriptTestcase.java;org.apache.bsf.testing.javascript;org.apache.bsf.testing.javascript.JavaScriptTestcase;JavaScriptTestcase;1;0;0;1;1;TestCase;0;0;Method;testInvokeMethod;1;0;0;0;0;1;0;0;2;javax.script.ScriptException:NoSuchMethodException:;0;0;0;0;0;0;3;0;0;0;0;0;0;0;0;0.0;0;0;0;0;0;0;0;0;0;0;0;0;0;0;0;0;;0;0;0;0;0;0;0;0;0;0;0;0;0;0;0;0;org.apache.bsf.testing.javascript.JavaScriptTestcase#public#testInvokeMethod()ScriptException#NoSuchMethodException;
\bsf-utils\src\main\java\org\apache\bsf\utils\http\GenericHttpScriptContext.java;org.apache.bsf.utils.http;org.apache.bsf.utils.http.GenericHttpScriptContext;GenericHttpScriptContext;1;0;0;0;0;SimpleScriptContext;1;0;Constructor;GenericHttpScriptContext;1;0;0;0;0;0;0;0;0;;0;0;0;0;0;0;0;0;0;0;0;0;0;0;0;0.0;0;0;0;0;0;0;0;0;0;0;0;0;0;0;0;0;;0;0;0;0;0;0;0;0;0;0;0;0;0;0;0;0;org.apache.bsf.utils.http.GenericHttpScriptContext#public#GenericHttpScriptContext();
\bsf-utils\src\main\java\org\apache\bsf\utils\http\GenericHttpScriptContext.java;org.apache.bsf.utils.http;org.apache.bsf.utils.http.GenericHttpScriptContext;GenericHttpScriptContext;1;0;0;0;0;SimpleScriptContext;1;0;Method;disableScript;1;0;0;0;0;0;0;0;0;;0;0;0;0;0;0;0;0;0;0;0;0;0;0;0;0.0;0;0;0;0;0;0;0;0;0;0;0;0;0;0;0;0;;0;0;0;0;0;0;0;0;0;0;0;0;0;0;0;0;org.apache.bsf.utils.http.GenericHttpScriptContext#public#disableScript();
\bsf-utils\src\main\java\org\apache\bsf\utils\http\GenericHttpScriptContext.java;org.apache.bsf.utils.http;org.apache.bsf.utils.http.GenericHttpScriptContext;GenericHttpScriptContext;1;0;0;0;0;SimpleScriptContext;1;0;Method;displayResults;1;0;0;0;0;0;0;0;0;;0;0;0;0;0;0;0;0;0;0;0;0;0;0;0;0.0;0;0;0;0;0;0;0;0;0;0;0;0;0;0;0;0;;0;0;0;0;0;0;0;0;0;0;0;0;0;0;0;0;org.apache.bsf.utils.http.GenericHttpScriptContext#public#displayResults();
\bsf-utils\src\main\java\org\apache\bsf\utils\http\GenericHttpScriptContext.java;org.apache.bsf.utils.http;org.apache.bsf.utils.http.GenericHttpScriptContext;GenericHttpScriptContext;1;0;0;0;0;SimpleScriptContext;1;0;Method;getAllowedLanguages;1;0;0;0;0;0;0;0;0;;0;0;0;0;0;0;0;0;0;0;0;0;0;0;0;0.0;0;0;0;0;0;0;0;0;0;0;0;0;0;0;0;0;;0;0;0;0;0;0;0;0;0;0;0;0;0;0;0;0;org.apache.bsf.utils.http.GenericHttpScriptContext#public#getAllowedLanguages();
\bsf-utils\src\main\java\org\apache\bsf\utils\http\GenericHttpScriptContext.java;org.apache.bsf.utils.http;org.apache.bsf.utils.http.GenericHttpScriptContext;GenericHttpScriptContext;1;0;0;0;0;SimpleScriptContext;1;0;Method;getAttribute;1;0;0;0;0;0;0;3;0;;0;0;0;1;1;0;0;0;0;0;0;0;0;0;0;0.0;0;0;0;0;0;0;0;0;0;0;0;0;0;0;0;0;;0;0;0;0;0;0;0;0;0;0;0;0;0;0;0;0;org.apache.bsf.utils.http.GenericHttpScriptContext#public#getAttribute(String#Object#int);
\bsf-utils\src\main\java\org\apache\bsf\utils\http\GenericHttpScriptContext.java;org.apache.bsf.utils.http;org.apache.bsf.utils.http.GenericHttpScriptContext;GenericHttpScriptContext;1;0;0;0;0;SimpleScriptContext;1;0;Method;setAttribute;1;0;0;0;0;0;0;3;1;IllegalArgumentException:;0;0;0;1;1;0;0;0;2;0;0;0;0;0;0;0.0;0;0;0;0;0;0;0;0;0;0;0;0;0;0;0;0;;0;0;0;0;0;0;0;0;0;0;0;0;0;0;0;0;org.apache.bsf.utils.http.GenericHttpScriptContext#public#setAttribute(String#Object#int)IllegalArgumentException;
\bsf-utils\src\main\java\org\apache\bsf\utils\http\GenericHttpScriptContext.java;org.apache.bsf.utils.http;org.apache.bsf.utils.http.GenericHttpScriptContext;GenericHttpScriptContext;1;0;0;0;0;SimpleScriptContext;1;0;Method;forward;1;0;0;0;0;0;0;1;2;javax.servlet.ServletException:java.io.IOException:;0;0;0;1;0;0;0;0;0;0;0;0;0;0;0;0.0;0;0;0;0;0;0;0;0;0;0;0;0;0;0;0;0;;0;0;0;0;0;0;0;0;0;0;0;0;0;0;0;0;org.apache.bsf.utils.http.GenericHttpScriptContext#public#forward(String)ServletException#IOException;
\bsf-utils\src\main\java\org\apache\bsf\utils\http\GenericHttpScriptContext.java;org.apache.bsf.utils.http;org.apache.bsf.utils.http.GenericHttpScriptContext;GenericHttpScriptContext;1;0;0;0;0;SimpleScriptContext;1;0;Method;getMethods;1;0;0;0;0;0;0;0;0;;0;0;0;0;0;0;0;0;0;0;0;0;0;0;0;0.0;0;0;0;0;0;0;0;0;0;0;0;0;0;0;0;0;;0;0;0;0;0;0;0;0;0;0;0;0;0;0;0;0;org.apache.bsf.utils.http.GenericHttpScriptContext#public#getMethods();
\bsf-utils\src\main\java\org\apache\bsf\utils\http\GenericHttpScriptContext.java;org.apache.bsf.utils.http;org.apache.bsf.utils.http.GenericHttpScriptContext;GenericHttpScriptContext;1;0;0;0;0;SimpleScriptContext;1;0;Method;getRequest;1;0;0;0;0;0;0;0;0;;0;0;0;0;0;0;0;0;0;0;0;0;0;0;0;0.0;0;0;0;0;0;0;0;0;0;0;0;0;0;0;0;0;;0;0;0;0;0;0;0;0;0;0;0;0;0;0;0;0;org.apache.bsf.utils.http.GenericHttpScriptContext#public#getRequest();
\bsf-utils\src\main\java\org\apache\bsf\utils\http\GenericHttpScriptContext.java;org.apache.bsf.utils.http;org.apache.bsf.utils.http.GenericHttpScriptContext;GenericHttpScriptContext;1;0;0;0;0;SimpleScriptContext;1;0;Method;getResponse;1;0;0;0;0;0;0;0;0;;0;0;0;0;0;0;0;0;0;0;0;0;0;0;0;0.0;0;0;0;0;0;0;0;0;0;0;0;0;0;0;0;0;;0;0;0;0;0;0;0;0;0;0;0;0;0;0;0;0;org.apache.bsf.utils.http.GenericHttpScriptContext#public#getResponse();
\bsf-utils\src\main\java\org\apache\bsf\utils\http\GenericHttpScriptContext.java;org.apache.bsf.utils.http;org.apache.bsf.utils.http.GenericHttpScriptContext;GenericHttpScriptContext;1;0;0;0;0;SimpleScriptContext;1;0;Method;getScriptSource;1;0;0;0;0;0;0;0;0;;0;0;0;2;0;0;0;0;0;1;0;0;1;1;1;1.0;0;0;0;1;0;0;0;0;0;0;0;0;0;0;1;0;java.io.IOException;0;0;0;0;0;0;0;0;0;0;0;0;0;0;0;0;org.apache.bsf.utils.http.GenericHttpScriptContext#public#getScriptSource();
\bsf-utils\src\main\java\org\apache\bsf\utils\http\GenericHttpScriptContext.java;org.apache.bsf.utils.http;org.apache.bsf.utils.http.GenericHttpScriptContext;GenericHttpScriptContext;1;0;0;0;0;SimpleScriptContext;1;0;Method;getServlet;1;0;0;0;0;0;0;0;0;;0;0;0;0;0;0;0;0;0;0;0;0;0;0;0;0.0;0;0;0;0;0;0;0;0;0;0;0;0;0;0;0;0;;0;0;0;0;0;0;0;0;0;0;0;0;0;0;0;0;org.apache.bsf.utils.http.GenericHttpScriptContext#public#getServlet();
\bsf-utils\src\main\java\org\apache\bsf\utils\http\GenericHttpScriptContext.java;org.apache.bsf.utils.http;org.apache.bsf.utils.http.GenericHttpScriptContext;GenericHttpScriptContext;1;0;0;0;0;SimpleScriptContext;1;0;Method;include;1;0;0;0;0;0;0;1;2;javax.servlet.ServletException:java.io.IOException:;0;0;0;1;0;0;0;0;0;0;0;0;0;0;0;0.0;0;0;0;0;0;0;0;0;0;0;0;0;0;0;0;0;;0;0;0;0;0;0;0;0;0;0;0;0;0;0;0;0;org.apache.bsf.utils.http.GenericHttpScriptContext#public#include(String)ServletException#IOException;
\bsf-utils\src\main\java\org\apache\bsf\utils\http\GenericHttpScriptContext.java;org.apache.bsf.utils.http;org.apache.bsf.utils.http.GenericHttpScriptContext;GenericHttpScriptContext;1;0;0;0;0;SimpleScriptContext;1;0;Method;initialize;1;0;0;0;0;0;0;3;1;javax.servlet.ServletException:;0;0;0;6;0;0;0;0;1;0;0;0;0;0;0;0.0;0;0;0;0;0;0;0;0;0;0;0;0;0;0;0;0;;0;0;0;0;0;0;0;0;0;0;0;0;0;0;0;0;org.apache.bsf.utils.http.GenericHttpScriptContext#public#initialize(Servlet#HttpServletRequest#HttpServletResponse)ServletException;
\bsf-utils\src\main\java\org\apache\bsf\utils\http\GenericHttpScriptContext.java;org.apache.bsf.utils.http;org.apache.bsf.utils.http.GenericHttpScriptContext;GenericHttpScriptContext;1;0;0;0;0;SimpleScriptContext;1;0;Method;release;1;0;0;0;0;0;0;0;0;;0;0;0;0;0;0;0;0;0;0;0;0;0;0;0;0.0;0;0;0;0;0;0;0;0;0;0;0;0;0;0;0;0;;0;0;0;0;0;0;0;0;0;0;0;0;0;0;0;0;org.apache.bsf.utils.http.GenericHttpScriptContext#public#release();
\bsf-utils\src\main\java\org\apache\bsf\utils\http\GenericHttpScriptContext.java;org.apache.bsf.utils.http;org.apache.bsf.utils.http.GenericHttpScriptContext;GenericHttpScriptContext;1;0;0;0;0;SimpleScriptContext;1;0;Method;useSession;1;0;0;0;0;0;0;0;0;;0;0;0;0;0;0;0;0;0;0;0;0;0;0;0;0.0;0;0;0;0;0;0;0;0;0;0;0;0;0;0;0;0;;0;0;0;0;0;0;0;0;0;0;0;0;0;0;0;0;org.apache.bsf.utils.http.GenericHttpScriptContext#public#useSession();
\bsf-utils\src\main\java\org\apache\bsf\utils\http\GenericHttpScriptContext.java;org.apache.bsf.utils.http;org.apache.bsf.utils.http.GenericHttpScriptContext;GenericHttpScriptContext;1;0;0;0;0;SimpleScriptContext;1;0;Method;getWriter;1;0;0;0;0;0;0;0;0;;0;0;0;0;0;0;0;0;0;1;0;0;1;1;1;1.0;0;0;1;0;0;0;0;0;0;0;0;0;0;0;1;0;java.io.IOException;0;0;0;0;0;0;0;0;0;0;0;0;0;0;0;0;org.apache.bsf.utils.http.GenericHttpScriptContext#public#getWriter();
\bsf-api\src\main\java\javax\script\CompiledScript.java;javax.script;javax.script.CompiledScript;CompiledScript;1;0;0;0;0;null;0;1;Constructor;CompiledScript;1;0;0;0;0;0;0;0;0;;0;0;0;0;0;0;0;0;0;0;0;0;0;0;0;0.0;0;0;0;0;0;0;0;0;0;0;0;0;0;0;0;0;;0;0;0;0;0;0;0;0;0;0;0;0;0;0;0;0;javax.script.CompiledScript#public#CompiledScript();
\bsf-api\src\main\java\javax\script\CompiledScript.java;javax.script;javax.script.CompiledScript;CompiledScript;1;0;0;0;0;null;0;1;Method;eval;1;0;0;0;0;0;0;0;1;ScriptException:;0;0;0;0;0;0;0;0;0;0;0;0;0;0;0;0.0;0;0;0;0;0;0;0;0;0;0;0;0;0;0;0;0;;0;0;0;0;0;0;0;0;0;0;0;0;0;0;0;0;javax.script.CompiledScript#public#eval()ScriptException;
\bsf-api\src\main\java\javax\script\CompiledScript.java;javax.script;javax.script.CompiledScript;CompiledScript;1;0;0;0;0;null;0;1;Method;eval;1;0;0;0;0;0;0;1;1;ScriptException:;0;0;0;1;0;0;0;0;0;0;0;0;0;0;0;0.0;0;0;0;0;0;0;0;0;0;0;0;0;0;0;0;0;;0;0;0;0;0;0;0;0;0;0;0;0;0;0;0;0;javax.script.CompiledScript#public#eval(Bindings)ScriptException;
\bsf-utils\src\main\java\org\apache\bsf\utils\http\ScriptEnginePool.java;org.apache.bsf.utils.http;org.apache.bsf.utils.http.ScriptEnginePool;ScriptEnginePool;1;0;0;0;0;null;0;0;Constructor;ScriptEnginePool;1;0;0;0;0;0;0;2;0;;0;0;0;1;0;0;0;0;0;0;0;0;0;0;0;0.0;0;0;0;0;0;0;0;0;0;0;0;0;0;0;0;0;;0;0;0;0;0;0;0;0;0;0;0;0;0;0;0;0;org.apache.bsf.utils.http.ScriptEnginePool#public#ScriptEnginePool(ScriptEngineFactory#int);
\bsf-utils\src\main\java\org\apache\bsf\utils\http\ScriptEnginePool.java;org.apache.bsf.utils.http;org.apache.bsf.utils.http.ScriptEnginePool;ScriptEnginePool;1;0;0;0;0;null;0;0;Constructor;ScriptEnginePool;1;0;0;0;0;0;0;1;0;;0;0;0;0;0;0;0;0;0;0;0;0;0;0;0;0.0;0;0;0;0;0;0;0;0;0;0;0;0;0;0;0;0;;0;0;0;0;0;0;0;0;0;0;0;0;0;0;0;0;org.apache.bsf.utils.http.ScriptEnginePool#public#ScriptEnginePool(ScriptEngineFactory);
\bsf-utils\src\main\java\org\apache\bsf\utils\http\ScriptEnginePool.java;org.apache.bsf.utils.http;org.apache.bsf.utils.http.ScriptEnginePool;ScriptEnginePool;1;0;0;0;0;null;0;0;Method;free;1;0;0;0;0;0;0;1;0;;0;0;0;0;0;0;0;0;0;0;0;0;0;0;0;0.0;0;0;0;0;0;0;0;0;0;0;0;0;0;0;0;0;;0;0;0;0;0;0;0;0;0;0;0;0;0;0;0;0;org.apache.bsf.utils.http.ScriptEnginePool#public#free(ScriptEngine);
\bsf-utils\src\main\java\org\apache\bsf\utils\http\ScriptEnginePool.java;org.apache.bsf.utils.http;org.apache.bsf.utils.http.ScriptEnginePool;ScriptEnginePool;1;0;0;0;0;null;0;0;Method;get;1;0;0;0;0;0;0;0;0;;0;1;0;3;0;0;0;0;0;1;0;0;1;1;1;1.0;0;0;0;1;0;0;0;0;0;0;0;0;0;0;1;0;InterruptedException;0;0;0;0;0;0;0;0;0;0;0;0;0;0;0;0;org.apache.bsf.utils.http.ScriptEnginePool#public#get();
\bsf-utils\src\main\java\org\apache\bsf\utils\http\ScriptEnginePool.java;org.apache.bsf.utils.http;org.apache.bsf.utils.http.ScriptEnginePool;ScriptEnginePool;1;0;0;0;0;null;0;0;Method;isMultithreadingSupported;1;0;0;0;0;0;0;0;0;;0;0;0;0;0;0;0;0;0;0;0;0;0;0;0;0.0;0;0;0;0;0;0;0;0;0;0;0;0;0;0;0;0;;0;0;0;0;0;0;0;0;0;0;0;0;0;0;0;0;org.apache.bsf.utils.http.ScriptEnginePool#public#isMultithreadingSupported();
\bsf-api\src\main\java\javax\script\SimpleScriptContext.java;javax.script;javax.script.SimpleScriptContext;SimpleScriptContext;1;0;0;0;0;null;1;0;Constructor;SimpleScriptContext;1;0;0;0;0;0;0;0;0;;0;0;0;0;0;0;0;0;0;0;0;0;0;0;0;0.0;0;0;0;0;0;0;0;0;0;0;0;0;0;0;0;0;;0;0;0;0;0;0;0;0;0;0;0;0;0;0;0;0;javax.script.SimpleScriptContext#public#SimpleScriptContext();
\bsf-api\src\main\java\javax\script\SimpleScriptContext.java;javax.script;javax.script.SimpleScriptContext;SimpleScriptContext;1;0;0;0;0;null;1;0;Method;checkName;1;0;0;0;0;0;0;1;0;;0;0;0;2;0;0;0;0;2;0;0;0;0;0;0;0.0;0;0;0;0;0;0;0;0;0;0;0;0;0;0;0;0;;0;0;0;0;0;0;0;0;0;0;0;0;0;0;0;0;javax.script.SimpleScriptContext#public#checkName(String);
\bsf-api\src\main\java\javax\script\SimpleScriptContext.java;javax.script;javax.script.SimpleScriptContext;SimpleScriptContext;1;0;0;0;0;null;1;0;Method;getAttribute;1;0;0;0;0;0;0;1;0;;0;0;0;2;0;0;0;0;0;0;0;0;0;0;0;0.0;0;0;0;0;0;0;0;0;0;0;0;0;0;0;0;0;;0;0;0;0;0;0;0;0;0;0;0;0;0;0;0;0;javax.script.SimpleScriptContext#public#getAttribute(String);
\bsf-api\src\main\java\javax\script\SimpleScriptContext.java;javax.script;javax.script.SimpleScriptContext;SimpleScriptContext;1;0;0;0;0;null;1;0;Method;getAttribute;1;0;0;0;0;0;0;2;0;;0;0;0;0;1;0;0;0;1;0;0;0;0;0;0;0.0;0;0;0;0;0;0;0;0;0;0;0;0;0;0;0;0;;0;0;0;0;0;0;0;0;0;0;0;0;0;0;0;0;javax.script.SimpleScriptContext#public#getAttribute(String#int);
\bsf-api\src\main\java\javax\script\SimpleScriptContext.java;javax.script;javax.script.SimpleScriptContext;SimpleScriptContext;1;0;0;0;0;null;1;0;Method;getAttributesScope;1;0;0;0;0;0;0;1;0;;0;0;0;2;0;0;0;0;0;0;0;0;0;0;0;0.0;0;0;0;0;0;0;0;0;0;0;0;0;0;0;0;0;;0;0;0;0;0;0;0;0;0;0;0;0;0;0;0;0;javax.script.SimpleScriptContext#public#getAttributesScope(String);
\bsf-api\src\main\java\javax\script\SimpleScriptContext.java;javax.script;javax.script.SimpleScriptContext;SimpleScriptContext;1;0;0;0;0;null;1;0;Method;getBindings;1;0;0;0;0;0;0;1;0;;0;0;0;0;1;0;0;0;1;0;0;0;0;0;0;0.0;0;0;0;0;0;0;0;0;0;0;0;0;0;0;0;0;;0;0;0;0;0;0;0;0;0;0;0;0;0;0;0;0;javax.script.SimpleScriptContext#public#getBindings(int);
\bsf-api\src\main\java\javax\script\SimpleScriptContext.java;javax.script;javax.script.SimpleScriptContext;SimpleScriptContext;1;0;0;0;0;null;1;0;Method;removeAttribute;1;0;0;0;0;0;0;2;0;;0;0;0;0;1;0;0;0;1;0;0;0;0;0;0;0.0;0;0;0;0;0;0;0;0;0;0;0;0;0;0;0;0;;0;0;0;0;0;0;0;0;0;0;0;0;0;0;0;0;javax.script.SimpleScriptContext#public#removeAttribute(String#int);
\bsf-api\src\main\java\javax\script\SimpleScriptContext.java;javax.script;javax.script.SimpleScriptContext;SimpleScriptContext;1;0;0;0;0;null;1;0;Method;setAttribute;1;0;0;0;0;0;0;3;0;;0;0;0;1;1;0;0;0;1;0;0;0;0;0;0;0.0;0;0;0;0;0;0;0;0;0;0;0;0;0;0;0;0;;0;0;0;0;0;0;0;0;0;0;0;0;0;0;0;0;javax.script.SimpleScriptContext#public#setAttribute(String#Object#int);
\bsf-api\src\main\java\javax\script\SimpleScriptContext.java;javax.script;javax.script.SimpleScriptContext;SimpleScriptContext;1;0;0;0;0;null;1;0;Method;setBindings;1;0;0;0;0;0;0;2;0;;0;0;0;1;1;0;0;0;2;0;0;0;0;0;0;0.0;0;0;0;0;0;0;0;0;0;0;0;0;0;0;0;0;;0;0;0;0;0;0;0;0;0;0;0;0;0;0;0;0;javax.script.SimpleScriptContext#public#setBindings(Bindings#int);
\bsf-api\src\main\java\javax\script\SimpleScriptContext.java;javax.script;javax.script.SimpleScriptContext;SimpleScriptContext;1;0;0;0;0;null;1;0;Method;getScopes;1;0;0;0;0;0;0;0;0;;0;0;0;0;0;0;0;0;0;0;0;0;0;0;0;0.0;0;0;0;0;0;0;0;0;0;0;0;0;0;0;0;0;;0;0;0;0;0;0;0;0;0;0;0;0;0;0;0;0;javax.script.SimpleScriptContext#public#getScopes();
\bsf-api\src\main\java\javax\script\SimpleScriptContext.java;javax.script;javax.script.SimpleScriptContext;SimpleScriptContext;1;0;0;0;0;null;1;0;Method;getReader;1;0;0;0;0;0;0;0;0;;0;0;0;0;0;0;0;0;0;0;0;0;0;0;0;0.0;0;0;0;0;0;0;0;0;0;0;0;0;0;0;0;0;;0;0;0;0;0;0;0;0;0;0;0;0;0;0;0;0;javax.script.SimpleScriptContext#public#getReader();
\bsf-api\src\main\java\javax\script\SimpleScriptContext.java;javax.script;javax.script.SimpleScriptContext;SimpleScriptContext;1;0;0;0;0;null;1;0;Method;setReader;1;0;0;0;0;0;0;1;0;;0;0;0;0;0;0;0;0;0;0;0;0;0;0;0;0.0;0;0;0;0;0;0;0;0;0;0;0;0;0;0;0;0;;0;0;0;0;0;0;0;0;0;0;0;0;0;0;0;0;javax.script.SimpleScriptContext#public#setReader(Reader);
\bsf-api\src\main\java\javax\script\SimpleScriptContext.java;javax.script;javax.script.SimpleScriptContext;SimpleScriptContext;1;0;0;0;0;null;1;0;Method;getWriter;1;0;0;0;0;0;0;0;0;;0;0;0;0;0;0;0;0;0;0;0;0;0;0;0;0.0;0;0;0;0;0;0;0;0;0;0;0;0;0;0;0;0;;0;0;0;0;0;0;0;0;0;0;0;0;0;0;0;0;javax.script.SimpleScriptContext#public#getWriter();
\bsf-api\src\main\java\javax\script\SimpleScriptContext.java;javax.script;javax.script.SimpleScriptContext;SimpleScriptContext;1;0;0;0;0;null;1;0;Method;setWriter;1;0;0;0;0;0;0;1;0;;0;0;0;0;0;0;0;0;0;0;0;0;0;0;0;0.0;0;0;0;0;0;0;0;0;0;0;0;0;0;0;0;0;;0;0;0;0;0;0;0;0;0;0;0;0;0;0;0;0;javax.script.SimpleScriptContext#public#setWriter(Writer);
\bsf-api\src\main\java\javax\script\SimpleScriptContext.java;javax.script;javax.script.SimpleScriptContext;SimpleScriptContext;1;0;0;0;0;null;1;0;Method;getErrorWriter;1;0;0;0;0;0;0;0;0;;0;0;0;0;0;0;0;0;0;0;0;0;0;0;0;0.0;0;0;0;0;0;0;0;0;0;0;0;0;0;0;0;0;;0;0;0;0;0;0;0;0;0;0;0;0;0;0;0;0;javax.script.SimpleScriptContext#public#getErrorWriter();
\bsf-api\src\main\java\javax\script\SimpleScriptContext.java;javax.script;javax.script.SimpleScriptContext;SimpleScriptContext;1;0;0;0;0;null;1;0;Method;setErrorWriter;1;0;0;0;0;0;0;1;0;;0;0;0;0;0;0;0;0;0;0;0;0;0;0;0;0.0;0;0;0;0;0;0;0;0;0;0;0;0;0;0;0;0;;0;0;0;0;0;0;0;0;0;0;0;0;0;0;0;0;javax.script.SimpleScriptContext#public#setErrorWriter(Writer);
\bsf-api\src\test\java\org\apache\bsf\utils\TestCompiledScript.java;org.apache.bsf.utils;org.apache.bsf.utils.TestCompiledScript;TestCompiledScript;1;0;0;0;1;CompiledScript;0;0;Constructor;TestCompiledScript;1;0;0;0;0;0;0;2;0;;0;0;0;0;0;0;0;0;0;0;0;0;0;0;0;0.0;0;0;0;0;0;0;0;0;0;0;0;0;0;0;0;0;;0;0;0;0;0;0;0;0;0;0;0;0;0;0;0;0;org.apache.bsf.utils.TestCompiledScript#public#TestCompiledScript(TestScriptEngine#String);
\bsf-api\src\test\java\org\apache\bsf\utils\TestCompiledScript.java;org.apache.bsf.utils;org.apache.bsf.utils.TestCompiledScript;TestCompiledScript;1;0;0;0;1;CompiledScript;0;0;Method;eval;1;0;0;0;0;0;1;1;1;javax.script.ScriptException:;0;0;0;0;0;0;0;0;0;0;0;0;0;0;0;0.0;0;0;0;0;0;0;0;0;0;0;0;0;0;0;0;0;;0;0;0;0;0;0;0;0;0;0;0;0;0;0;0;0;org.apache.bsf.utils.TestCompiledScript#public#eval(ScriptContext)ScriptException;
\bsf-api\src\test\java\org\apache\bsf\utils\TestCompiledScript.java;org.apache.bsf.utils;org.apache.bsf.utils.TestCompiledScript;TestCompiledScript;1;0;0;0;1;CompiledScript;0;0;Method;getEngine;1;0;0;0;0;0;1;0;0;;0;0;0;0;0;0;0;0;0;0;0;0;0;0;0;0.0;0;0;0;0;0;0;0;0;0;0;0;0;0;0;0;0;;0;0;0;0;0;0;0;0;0;0;0;0;0;0;0;0;org.apache.bsf.utils.TestCompiledScript#public#getEngine();
\bsf-api\src\test\java\org\apache\bsf\SimpleBindingsTest.java;org.apache.bsf;org.apache.bsf.SimpleBindingsTest;SimpleBindingsTest;1;0;0;1;1;TestCase;0;0;Method;setUp;1;0;0;0;0;0;1;0;0;;0;0;0;0;0;0;0;0;0;0;0;0;0;0;0;0.0;0;0;0;0;0;0;0;0;0;0;0;0;0;0;0;0;;0;0;0;0;0;0;0;0;0;0;0;0;0;0;0;0;org.apache.bsf.SimpleBindingsTest#public#setUp();
\bsf-api\src\test\java\org\apache\bsf\SimpleBindingsTest.java;org.apache.bsf;org.apache.bsf.SimpleBindingsTest;SimpleBindingsTest;1;0;0;1;1;TestCase;0;0;Method;testConstruct;1;0;0;0;0;1;0;0;0;;0;0;0;0;0;0;1;1;0;1;0;0;1;1;1;1.0;0;0;0;1;0;0;0;0;0;0;0;0;0;0;1;0;NullPointerException;0;0;0;0;0;0;0;0;0;0;0;0;0;0;0;0;org.apache.bsf.SimpleBindingsTest#public#testConstruct();
\bsf-api\src\test\java\org\apache\bsf\SimpleBindingsTest.java;org.apache.bsf;org.apache.bsf.SimpleBindingsTest;SimpleBindingsTest;1;0;0;1;1;TestCase;0;0;Method;testBadParams;1;0;0;0;0;1;0;0;0;;0;0;0;0;0;0;0;14;0;14;0;0;14;1;1;1.0;0;0;0;14;0;0;0;0;0;0;0;0;0;0;14;0;NullPointerException:IllegalArgumentException:ClassCastException;0;0;0;0;0;0;0;0;0;0;0;0;0;0;0;0;org.apache.bsf.SimpleBindingsTest#public#testBadParams();
\bsf-api\src\test\java\org\apache\bsf\SimpleBindingsTest.java;org.apache.bsf;org.apache.bsf.SimpleBindingsTest;SimpleBindingsTest;1;0;0;1;1;TestCase;0;0;Method;testValid;1;0;0;0;0;1;0;0;0;;0;0;0;0;0;0;10;0;0;0;0;0;0;0;0;0.0;0;0;0;0;0;0;0;0;0;0;0;0;0;0;0;0;;0;0;0;0;0;0;0;0;0;0;0;0;0;0;0;0;org.apache.bsf.SimpleBindingsTest#public#testValid();
\testing\e4x-1.6R7-Axiom\src\test\java\org\apache\bsf\testing\e4x\E4xAxiomTestCase.java;org.apache.bsf.testing.e4x;org.apache.bsf.testing.e4x.E4xAxiomTestCase;E4xAxiomTestCase;1;0;0;1;1;TestCase;0;0;Method;testInvokeFunctionInXML;1;0;0;0;0;1;0;0;4;javax.script.ScriptException:javax.xml.stream.XMLStreamException:javax.xml.stream.FactoryConfigurationError:NoSuchMethodException:;0;0;0;0;0;0;3;0;0;0;0;0;0;0;0;0.0;0;0;0;0;0;0;0;0;0;0;0;0;0;0;0;0;;0;0;0;0;0;0;0;0;0;0;0;0;0;0;0;0;org.apache.bsf.testing.e4x.E4xAxiomTestCase#public#testInvokeFunctionInXML()ScriptException#XMLStreamException#FactoryConfigurationError#NoSuchMethodException;
\testing\e4x-1.6R7-Axiom\src\test\java\org\apache\bsf\testing\e4x\E4xAxiomTestCase.java;org.apache.bsf.testing.e4x;org.apache.bsf.testing.e4x.E4xAxiomTestCase;E4xAxiomTestCase;1;0;0;1;1;TestCase;0;0;Method;testInvokeFunctionOutXML;1;0;0;0;0;1;0;0;4;javax.script.ScriptException:javax.xml.stream.XMLStreamException:javax.xml.stream.FactoryConfigurationError:NoSuchMethodException:;0;0;0;0;0;0;2;0;0;0;0;0;0;0;0;0.0;0;0;0;0;0;0;0;0;0;0;0;0;0;0;0;0;;0;0;0;0;0;0;0;0;0;0;0;0;0;0;0;0;org.apache.bsf.testing.e4x.E4xAxiomTestCase#public#testInvokeFunctionOutXML()ScriptException#XMLStreamException#FactoryConfigurationError#NoSuchMethodException;
\testing\e4x-1.6R7-Axiom\src\test\java\org\apache\bsf\testing\e4x\E4xAxiomTestCase.java;org.apache.bsf.testing.e4x;org.apache.bsf.testing.e4x.E4xAxiomTestCase;E4xAxiomTestCase;1;0;0;1;1;TestCase;0;0;Method;testE4X;1;0;0;0;0;1;0;0;3;javax.script.ScriptException:javax.xml.stream.XMLStreamException:javax.xml.stream.FactoryConfigurationError:;0;0;0;0;0;0;2;0;0;0;0;0;0;0;0;0.0;0;0;0;0;0;0;0;0;0;0;0;0;0;0;0;0;;0;0;0;0;0;0;0;0;0;0;0;0;0;0;0;0;org.apache.bsf.testing.e4x.E4xAxiomTestCase#public#testE4X()ScriptException#XMLStreamException#FactoryConfigurationError;
\testing\e4x-1.6R7-Axiom\src\test\java\org\apache\bsf\testing\e4x\E4xAxiomTestCase.java;org.apache.bsf.testing.e4x;org.apache.bsf.testing.e4x.E4xAxiomTestCase;E4xAxiomTestCase;1;0;0;1;1;TestCase;0;0;Method;createOMElement;1;0;0;0;0;0;1;1;2;javax.xml.stream.XMLStreamException:javax.xml.stream.FactoryConfigurationError:;0;0;0;0;0;0;0;0;0;0;0;0;0;0;0;0.0;0;0;0;0;0;0;0;0;0;0;0;0;0;0;0;0;;0;0;0;0;0;0;0;0;0;0;0;0;0;0;0;0;org.apache.bsf.testing.e4x.E4xAxiomTestCase#public#createOMElement(String)XMLStreamException#FactoryConfigurationError;
\testing\e4x-1.6R7-Axiom\src\test\java\org\apache\bsf\testing\e4x\E4xAxiomTestCase.java;org.apache.bsf.testing.e4x;org.apache.bsf.testing.e4x.E4xAxiomTestCase;E4xAxiomTestCase;1;0;0;1;1;TestCase;0;0;Method;setUp;1;0;0;0;0;0;1;0;0;;0;0;0;0;0;0;1;0;0;0;0;0;0;0;0;0.0;0;0;0;0;0;0;0;0;0;0;0;0;0;0;0;0;;0;0;0;0;0;0;0;0;0;0;0;0;0;0;0;0;org.apache.bsf.testing.e4x.E4xAxiomTestCase#public#setUp();
\bsf-api\src\test\java\org\apache\bsf\ScriptExceptionTest.java;org.apache.bsf;org.apache.bsf.ScriptExceptionTest;ScriptExceptionTest;1;0;0;1;1;TestCase;0;0;Method;testException1;1;0;0;0;0;1;0;0;0;;0;0;0;0;0;0;3;0;1;1;0;0;1;1;1;1.0;0;0;0;0;0;0;0;0;0;0;0;1;0;0;1;0;javax.script.ScriptException;0;0;0;0;0;0;0;0;0;0;0;0;0;1;0;0;org.apache.bsf.ScriptExceptionTest#public#testException1();
\bsf-api\src\test\java\org\apache\bsf\ScriptExceptionTest.java;org.apache.bsf;org.apache.bsf.ScriptExceptionTest;ScriptExceptionTest;1;0;0;1;1;TestCase;0;0;Method;testException2;1;0;0;0;0;1;0;0;0;;0;0;0;0;0;0;3;0;1;1;0;0;1;1;1;1.0;0;0;0;0;0;0;0;0;0;0;0;1;0;0;1;0;javax.script.ScriptException;0;0;0;0;0;0;0;0;0;0;0;0;0;1;0;0;org.apache.bsf.ScriptExceptionTest#public#testException2();
\bsf-api\src\test\java\org\apache\bsf\ScriptExceptionTest.java;org.apache.bsf;org.apache.bsf.ScriptExceptionTest;ScriptExceptionTest;1;0;0;1;1;TestCase;0;0;Method;testException3;1;0;0;0;0;1;0;0;0;;0;0;0;0;0;0;6;0;1;1;0;0;1;1;1;1.0;0;0;0;0;0;0;0;0;0;0;0;1;0;0;1;0;javax.script.ScriptException;0;0;0;0;0;0;0;0;0;0;0;0;0;1;0;0;org.apache.bsf.ScriptExceptionTest#public#testException3();
\bsf-api\src\test\java\org\apache\bsf\ScriptExceptionTest.java;org.apache.bsf;org.apache.bsf.ScriptExceptionTest;ScriptExceptionTest;1;0;0;1;1;TestCase;0;0;Method;testException4;1;0;0;0;0;1;0;0;0;;0;0;0;0;0;0;7;0;1;1;0;0;1;1;1;1.0;0;0;0;0;0;0;0;0;0;0;0;1;0;0;1;0;javax.script.ScriptException;0;0;0;0;0;0;0;0;0;0;0;0;0;1;0;0;org.apache.bsf.ScriptExceptionTest#public#testException4();
\bsf-api\src\test\java\org\apache\bsf\ScriptExceptionTest.java;org.apache.bsf;org.apache.bsf.ScriptExceptionTest;ScriptExceptionTest;1;0;0;1;1;TestCase;0;0;Method;testBSF29;1;0;0;0;0;1;0;0;0;;0;0;0;0;0;0;1;0;0;0;0;0;0;0;0;0.0;0;0;0;0;0;0;0;0;0;0;0;0;0;0;0;0;;0;0;0;0;0;0;0;0;0;0;0;0;0;0;0;0;org.apache.bsf.ScriptExceptionTest#public#testBSF29();
\bsf-utils\src\main\java\org\apache\bsf\xml\XMLHelper.java;org.apache.bsf.xml;org.apache.bsf.xml.XMLHelper;XMLHelper;1;0;0;0;0;null;0;1;Method;getArgHelper;1;0;0;0;0;0;0;1;0;;0;0;0;3;0;0;0;0;0;0;0;0;0;0;0;0.0;0;0;0;0;0;0;0;0;0;0;0;0;0;0;0;0;;0;0;0;0;0;0;0;0;0;0;0;0;0;0;0;0;org.apache.bsf.xml.XMLHelper#public#getArgHelper(ScriptEngine);
\bsf-utils\src\main\java\org\apache\bsf\xml\DefaultXMLHelper.java;org.apache.bsf.xml;org.apache.bsf.xml.DefaultXMLHelper;DefaultXMLHelper;1;0;0;0;0;XMLHelper;0;0;Method;toOMElement;1;0;0;0;0;0;0;1;1;javax.script.ScriptException:;0;0;0;0;0;0;0;0;1;1;0;0;1;1;1;1.0;0;0;0;0;0;0;0;0;0;0;0;0;0;0;1;0;javax.xml.stream.XMLStreamException;1;0;1;0;0;0;0;0;0;0;0;0;0;0;2;0;org.apache.bsf.xml.DefaultXMLHelper#public#toOMElement(Object)ScriptException;
\bsf-utils\src\main\java\org\apache\bsf\xml\DefaultXMLHelper.java;org.apache.bsf.xml;org.apache.bsf.xml.DefaultXMLHelper;DefaultXMLHelper;1;0;0;0;0;XMLHelper;0;0;Method;toScriptXML;1;0;0;0;0;0;0;1;1;javax.script.ScriptException:;0;0;0;0;0;0;0;0;0;0;0;0;0;0;0;0.0;0;0;0;0;0;0;0;0;0;0;0;0;0;0;0;0;;0;0;0;0;0;0;0;0;0;0;0;0;0;0;0;0;org.apache.bsf.xml.DefaultXMLHelper#public#toScriptXML(OMElement)ScriptException;
\bsf-utils\src\main\java\org\apache\bsf\xml\DefaultXMLHelper.java;org.apache.bsf.xml;org.apache.bsf.xml.DefaultXMLHelper;DefaultXMLHelper;1;0;0;0;0;XMLHelper;0;0;Method;toDOMNode;1;0;0;0;0;0;0;1;1;javax.script.ScriptException:;0;0;0;0;0;0;0;0;1;0;0;0;0;0;0;0.0;0;0;0;0;0;0;0;0;0;0;0;0;0;0;0;0;;0;0;0;0;0;0;0;0;0;0;0;0;0;0;0;0;org.apache.bsf.xml.DefaultXMLHelper#public#toDOMNode(Object)ScriptException;
\bsf-utils\src\main\java\org\apache\bsf\xml\DefaultXMLHelper.java;org.apache.bsf.xml;org.apache.bsf.xml.DefaultXMLHelper;DefaultXMLHelper;1;0;0;0;0;XMLHelper;0;0;Method;toScriptXML;1;0;0;0;0;0;0;1;1;javax.script.ScriptException:;0;0;0;0;0;0;0;0;1;0;0;0;0;0;0;0.0;0;0;0;0;0;0;0;0;0;0;0;0;0;0;0;0;;0;0;0;0;0;0;0;0;0;0;0;0;0;0;0;0;org.apache.bsf.xml.DefaultXMLHelper#public#toScriptXML(XMLStreamReader)ScriptException;
\bsf-utils\src\main\java\org\apache\bsf\xml\DefaultXMLHelper.java;org.apache.bsf.xml;org.apache.bsf.xml.DefaultXMLHelper;DefaultXMLHelper;1;0;0;0;0;XMLHelper;0;0;Method;toScriptXML;1;0;0;0;0;0;0;1;1;javax.script.ScriptException:;0;0;0;0;0;0;0;0;1;0;0;0;0;0;0;0.0;0;0;0;0;0;0;0;0;0;0;0;0;0;0;0;0;;0;0;0;0;0;0;0;0;0;0;0;0;0;0;0;0;org.apache.bsf.xml.DefaultXMLHelper#public#toScriptXML(Node)ScriptException;
\bsf-utils\src\main\java\org\apache\bsf\xml\DefaultXMLHelper.java;org.apache.bsf.xml;org.apache.bsf.xml.DefaultXMLHelper;DefaultXMLHelper;1;0;0;0;0;XMLHelper;0;0;Method;toXMLStreamReader;1;0;0;0;0;0;0;1;1;javax.script.ScriptException:;0;0;0;0;0;0;0;0;1;0;0;0;0;0;0;0.0;0;0;0;0;0;0;0;0;0;0;0;0;0;0;0;0;;0;0;0;0;0;0;0;0;0;0;0;0;0;0;0;0;org.apache.bsf.xml.DefaultXMLHelper#public#toXMLStreamReader(Object)ScriptException;
