filename;package;fullname;name;isClass;isInterface;isEnum;extends_TestCase;inTestCaseFolder;parentclass;#interfaces;isAbstractClass;method_type;method_name;method_isPublic;method_isProtected;method_isPrivate;method_isNoModifier;isOverridenMethod;isTestMethod;isHelperMethodInTestClass;#method_arguments;#method_exceptions_list;method_exceptions;#do_statements;#while_statements;#for_statements;#if_statements;#switch_statements;#empty_blocks;#assert_statements;#fail_statements;#throw;#try_blocks;#try_with_nested_try;#big_try_nested;#catches;catches_min;catches_max;catches_avg;#catches_return_statement;#catches_return_expression;#catches_return_null;#catches_empty;#catches_empty_withcomments;#catches_system_exit;#catches_system_ouputerrconsole;#catches_callprintstacktrace;#catches_with_decision_loop_structures;#catches_with_decision_structures;#catches_with_loop_structures;#catches_with_asserts;#catches_with_fail;#catches_with_nested_try;#catches_1_param;#catches_n_param;catch_exceptions;#catches_throws_new;#catches_throws_newSameDesc;#catches_throws_newDiffDesc;#catches_throws_same;#catches_throws_different;#finally;#finally_with_decision_loop_structures;#finally_with_decision_structures;#finally_with_loop_structures;#finally_with_asserts;#finally_with_fail;#finally_with_nestedtry;#finally_with_empty_blocks;#throw_inTry;#throw_inCatch;#throw_inFinally;member_signature;
\src\java\org\apache\commons\daemon\DaemonPermission.java;org.apache.commons.daemon;org.apache.commons.daemon.DaemonPermission;DaemonPermission;1;0;0;0;0;Permission;0;0;Constructor;DaemonPermission;1;0;0;0;0;0;0;1;1;IllegalArgumentException:;0;0;0;2;0;0;0;0;2;0;0;0;0;0;0;0.0;0;0;0;0;0;0;0;0;0;0;0;0;0;0;0;0;;0;0;0;0;0;0;0;0;0;0;0;0;0;0;0;0;org.apache.commons.daemon.DaemonPermission#public#DaemonPermission(String)IllegalArgumentException;
\src\java\org\apache\commons\daemon\DaemonPermission.java;org.apache.commons.daemon;org.apache.commons.daemon.DaemonPermission;DaemonPermission;1;0;0;0;0;Permission;0;0;Constructor;DaemonPermission;1;0;0;0;0;0;0;2;1;IllegalArgumentException:;0;0;0;1;0;0;0;0;0;0;0;0;0;0;0;0.0;0;0;0;0;0;0;0;0;0;0;0;0;0;0;0;0;;0;0;0;0;0;0;0;0;0;0;0;0;0;0;0;0;org.apache.commons.daemon.DaemonPermission#public#DaemonPermission(String#String)IllegalArgumentException;
\src\java\org\apache\commons\daemon\DaemonPermission.java;org.apache.commons.daemon;org.apache.commons.daemon.DaemonPermission;DaemonPermission;1;0;0;0;0;Permission;0;0;Method;getActions;1;0;0;0;0;0;0;0;0;;0;0;0;1;0;0;0;0;0;0;0;0;0;0;0;0.0;0;0;0;0;0;0;0;0;0;0;0;0;0;0;0;0;;0;0;0;0;0;0;0;0;0;0;0;0;0;0;0;0;org.apache.commons.daemon.DaemonPermission#public#getActions();
\src\java\org\apache\commons\daemon\DaemonPermission.java;org.apache.commons.daemon;org.apache.commons.daemon.DaemonPermission;DaemonPermission;1;0;0;0;0;Permission;0;0;Method;hashCode;1;0;0;0;0;0;0;0;0;;0;0;0;0;0;0;0;0;0;0;0;0;0;0;0;0.0;0;0;0;0;0;0;0;0;0;0;0;0;0;0;0;0;;0;0;0;0;0;0;0;0;0;0;0;0;0;0;0;0;org.apache.commons.daemon.DaemonPermission#public#hashCode();
\src\java\org\apache\commons\daemon\DaemonPermission.java;org.apache.commons.daemon;org.apache.commons.daemon.DaemonPermission;DaemonPermission;1;0;0;0;0;Permission;0;0;Method;equals;1;0;0;0;0;0;0;1;0;;0;0;0;3;0;0;0;0;0;0;0;0;0;0;0;0.0;0;0;0;0;0;0;0;0;0;0;0;0;0;0;0;0;;0;0;0;0;0;0;0;0;0;0;0;0;0;0;0;0;org.apache.commons.daemon.DaemonPermission#public#equals(Object);
\src\java\org\apache\commons\daemon\DaemonPermission.java;org.apache.commons.daemon;org.apache.commons.daemon.DaemonPermission;DaemonPermission;1;0;0;0;0;Permission;0;0;Method;implies;1;0;0;0;0;0;0;1;0;;0;0;0;3;0;0;0;0;0;0;0;0;0;0;0;0.0;0;0;0;0;0;0;0;0;0;0;0;0;0;0;0;0;;0;0;0;0;0;0;0;0;0;0;0;0;0;0;0;0;org.apache.commons.daemon.DaemonPermission#public#implies(Permission);
\src\java\org\apache\commons\daemon\DaemonPermission.java;org.apache.commons.daemon;org.apache.commons.daemon.DaemonPermission;DaemonPermission;1;0;0;0;0;Permission;0;0;Method;toString;1;0;0;0;0;0;0;0;0;;0;0;0;0;0;0;0;0;0;0;0;0;0;0;0;0.0;0;0;0;0;0;0;0;0;0;0;0;0;0;0;0;0;;0;0;0;0;0;0;0;0;0;0;0;0;0;0;0;0;org.apache.commons.daemon.DaemonPermission#public#toString();
\src\java\org\apache\commons\daemon\DaemonPermission.java;org.apache.commons.daemon;org.apache.commons.daemon.DaemonPermission;DaemonPermission;1;0;0;0;0;Permission;0;0;Method;setupDescription;1;0;0;0;0;0;0;0;0;;0;0;0;1;1;0;0;0;0;0;0;0;0;0;0;0.0;0;0;0;0;0;0;0;0;0;0;0;0;0;0;0;0;;0;0;0;0;0;0;0;0;0;0;0;0;0;0;0;0;org.apache.commons.daemon.DaemonPermission#public#setupDescription();
\src\java\org\apache\commons\daemon\DaemonPermission.java;org.apache.commons.daemon;org.apache.commons.daemon.DaemonPermission;DaemonPermission;1;0;0;0;0;Permission;0;0;Method;createControlMask;1;0;0;0;0;0;0;1;1;IllegalArgumentException:;0;1;0;6;0;0;0;0;1;0;0;0;0;0;0;0.0;0;0;0;0;0;0;0;0;0;0;0;0;0;0;0;0;;0;0;0;0;0;0;0;0;0;0;0;0;0;0;0;0;org.apache.commons.daemon.DaemonPermission#public#createControlMask(String)IllegalArgumentException;
\src\java\org\apache\commons\daemon\DaemonPermission.java;org.apache.commons.daemon;org.apache.commons.daemon.DaemonPermission;DaemonPermission;1;0;0;0;0;Permission;0;0;Method;createControlActions;1;0;0;0;0;0;0;1;0;;0;0;0;7;0;0;0;0;0;0;0;0;0;0;0;0.0;0;0;0;0;0;0;0;0;0;0;0;0;0;0;0;0;;0;0;0;0;0;0;0;0;0;0;0;0;0;0;0;0;org.apache.commons.daemon.DaemonPermission#public#createControlActions(int);
\src\test\org\apache\commons\daemon\SimpleDaemon.java;org.apache.commons.daemon;org.apache.commons.daemon.SimpleDaemon;SimpleDaemon;1;0;0;0;1;null;2;0;Constructor;SimpleDaemon;1;0;0;0;0;0;0;0;0;;0;0;0;0;0;0;0;0;0;0;0;0;0;0;0;0.0;0;0;0;0;0;0;0;0;0;0;0;0;0;0;0;0;;0;0;0;0;0;0;0;0;0;0;0;0;0;0;0;0;org.apache.commons.daemon.SimpleDaemon#public#SimpleDaemon();
\src\test\org\apache\commons\daemon\SimpleDaemon.java;org.apache.commons.daemon;org.apache.commons.daemon.SimpleDaemon;SimpleDaemon;1;0;0;0;1;null;2;0;Method;finalize;1;0;0;0;0;0;1;0;0;;0;0;0;0;0;0;0;0;0;0;0;0;0;0;0;0.0;0;0;0;0;0;0;0;0;0;0;0;0;0;0;0;0;;0;0;0;0;0;0;0;0;0;0;0;0;0;0;0;0;org.apache.commons.daemon.SimpleDaemon#public#finalize();
\src\test\org\apache\commons\daemon\SimpleDaemon.java;org.apache.commons.daemon;org.apache.commons.daemon.SimpleDaemon;SimpleDaemon;1;0;0;0;1;null;2;0;Method;init;1;0;0;0;0;0;1;1;1;Exception:;0;0;0;2;0;0;0;0;0;0;0;0;0;0;0;0.0;0;0;0;0;0;0;0;0;0;0;0;0;0;0;0;0;;0;0;0;0;0;0;0;0;0;0;0;0;0;0;0;0;org.apache.commons.daemon.SimpleDaemon#public#init(DaemonContext)Exception;
\src\test\org\apache\commons\daemon\SimpleDaemon.java;org.apache.commons.daemon;org.apache.commons.daemon.SimpleDaemon;SimpleDaemon;1;0;0;0;1;null;2;0;Method;start;1;0;0;0;0;0;1;0;0;;0;0;0;0;0;0;0;0;0;0;0;0;0;0;0;0.0;0;0;0;0;0;0;0;0;0;0;0;0;0;0;0;0;;0;0;0;0;0;0;0;0;0;0;0;0;0;0;0;0;org.apache.commons.daemon.SimpleDaemon#public#start();
\src\test\org\apache\commons\daemon\SimpleDaemon.java;org.apache.commons.daemon;org.apache.commons.daemon.SimpleDaemon;SimpleDaemon;1;0;0;0;1;null;2;0;Method;stop;1;0;0;0;0;0;1;0;2;IOException:InterruptedException:;0;0;0;0;0;0;0;0;0;0;0;0;0;0;0;0.0;0;0;0;0;0;0;0;0;0;0;0;0;0;0;0;0;;0;0;0;0;0;0;0;0;0;0;0;0;0;0;0;0;org.apache.commons.daemon.SimpleDaemon#public#stop()IOException#InterruptedException;
\src\test\org\apache\commons\daemon\SimpleDaemon.java;org.apache.commons.daemon;org.apache.commons.daemon.SimpleDaemon;SimpleDaemon;1;0;0;0;1;null;2;0;Method;destroy;1;0;0;0;0;0;1;0;0;;0;0;0;0;0;0;0;0;0;0;0;0;0;0;0;0.0;0;0;0;0;0;0;0;0;0;0;0;0;0;0;0;0;;0;0;0;0;0;0;0;0;0;0;0;0;0;0;0;0;org.apache.commons.daemon.SimpleDaemon#public#destroy();
\src\test\org\apache\commons\daemon\SimpleDaemon.java;org.apache.commons.daemon;org.apache.commons.daemon.SimpleDaemon;SimpleDaemon;1;0;0;0;1;null;2;0;Method;run;1;0;0;0;0;0;1;0;0;;0;2;0;1;0;0;0;0;0;1;0;0;1;1;1;1.0;0;0;0;0;0;0;0;0;0;1;0;0;0;0;1;0;IOException;0;0;0;0;0;0;0;0;0;0;0;0;0;0;0;0;org.apache.commons.daemon.SimpleDaemon#public#run();
\src\test\org\apache\commons\daemon\SimpleDaemon.java;org.apache.commons.daemon;org.apache.commons.daemon.SimpleDaemon;SimpleDaemon;1;0;0;0;1;null;2;0;Method;addHandler;1;0;0;0;0;0;1;1;0;;0;0;0;0;0;0;0;0;0;0;0;0;0;0;0;0.0;0;0;0;0;0;0;0;0;0;0;0;0;0;0;0;0;;0;0;0;0;0;0;0;0;0;0;0;0;0;0;0;0;org.apache.commons.daemon.SimpleDaemon#public#addHandler(Handler);
\src\test\org\apache\commons\daemon\SimpleDaemon.java;org.apache.commons.daemon;org.apache.commons.daemon.SimpleDaemon;SimpleDaemon;1;0;0;0;1;null;2;0;Method;removeHandler;1;0;0;0;0;0;1;1;0;;0;0;0;0;0;0;0;0;0;0;0;0;0;0;0;0.0;0;0;0;0;0;0;0;0;0;0;0;0;0;0;0;0;;0;0;0;0;0;0;0;0;0;0;0;0;0;0;0;0;org.apache.commons.daemon.SimpleDaemon#public#removeHandler(Handler);
\src\test\org\apache\commons\daemon\SimpleDaemon.java;org.apache.commons.daemon;org.apache.commons.daemon.SimpleDaemon.Handler;Handler;1;0;0;0;1;null;1;0;Constructor;Handler;1;0;0;0;0;0;0;3;0;;0;0;0;0;0;0;0;0;0;0;0;0;0;0;0;0.0;0;0;0;0;0;0;0;0;0;0;0;0;0;0;0;0;;0;0;0;0;0;0;0;0;0;0;0;0;0;0;0;0;org.apache.commons.daemon.SimpleDaemon.Handler#public#Handler(Socket#SimpleDaemon#DaemonController);
\src\test\org\apache\commons\daemon\SimpleDaemon.java;org.apache.commons.daemon;org.apache.commons.daemon.SimpleDaemon.Handler;Handler;1;0;0;0;1;null;1;0;Method;run;1;0;0;0;0;0;1;0;0;;0;0;0;0;0;0;0;0;0;1;0;0;1;1;1;1.0;0;0;0;0;0;0;0;1;0;0;0;0;0;0;1;0;IOException;0;0;0;0;0;0;0;0;0;0;0;0;0;0;0;0;org.apache.commons.daemon.SimpleDaemon.Handler#public#run();
\src\test\org\apache\commons\daemon\SimpleDaemon.java;org.apache.commons.daemon;org.apache.commons.daemon.SimpleDaemon.Handler;Handler;1;0;0;0;1;null;1;0;Method;close;1;0;0;0;0;0;1;0;0;;0;0;0;0;0;0;0;0;0;1;0;0;1;1;1;1.0;0;0;0;0;0;0;0;1;0;0;0;0;0;0;1;0;IOException;0;0;0;0;0;0;0;0;0;0;0;0;0;0;0;0;org.apache.commons.daemon.SimpleDaemon.Handler#public#close();
\src\test\org\apache\commons\daemon\SimpleDaemon.java;org.apache.commons.daemon;org.apache.commons.daemon.SimpleDaemon.Handler;Handler;1;0;0;0;1;null;1;0;Method;setConnectionNumber;1;0;0;0;0;0;1;1;0;;0;0;0;0;0;0;0;0;0;0;0;0;0;0;0;0.0;0;0;0;0;0;0;0;0;0;0;0;0;0;0;0;0;;0;0;0;0;0;0;0;0;0;0;0;0;0;0;0;0;org.apache.commons.daemon.SimpleDaemon.Handler#public#setConnectionNumber(int);
\src\test\org\apache\commons\daemon\SimpleDaemon.java;org.apache.commons.daemon;org.apache.commons.daemon.SimpleDaemon.Handler;Handler;1;0;0;0;1;null;1;0;Method;getConnectionNumber;1;0;0;0;0;0;1;0;0;;0;0;0;0;0;0;0;0;0;0;0;0;0;0;0;0.0;0;0;0;0;0;0;0;0;0;0;0;0;0;0;0;0;;0;0;0;0;0;0;0;0;0;0;0;0;0;0;0;0;org.apache.commons.daemon.SimpleDaemon.Handler#public#getConnectionNumber();
\src\test\org\apache\commons\daemon\SimpleDaemon.java;org.apache.commons.daemon;org.apache.commons.daemon.SimpleDaemon.Handler;Handler;1;0;0;0;1;null;1;0;Method;setDirectoryName;1;0;0;0;0;0;1;1;0;;0;0;0;0;0;0;0;0;0;0;0;0;0;0;0;0.0;0;0;0;0;0;0;0;0;0;0;0;0;0;0;0;0;;0;0;0;0;0;0;0;0;0;0;0;0;0;0;0;0;org.apache.commons.daemon.SimpleDaemon.Handler#public#setDirectoryName(String);
\src\test\org\apache\commons\daemon\SimpleDaemon.java;org.apache.commons.daemon;org.apache.commons.daemon.SimpleDaemon.Handler;Handler;1;0;0;0;1;null;1;0;Method;getDirectoryName;1;0;0;0;0;0;1;0;0;;0;0;0;0;0;0;0;0;0;0;0;0;0;0;0;0.0;0;0;0;0;0;0;0;0;0;0;0;0;0;0;0;0;;0;0;0;0;0;0;0;0;0;0;0;0;0;0;0;0;org.apache.commons.daemon.SimpleDaemon.Handler#public#getDirectoryName();
\src\test\org\apache\commons\daemon\SimpleDaemon.java;org.apache.commons.daemon;org.apache.commons.daemon.SimpleDaemon.Handler;Handler;1;0;0;0;1;null;1;0;Method;log;1;0;0;0;0;0;1;1;1;IOException:;0;0;0;0;0;0;0;0;0;0;0;0;0;0;0;0.0;0;0;0;0;0;0;0;0;0;0;0;0;0;0;0;0;;0;0;0;0;0;0;0;0;0;0;0;0;0;0;0;0;org.apache.commons.daemon.SimpleDaemon.Handler#public#log(String)IOException;
\src\test\org\apache\commons\daemon\SimpleDaemon.java;org.apache.commons.daemon;org.apache.commons.daemon.SimpleDaemon.Handler;Handler;1;0;0;0;1;null;1;0;Method;handle;1;0;0;0;0;0;1;2;0;;0;1;0;1;1;0;0;0;0;4;1;3;4;1;1;1.0;0;1;0;0;0;0;1;3;0;0;0;0;0;0;4;0;IOException:IllegalStateException;0;0;0;0;0;0;0;0;0;0;0;0;0;0;0;0;org.apache.commons.daemon.SimpleDaemon.Handler#public#handle(InputStream#OutputStream);
\src\java\org\apache\commons\daemon\support\DaemonLoader.java;org.apache.commons.daemon.support;org.apache.commons.daemon.support.DaemonLoader;DaemonLoader;1;0;0;0;0;null;0;0;Method;version;1;0;0;0;0;0;0;0;0;;0;0;0;0;0;0;0;0;0;0;0;0;0;0;0;0.0;0;0;0;0;0;0;0;0;0;0;0;0;0;0;0;0;;0;0;0;0;0;0;0;0;0;0;0;0;0;0;0;0;org.apache.commons.daemon.support.DaemonLoader#public#version();
\src\java\org\apache\commons\daemon\support\DaemonLoader.java;org.apache.commons.daemon.support;org.apache.commons.daemon.support.DaemonLoader;DaemonLoader;1;0;0;0;0;null;0;0;Method;check;1;0;0;0;0;0;0;1;0;;0;0;0;3;0;0;0;0;2;1;0;0;1;1;1;1.0;1;0;0;0;0;0;0;1;0;0;0;0;0;0;1;0;Throwable;0;0;0;0;0;0;0;0;0;0;0;0;0;2;0;0;org.apache.commons.daemon.support.DaemonLoader#public#check(String);
\src\java\org\apache\commons\daemon\support\DaemonLoader.java;org.apache.commons.daemon.support;org.apache.commons.daemon.support.DaemonLoader;DaemonLoader;1;0;0;0;0;null;0;0;Method;load;1;0;0;0;0;0;0;2;0;;0;0;0;6;0;0;0;0;2;2;1;1;2;1;1;1.0;1;0;0;1;1;0;0;1;0;0;0;0;0;0;2;0;Throwable:Exception;0;0;0;0;0;0;0;0;0;0;0;0;0;2;0;0;org.apache.commons.daemon.support.DaemonLoader#public#load(String#String);
\src\java\org\apache\commons\daemon\support\DaemonLoader.java;org.apache.commons.daemon.support;org.apache.commons.daemon.support.DaemonLoader;DaemonLoader;1;0;0;0;0;null;0;0;Method;start;1;0;0;0;0;0;0;0;0;;0;0;0;1;0;0;0;0;0;1;0;0;1;1;1;1.0;1;0;0;0;0;0;0;1;0;0;0;0;0;0;1;0;Throwable;0;0;0;0;0;0;0;0;0;0;0;0;0;0;0;0;org.apache.commons.daemon.support.DaemonLoader#public#start();
\src\java\org\apache\commons\daemon\support\DaemonLoader.java;org.apache.commons.daemon.support;org.apache.commons.daemon.support.DaemonLoader;DaemonLoader;1;0;0;0;0;null;0;0;Method;stop;1;0;0;0;0;0;0;0;0;;0;0;0;1;0;0;0;0;0;1;0;0;1;1;1;1.0;1;0;0;0;0;0;0;1;0;0;0;0;0;0;1;0;Throwable;0;0;0;0;0;0;0;0;0;0;0;0;0;0;0;0;org.apache.commons.daemon.support.DaemonLoader#public#stop();
\src\java\org\apache\commons\daemon\support\DaemonLoader.java;org.apache.commons.daemon.support;org.apache.commons.daemon.support.DaemonLoader;DaemonLoader;1;0;0;0;0;null;0;0;Method;destroy;1;0;0;0;0;0;0;0;0;;0;0;0;0;0;0;0;0;0;1;0;0;1;1;1;1.0;1;0;0;0;0;0;0;1;0;0;0;0;0;0;1;0;Throwable;0;0;0;0;0;0;0;0;0;0;0;0;0;0;0;0;org.apache.commons.daemon.support.DaemonLoader#public#destroy();
\src\java\org\apache\commons\daemon\support\DaemonLoader.java;org.apache.commons.daemon.support;org.apache.commons.daemon.support.DaemonLoader.Context;Context;1;0;0;0;0;null;1;0;Method;getController;1;0;0;0;0;0;0;0;0;;0;0;0;0;0;0;0;0;0;0;0;0;0;0;0;0.0;0;0;0;0;0;0;0;0;0;0;0;0;0;0;0;0;;0;0;0;0;0;0;0;0;0;0;0;0;0;0;0;0;org.apache.commons.daemon.support.DaemonLoader.Context#public#getController();
\src\java\org\apache\commons\daemon\support\DaemonLoader.java;org.apache.commons.daemon.support;org.apache.commons.daemon.support.DaemonLoader.Context;Context;1;0;0;0;0;null;1;0;Method;setController;1;0;0;0;0;0;0;1;0;;0;0;0;0;0;0;0;0;0;0;0;0;0;0;0;0.0;0;0;0;0;0;0;0;0;0;0;0;0;0;0;0;0;;0;0;0;0;0;0;0;0;0;0;0;0;0;0;0;0;org.apache.commons.daemon.support.DaemonLoader.Context#public#setController(DaemonController);
\src\java\org\apache\commons\daemon\support\DaemonLoader.java;org.apache.commons.daemon.support;org.apache.commons.daemon.support.DaemonLoader.Context;Context;1;0;0;0;0;null;1;0;Method;getArguments;1;0;0;0;0;0;0;0;0;;0;0;0;0;0;0;0;0;0;0;0;0;0;0;0;0.0;0;0;0;0;0;0;0;0;0;0;0;0;0;0;0;0;;0;0;0;0;0;0;0;0;0;0;0;0;0;0;0;0;org.apache.commons.daemon.support.DaemonLoader.Context#public#getArguments();
\src\java\org\apache\commons\daemon\support\DaemonLoader.java;org.apache.commons.daemon.support;org.apache.commons.daemon.support.DaemonLoader.Context;Context;1;0;0;0;0;null;1;0;Method;setArguments;1;0;0;0;0;0;0;1;0;;0;0;0;0;0;0;0;0;0;0;0;0;0;0;0;0.0;0;0;0;0;0;0;0;0;0;0;0;0;0;0;0;0;;0;0;0;0;0;0;0;0;0;0;0;0;0;0;0;0;org.apache.commons.daemon.support.DaemonLoader.Context#public#setArguments(String[]);
